Date,360ONE.NS,ABB.NS,ABCAPITAL.NS,ADANIENSOL.NS,ADANIENT.NS,ADANIGREEN.NS,ADANIPORTS.NS,ALKEM.NS,AMBER.NS,AMBUJACEM.NS,ANGELONE.NS,APLAPOLLO.NS,APOLLOHOSP.NS,ASHOKLEY.NS,ASIANPAINT.NS,ASTRAL.NS,AUBANK.NS,AUROPHARMA.NS,AXISBANK.NS,BAJAJ-AUTO.NS,BAJAJFINSV.NS,BAJAJHLDNG.NS,BAJFINANCE.NS,BANDHANBNK.NS,BANKBARODA.NS,BANKINDIA.NS,BDL.NS,BEL.NS,BHARATFORG.NS,BHARTIARTL.NS,BHEL.NS,BIOCON.NS,BLUESTARCO.NS,BOSCHLTD.NS,BPCL.NS,BRITANNIA.NS,BSE.NS,CAMS.NS,CANBK.NS,CDSL.NS,CGPOWER.NS,CHOLAFIN.NS,CIPLA.NS,COALINDIA.NS,COFORGE.NS,COLPAL.NS,CONCOR.NS,CROMPTON.NS,CUMMINSIND.NS,DABUR.NS,DALBHARAT.NS,DELHIVERY.NS,DIVISLAB.NS,DIXON.NS,DLF.NS,DMART.NS,DRREDDY.NS,EICHERMOT.NS,ETERNAL.NS,EXIDEIND.NS,FEDERALBNK.NS,FORTIS.NS,GAIL.NS,GLENMARK.NS,GMRAIRPORT.NS,GODREJCP.NS,GODREJPROP.NS,GRASIM.NS,HAL.NS,HAVELLS.NS,HCLTECH.NS,HDFCAMC.NS,HDFCBANK.NS,HDFCLIFE.NS,HEROMOTOCO.NS,HINDALCO.NS,HINDPETRO.NS,HINDUNILVR.NS,HINDZINC.NS,HUDCO.NS,ICICIBANK.NS,ICICIGI.NS,ICICIPRULI.NS,IDEA.NS,IDFCFIRSTB.NS,IEX.NS,INDHOTEL.NS,INDIANB.NS,INDIGO.NS,INDUSINDBK.NS,INDUSTOWER.NS,INFY.NS,INOXWIND.NS,IOC.NS,IREDA.NS,IRFC.NS,ITC.NS,JINDALSTEL.NS,JIOFIN.NS,JSWENERGY.NS,JSWSTEEL.NS,JUBLFOOD.NS,KALYANKJIL.NS,KAYNES.NS,KEI.NS,KFINTECH.NS,KOTAKBANK.NS,KPITTECH.NS,LAURUSLABS.NS,LICHSGFIN.NS,LICI.NS,LODHA.NS,LT.NS,LTF.NS,LTM.NS,LUPIN.NS,M&M.NS,MANAPPURAM.NS,MANKIND.NS,MARICO.NS,MARUTI.NS,MAXHEALTH.NS,MAZDOCK.NS,MCX.NS,MFSL.NS,MOTHERSON.NS,MPHASIS.NS,MUTHOOTFIN.NS,NATIONALUM.NS,NAUKRI.NS,NBCC.NS,NESTLEIND.NS,NHPC.NS,NMDC.NS,NTPC.NS,NUVAMA.NS,NYKAA.NS,OBEROIRLTY.NS,OFSS.NS,OIL.NS,ONGC.NS,PAGEIND.NS,PATANJALI.NS,PAYTM.NS,PERSISTENT.NS,PETRONET.NS,PFC.NS,PGEL.NS,PHOENIXLTD.NS,PIDILITIND.NS,PIIND.NS,PNB.NS,PNBHOUSING.NS,POLICYBZR.NS,POLYCAB.NS,POWERGRID.NS,POWERINDIA.NS,PPLPHARMA.NS,PREMIERENE.NS,PRESTIGE.NS,RBLBANK.NS,RECLTD.NS,RELIANCE.NS,RVNL.NS,SAIL.NS,SAMMAANCAP.NS,SBICARD.NS,SBILIFE.NS,SBIN.NS,SHREECEM.NS,SHRIRAMFIN.NS,SIEMENS.NS,SOLARINDS.NS,SONACOMS.NS,SRF.NS,SUNPHARMA.NS,SUPREMEIND.NS,SUZLON.NS,SWIGGY.NS,SYNGENE.NS,TATACONSUM.NS,TATAELXSI.NS,TATAPOWER.NS,TATASTEEL.NS,TATATECH.NS,TCS.NS,TECHM.NS,TIINDIA.NS,TITAN.NS,TMPV.NS,TORNTPHARM.NS,TORNTPOWER.NS,TRENT.NS,TVSMOTOR.NS,ULTRACEMCO.NS,UNIONBANK.NS,UNITDSPR.NS,UNOMINDA.NS,UPL.NS,VBL.NS,VEDL.NS,VOLTAS.NS,WAAREEENER.NS,WIPRO.NS,YESBANK.NS,ZYDUSLIFE.NS
2025-03-24,978.75,5532.2001953125,184.58999633789065,820.25,2368.699951171875,952.9000244140624,1200.800048828125,5052.5498046875,7001.75,519.2999877929688,237.4949951171875,1535.5999755859375,6615.7998046875,106.26499938964844,2322.5,1315.4000244140625,550.0499877929688,1209.5999755859375,1097.8499755859375,8125.5498046875,1894.1500244140625,12435.5,909.0050048828124,147.3699951171875,224.47000122070312,107.63999938964844,1359.6500244140625,302.1000061035156,1201.4000244140625,1718.800048828125,217.5399932861328,349.29998779296875,2210.89990234375,28276.80078125,280.44000244140625,4796.85009765625,1551.683349609375,762.47998046875,91.31999969482422,1235.550048828125,632.9000244140625,1529.300048828125,1524.050048828125,406.0,1553.9100341796875,2426.300048828125,572.760009765625,362.2000122070313,3056.25,507.2000122070313,1744.75,259.82000732421875,5910.7001953125,14608.349609375,706.0,3905.10009765625,1210.300048828125,5424.2001953125,222.8000030517578,366.0,195.8000030517578,653.2000122070312,181.27999877929688,1492.6500244140625,77.91999816894531,1106.300048828125,2189.10009765625,2513.199951171875,4129.7998046875,1483.199951171875,1604.1500244140625,2050.22509765625,900.0,679.9000244140625,3626.35009765625,701.5,361.8999938964844,2256.199951171875,453.2999877929687,209.1100006103516,1358.1500244140625,1785.050048828125,596.8499755859375,7.340000152587891,57.88999938964844,178.07000732421875,842.0999755859375,548.0,4970.35009765625,669.4500122070312,349.04998779296875,1592.75,172.85000610351562,133.6699981689453,170.0399932861328,132.8000030517578,410.8999938964844,922.75,232.67999267578125,575.25,1061.3499755859375,658.0999755859375,489.8500061035156,5036.39990234375,2882.64990234375,1139.0999755859375,435.2300109863281,1384.550048828125,623.0,578.2999877929688,800.5499877929688,1216.75,3481.85009765625,158.57000732421875,,2119.949951171875,2774.699951171875,240.3800048828125,2372.14990234375,632.9000244140625,11922.25,1146.25,2654.800048828125,1078.5799560546875,1157.3499755859375,89.33333587646484,2482.949951171875,2352.550048828125,187.0399932861328,1420.1700439453125,85.36000061035156,1131.7750244140625,83.62000274658203,69.52999877929688,366.9500122070313,1249.31005859375,173.25,1675.050048828125,7961.14990234375,398.1000061035156,243.8300018310547,43127.0,598.7999877929688,765.4000244140625,5421.2998046875,304.20001220703125,425.5,945.0,1681.6500244140625,1411.0,3492.5,95.93000030517578,872.9500122070312,1677.550048828125,5025.4501953125,291.8500061035156,12255.150390625,219.0399932861328,921.25,1220.300048828125,175.1199951171875,444.4500122070313,1302.0999755859375,371.5499877929687,117.23999786376952,119.0,854.5,1569.800048828125,780.7999877929688,29442.650390625,682.0,3066.015625,10870.2998046875,501.9500122070313,2991.35009765625,1784.800048828125,3503.89990234375,57.90999984741211,351.45001220703125,720.0999755859375,970.4500122070312,5629.9501953125,383.2999877929687,158.4199981689453,698.7000122070312,3628.949951171875,1458.6500244140625,2854.699951171875,3079.10009765625,,3271.449951171875,1530.0999755859375,5054.7001953125,2444.699951171875,11051.2001953125,127.45999908447266,1392.5,951.75,658.4500122070312,531.0999755859375,472.25,1449.0999755859375,2431.35009765625,269.3999938964844,17.43000030517578,923.7000122070312
2025-03-25,977.7999877929688,5414.14990234375,181.5500030517578,816.5499877929688,2320.35009765625,923.4000244140624,1182.449951171875,5033.2001953125,6884.89990234375,520.5499877929688,230.14500427246097,1509.050048828125,6644.7001953125,105.0199966430664,2330.75,1288.8499755859375,557.9000244140625,1194.949951171875,1118.550048828125,8006.0,1945.050048828125,12521.5,906.7249755859376,147.77999877929688,223.07000732421875,105.95999908447266,1315.5999755859375,300.0299987792969,1186.25,1730.5,213.6000061035156,348.1499938964844,2198.5,27448.099609375,279.1099853515625,4845.2001953125,1550.550048828125,731.5499877929688,88.45999908447266,1210.4000244140625,626.9000244140625,1529.050048828125,1511.199951171875,398.2999877929687,1591.6400146484375,2378.39990234375,569.3200073242188,358.79998779296875,2962.5,509.25,1745.699951171875,257.20001220703125,5840.64990234375,13624.5,695.2000122070312,3998.800048828125,1177.9000244140625,5431.25,209.8099975585937,360.20001220703125,194.8500061035156,647.6500244140625,177.6999969482422,1480.75,75.68000030517578,1129.8499755859375,2138.39990234375,2569.449951171875,4012.449951171875,1477.25,1624.9000244140625,2056.14990234375,910.7249755859376,673.0999755859375,3627.949951171875,693.4500122070312,361.4500122070313,2271.300048828125,444.4500122070313,204.02999877929688,1343.699951171875,1779.5,592.25,7.150000095367432,57.34999847412109,175.99000549316406,828.5499877929688,543.0499877929688,5006.7001953125,637.0499877929688,339.75,1628.449951171875,168.1699981689453,131.02999877929688,169.9499969482422,129.41000366210938,409.7999877929687,908.7999877929688,227.52999877929688,555.3499755859375,1061.699951171875,668.25,469.2000122070313,4882.7001953125,2835.199951171875,1098.75,434.0,1342.8499755859375,615.1500244140625,570.5999755859375,789.4000244140625,1209.800048828125,3469.60009765625,155.0399932861328,,2068.75,2736.0,236.97999572753903,2398.050048828125,624.7999877929688,11868.900390625,1172.75,2614.5,1031.22998046875,1138.449951171875,87.63999938964844,2534.39990234375,2345.449951171875,180.6600036621093,1429.1400146484375,83.16000366210938,1127.425048828125,81.30999755859375,68.19000244140625,366.9500122070313,1237.77001953125,169.50999450683594,1631.199951171875,7963.9501953125,390.2999877929687,242.25,42925.6015625,591.5999755859375,777.4000244140625,5558.2998046875,297.5,419.25,883.75,1657.300048828125,1411.5250244140625,3441.60009765625,93.80999755859376,870.6500244140625,1609.8499755859375,5152.14990234375,291.0,12141.599609375,226.72000122070312,910.0499877929688,1222.9000244140625,175.19000244140625,442.75,1285.449951171875,370.3500061035156,114.6999969482422,112.88999938964844,859.2000122070312,1557.199951171875,772.8499755859375,29544.05078125,678.3499755859375,3004.9091796875,10772.7001953125,493.7000122070313,2945.64990234375,1764.75,3458.14990234375,57.650001525878906,337.5,714.25,970.7000122070312,5496.9501953125,377.1000061035156,156.72999572753906,698.2999877929688,3657.75,1455.5,2772.39990234375,3053.699951171875,,3245.050048828125,1492.0999755859375,5185.0498046875,2421.5,11421.2001953125,123.36000061035156,1365.550048828125,941.5499877929688,653.0,517.1500244140625,461.7999877929687,1422.050048828125,2440.949951171875,271.0,17.030000686645508,907.3499755859376
2025-03-26,959.6500244140624,5523.7001953125,181.42999267578125,803.0,2312.60009765625,912.0999755859376,1181.5999755859375,5003.2001953125,6857.14990234375,532.4500122070312,232.46499633789065,1498.050048828125,6519.7998046875,107.48999786376952,2323.14990234375,1278.8499755859375,573.75,1157.449951171875,1096.25,7977.10009765625,1943.4000244140625,12599.0498046875,886.60498046875,148.55999755859375,220.33999633789065,105.41000366210938,1326.75,299.5400085449219,1182.9000244140625,1738.550048828125,210.52000427246097,348.29998779296875,2198.5,28072.05078125,273.010009765625,4849.7001953125,1491.566650390625,736.9099731445312,87.23999786376953,1181.199951171875,635.7999877929688,1522.25,1476.199951171875,394.7999877929687,1605.43994140625,2392.85009765625,549.47998046875,360.1000061035156,3004.949951171875,508.8500061035156,1760.75,254.69000244140625,5839.2001953125,13260.400390625,680.4500122070312,3945.699951171875,1164.5999755859375,5403.2998046875,203.2899932861328,359.1000061035156,192.3099975585937,645.7000122070312,174.07000732421875,1461.800048828125,76.23999786376953,1130.300048828125,2130.699951171875,2581.60009765625,4128.2998046875,1493.0,1633.4000244140625,2035.675048828125,903.2750244140624,668.4000244140625,3645.949951171875,691.2999877929688,351.8999938964844,2245.949951171875,442.2000122070313,196.72000122070312,1335.9000244140625,1772.449951171875,588.75,7.039999961853027,57.0,177.16000366210938,808.2000122070312,542.75,5025.14990234375,655.2999877929688,339.25,1599.449951171875,159.5399932861328,129.08999633789062,162.9199981689453,128.38999938964844,407.3500061035156,899.8499755859375,222.6699981689453,553.0499877929688,1056.449951171875,660.8499755859375,474.2999877929687,4873.14990234375,2819.949951171875,1043.6500244140625,428.9800109863281,1366.6500244140625,614.7999877929688,561.1500244140625,786.8499755859375,1197.3499755859375,3444.800048828125,152.9499969482422,,2058.800048828125,2742.25,232.22000122070312,2403.699951171875,639.75,11734.2998046875,1122.550048828125,2643.14990234375,1028.3800048828125,1117.5999755859375,89.95333099365234,2515.14990234375,2313.550048828125,179.24000549316406,1408.8699951171875,81.06999969482422,1121.7249755859375,80.94000244140625,67.75,354.6499938964844,1231.280029296875,171.9499969482422,1619.699951171875,7889.0498046875,380.8999938964844,239.72000122070312,42261.1484375,595.5,776.9000244140625,5517.0,296.04998779296875,410.5,870.1500244140625,1641.550048828125,1422.699951171875,3428.050048828125,92.86000061035156,851.9500122070312,1611.1500244140625,5150.85009765625,290.8500061035156,12172.849609375,219.0,898.2000122070312,1196.5999755859375,178.92999267578125,425.6000061035156,1273.050048828125,362.2000122070313,113.29000091552734,110.22000122070312,868.5999755859375,1541.300048828125,764.0,29931.099609375,672.0,3180.510009765625,10981.400390625,496.9500122070313,2893.89990234375,1758.949951171875,3415.800048828125,57.43000030517578,323.8500061035156,720.2000122070312,959.6500244140624,5567.0,376.0,155.80999755859375,700.0999755859375,3635.800048828125,1416.300048828125,2710.699951171875,3057.5,,3219.10009765625,1499.9000244140625,5321.9501953125,2429.199951171875,11402.099609375,120.20999908447266,1361.5,934.4500122070312,652.4000244140625,527.9000244140625,464.1499938964844,1428.6500244140625,2427.10009765625,267.3999938964844,16.959999084472656,907.5
2025-03-27,971.4000244140624,5540.35009765625,185.2100067138672,872.8499755859375,2363.35009765625,959.9000244140624,1196.75,4960.14990234375,7131.2998046875,542.7999877929688,231.8249969482422,1531.0999755859375,6492.0498046875,104.26000213623048,2338.10009765625,1294.550048828125,554.4000244140625,1164.25,1098.3499755859375,7974.2998046875,2005.75,12462.5498046875,900.385009765625,148.02000427246094,230.97999572753903,107.8000030517578,1281.6500244140625,300.6499938964844,1159.1500244140625,1724.699951171875,213.97999572753903,345.54998779296875,2192.14990234375,28355.5,276.0599975585937,4841.2001953125,1561.449951171875,737.5800170898438,89.6500015258789,1187.699951171875,637.1500244140625,1531.699951171875,1482.9000244140625,396.8500061035156,1621.52001953125,2394.300048828125,560.3599853515625,354.75,3004.35009765625,512.8499755859375,1813.550048828125,252.9199981689453,5872.64990234375,13510.7998046875,688.5,4065.0,1162.199951171875,5345.75,206.27999877929688,360.04998779296875,197.5800018310547,671.7999877929688,181.5599975585937,1519.8499755859375,75.94000244140625,1144.550048828125,2126.199951171875,2618.699951171875,4160.9501953125,1515.3499755859375,1630.1500244140625,2036.6500244140625,912.6749877929688,681.9000244140625,3772.050048828125,693.3499755859375,359.54998779296875,2244.64990234375,447.8999938964844,200.17999267578125,1336.6500244140625,1794.25,591.4000244140625,6.920000076293945,56.93999862670898,178.44000244140625,790.5499877929688,552.9000244140625,5127.7998046875,673.5499877929688,338.3999938964844,1603.550048828125,158.3699951171875,130.36000061035156,161.66000366210938,124.33999633789062,409.4500122070313,916.0499877929688,225.77999877929688,548.3499755859375,1059.75,674.5999755859375,469.0499877929687,4803.64990234375,2883.25,1041.0999755859375,425.7300109863281,1334.1500244140625,617.7000122070312,569.5,801.1500244140625,1241.300048828125,3501.60009765625,155.55999755859375,,2018.800048828125,2733.0,232.8300018310547,2452.14990234375,649.0499877929688,11721.9501953125,1129.4000244140625,2695.35009765625,1049.1700439453125,1147.300048828125,87.94000244140625,2528.199951171875,2337.89990234375,178.80999755859375,1442.9200439453125,82.70999908447266,1121.0250244140625,81.27999877929688,68.55000305175781,360.6499938964844,1214.3800048828125,174.5500030517578,1643.050048828125,7866.25,386.0499877929687,242.1699981689453,43891.44921875,594.566650390625,810.0999755859375,5641.4501953125,294.1499938964844,421.0,927.0499877929688,1660.699951171875,1433.25,3482.64990234375,96.41000366210938,871.0,1647.1500244140625,5216.5498046875,295.5,12947.9501953125,218.7899932861328,948.5999755859376,1206.050048828125,176.91000366210938,433.3999938964844,1278.199951171875,354.6499938964844,113.87999725341795,109.9800033569336,870.5,1544.9000244140625,772.2999877929688,30146.44921875,678.5,3119.4033203125,10935.099609375,467.3500061035156,2946.449951171875,1731.449951171875,3460.25,57.0099983215332,335.75,719.5499877929688,973.5499877929688,5417.7998046875,383.3999938964844,155.4199981689453,687.1500244140625,3651.199951171875,1423.9000244140625,2761.89990234375,3087.64990234375,,3233.14990234375,1501.949951171875,5422.2998046875,2455.64990234375,11599.599609375,124.20999908447266,1408.0999755859375,915.9000244140624,656.4000244140625,536.2999877929688,472.3500061035156,1423.4000244140625,2435.85009765625,272.20001220703125,17.260000228881836,890.75
2025-03-28,942.6500244140624,5546.25,185.07000732421875,872.0,2315.800048828125,948.6500244140624,1182.949951171875,4881.7001953125,7210.85009765625,538.3499755859375,231.32000732421875,1525.25,6616.2001953125,102.11000061035156,2340.64990234375,1294.25,534.5999755859375,1160.5,1102.0,7878.85009765625,2007.3499755859373,12473.0498046875,894.5599975585938,146.27999877929688,228.52999877929688,107.12000274658205,1281.4000244140625,301.32000732421875,1169.1500244140625,1733.4000244140625,216.42999267578125,341.70001220703125,2136.39990234375,28358.44921875,278.4700012207031,4936.89990234375,1826.5999755859373,744.6699829101562,89.0,1220.050048828125,638.5,1519.949951171875,1442.199951171875,398.2000122070313,1621.8399658203125,2389.800048828125,553.280029296875,353.95001220703125,3051.85009765625,506.5,1821.550048828125,255.1000061035156,5775.4501953125,13179.5,680.5,4083.199951171875,1144.199951171875,5347.7001953125,201.6999969482422,360.4500122070313,192.72999572753903,698.3499755859375,183.0399932861328,1541.050048828125,75.7300033569336,1159.25,2129.60009765625,2611.14990234375,4177.4501953125,1528.9000244140625,1592.5,2006.949951171875,914.0999755859376,685.7000122070312,3722.949951171875,682.4500122070312,360.3500061035156,2258.85009765625,461.8999938964844,199.4499969482422,1348.3499755859375,1792.8499755859375,564.3499755859375,6.800000190734863,54.959999084472656,175.77000427246094,787.5499877929688,541.2999877929688,5115.35009765625,649.8499755859375,334.29998779296875,1570.6500244140625,163.0399932861328,127.6999969482422,160.58999633789062,124.41999816894533,409.75,912.2999877929688,227.5099945068359,537.9000244140625,1063.199951171875,664.3499755859375,467.25,4747.35009765625,2892.85009765625,1029.5999755859375,434.239990234375,1307.449951171875,613.4000244140625,563.8499755859375,799.4000244140625,1195.800048828125,3492.300048828125,153.22000122070312,,2027.949951171875,2665.800048828125,232.75,2424.75,651.6500244140625,11522.150390625,1096.949951171875,2643.800048828125,1062.3499755859375,1147.699951171875,87.3066635131836,2500.199951171875,2382.89990234375,175.52999877929688,1436.280029296875,81.88999938964844,1125.375,82.19999694824219,68.88999938964844,357.6000061035156,1215.1400146484375,179.0800018310547,1637.4000244140625,7850.89990234375,386.75,246.3800048828125,42693.75,602.7999877929688,783.4500122070312,5513.75,293.6000061035156,414.25,916.5999755859376,1643.300048828125,1424.6500244140625,3428.199951171875,96.12999725341795,881.5,1589.75,5147.9501953125,290.3500061035156,12653.650390625,224.75,937.9500122070312,1184.4000244140625,173.52999877929688,429.2000122070313,1275.0999755859375,351.8500061035156,115.18000030517578,107.0999984741211,881.0999755859375,1547.8499755859375,771.5,30502.94921875,656.0,3096.627685546875,11244.0,461.2000122070313,2939.14990234375,1734.699951171875,3426.25,56.65999984741211,330.20001220703125,726.2000122070312,1001.9000244140624,5214.60009765625,375.3999938964844,154.24000549316406,679.9000244140625,3606.14990234375,1418.25,2769.35009765625,3063.35009765625,,3227.949951171875,1486.8499755859375,5325.14990234375,2419.85009765625,11509.5498046875,126.18000030517578,1401.300048828125,875.5,636.25,539.6500244140625,463.3999938964844,1458.699951171875,2404.64990234375,262.25,16.8799991607666,886.4000244140625
2025-04-01,888.1500244140625,5399.14990234375,184.02999877929688,866.3499755859375,2335.25,919.1500244140624,1174.75,4835.5498046875,6879.5498046875,529.9000244140625,231.7949981689453,1529.199951171875,6632.2998046875,104.52999877929688,2316.0,1309.449951171875,529.9000244140625,1134.1500244140625,1085.5999755859375,7993.0498046875,1937.0999755859373,11911.4501953125,869.8200073242188,149.47999572753906,228.5800018310547,110.29000091552734,1245.1500244140625,292.0,1148.6500244140625,1724.1500244140625,211.69000244140625,339.1000061035156,2085.35009765625,27884.099609375,284.6000061035156,4900.7998046875,1822.0,734.25,90.0,1197.800048828125,615.0,1468.25,1444.25,397.6499938964844,1556.1600341796875,2350.5,559.760009765625,345.6000061035156,3010.10009765625,497.5,1786.449951171875,260.75,5549.7001953125,12923.900390625,663.0999755859375,4003.60009765625,1152.199951171875,5307.2001953125,202.0099945068359,364.7999877929687,192.42999267578125,688.6500244140625,186.32000732421875,1509.199951171875,77.36000061035156,1143.5999755859375,2041.449951171875,2619.0,4223.7001953125,1501.300048828125,1530.3499755859375,1988.2750244140625,883.9249877929688,692.9000244140625,3762.050048828125,663.75,361.7000122070313,2233.85009765625,453.75,206.4100036621093,1318.449951171875,1791.9000244140625,569.0499877929688,8.100000381469727,57.16999816894531,176.72999572753906,805.75,530.9500122070312,5028.0,682.7000122070312,352.45001220703125,1526.5,156.72999572753906,131.24000549316406,160.6699981689453,124.37999725341795,406.6499938964844,901.5,230.4199981689453,522.5,1056.25,660.8499755859375,458.0499877929687,4795.10009765625,2829.39990234375,1032.050048828125,429.1799926757813,1270.5999755859375,598.9000244140625,561.4500122070312,797.75,1157.199951171875,3436.800048828125,150.89999389648438,,1955.4000244140625,2637.89990234375,232.1300048828125,2458.10009765625,647.5499877929688,11481.099609375,1083.5999755859375,2578.550048828125,1045.5799560546875,1141.75,87.413330078125,2446.75,2338.800048828125,175.2899932861328,1360.97998046875,81.61000061035156,1117.0,82.13999938964844,69.7699966430664,352.1499938964844,1184.469970703125,179.8300018310547,1573.949951171875,7585.35009765625,385.4500122070313,248.07000732421875,42006.1015625,600.566650390625,801.0999755859375,5211.5498046875,297.29998779296875,404.7000122070313,901.5999755859376,1601.0999755859375,1413.2750244140625,3450.39990234375,96.23999786376952,872.8499755859375,1514.5999755859375,5102.60009765625,289.29998779296875,12280.5498046875,225.52999877929688,910.0,1137.3499755859375,176.24000549316406,416.8999938964844,1252.5999755859375,350.1000061035156,116.87999725341795,111.93000030517578,862.0999755859375,1545.25,771.7000122070312,30246.400390625,637.4500122070312,3069.97802734375,11131.599609375,461.0,2879.5,1698.3499755859375,3331.75,55.75,331.8999938964844,718.1500244140625,992.25,5069.60009765625,374.75,153.1199951171875,687.0499877929688,3550.800048828125,1395.1500244140625,2694.14990234375,2986.949951171875,,3183.89990234375,1500.300048828125,5576.75,2440.85009765625,11378.650390625,124.77999877929688,1406.1500244140625,890.1500244140625,634.75,538.75,457.3999938964844,1352.050048828125,2379.85009765625,262.6000061035156,17.329999923706055,877.5
2025-04-02,890.5499877929688,5313.14990234375,190.1600036621093,867.9000244140625,2369.39990234375,943.0499877929688,1195.449951171875,4887.7001953125,6996.0498046875,534.0499877929688,235.44000244140625,1562.199951171875,6732.14990234375,104.38500213623048,2306.64990234375,1340.6500244140625,539.5,1157.8499755859375,1084.449951171875,8072.9501953125,1930.949951171875,11515.099609375,866.9249877929688,151.52999877929688,231.52000427246097,111.5500030517578,1293.550048828125,282.3999938964844,1152.949951171875,1754.5999755859375,212.5800018310547,342.04998779296875,2111.75,28024.099609375,286.79998779296875,5037.39990234375,1884.949951171875,751.3499755859375,91.0999984741211,1221.449951171875,623.5999755859375,1460.25,1452.3499755859375,397.5,1552.31005859375,2364.60009765625,567.5599975585938,339.29998779296875,3051.550048828125,495.75,1817.1500244140625,259.0,5666.0,13450.7001953125,683.1500244140625,4121.4501953125,1150.0,5355.5,212.02999877929688,371.6000061035156,192.1100006103516,662.5999755859375,184.0599975585937,1515.449951171875,78.83999633789062,1162.6500244140625,2146.800048828125,2616.5,4234.39990234375,1510.449951171875,1527.550048828125,2037.675048828125,898.4500122070312,696.1500244140625,3783.949951171875,661.2000122070312,362.1499938964844,2237.89990234375,460.7999877929687,205.8300018310547,1331.25,1829.949951171875,563.3499755859375,8.220000267028809,57.18999862670898,177.99000549316406,830.1500244140625,529.7000122070312,5068.25,702.4500122070312,361.2999877929687,1550.1500244140625,159.97999572753906,131.30999755859375,161.4199981689453,127.4800033569336,409.0499877929687,909.5499877929688,229.77999877929688,526.25,1055.9000244140625,682.5999755859375,511.1000061035156,5036.9501953125,2879.699951171875,1042.5999755859375,430.9200134277344,1311.949951171875,609.0499877929688,565.6500244140625,810.9500122070312,1218.449951171875,3419.89990234375,151.8800048828125,,2009.699951171875,2637.550048828125,234.3000030517578,2421.89990234375,656.4500122070312,11716.099609375,1094.75,2603.949951171875,1074.5,1144.300048828125,88.14666748046875,2474.39990234375,2342.800048828125,174.2100067138672,1385.72998046875,82.88999938964844,1105.3499755859375,83.69000244140625,70.20999908447266,351.75,1151.8499755859375,179.88999938964844,1621.199951171875,7766.85009765625,392.1000061035156,250.63999938964844,42991.6015625,608.2000122070312,817.9500122070312,5317.5,298.95001220703125,415.8500061035156,916.5999755859376,1647.050048828125,1425.4749755859375,3501.60009765625,97.33999633789062,917.0499877929688,1581.75,5285.75,286.75,12433.7001953125,228.0,889.7999877929688,1177.5999755859375,171.3300018310547,424.5499877929687,1251.1500244140625,358.54998779296875,118.6999969482422,111.83999633789062,857.0,1559.8499755859375,775.9500122070312,30273.400390625,639.4000244140625,3101.0302734375,11194.9501953125,465.6499938964844,2981.60009765625,1713.6500244140625,3355.14990234375,57.43000030517578,344.6000061035156,724.1500244140625,1062.699951171875,5229.9501953125,378.25,154.69000244140625,687.8499755859375,3543.949951171875,1423.050048828125,2732.550048828125,3098.449951171875,,3207.10009765625,1509.699951171875,5682.5,2496.10009765625,11250.9501953125,127.30999755859376,1434.449951171875,881.7999877929688,654.4500122070312,546.9000244140625,457.6499938964844,1344.800048828125,2280.199951171875,263.6000061035156,17.399999618530273,891.1500244140625
2025-04-03,912.5,5327.2998046875,193.33999633789065,884.3499755859375,2410.800048828125,955.2999877929688,1199.9000244140625,4971.5498046875,6929.89990234375,540.7000122070312,246.1649932861328,1565.8499755859375,6671.35009765625,104.97000122070312,2349.39990234375,1358.3499755859375,563.4500122070312,1176.3499755859375,1089.8499755859375,7912.2001953125,1920.449951171875,11499.849609375,859.4600219726562,156.60000610351562,236.77999877929688,114.91999816894533,1343.5,287.5,1117.0999755859375,1746.0,218.67999267578125,345.75,2093.25,28013.900390625,286.79998779296875,5073.4501953125,1873.61669921875,764.6599731445312,94.37999725341795,1238.300048828125,615.9500122070312,1445.449951171875,1495.699951171875,397.0499877929687,1431.47998046875,2409.85009765625,571.5999755859375,335.54998779296875,3032.75,465.3999938964844,1857.1500244140625,263.54998779296875,5763.0,13487.9501953125,680.0499877929688,4157.7998046875,1151.449951171875,5379.14990234375,210.8999938964844,372.2000122070313,194.13999938964844,659.7000122070312,183.6300048828125,1545.25,82.69999694824219,1162.050048828125,2151.449951171875,2651.89990234375,4319.2001953125,1518.699951171875,1470.0999755859375,2021.75,897.4249877929688,692.9000244140625,3753.35009765625,652.6500244140625,362.4500122070313,2244.550048828125,459.1499938964844,209.92999267578125,1329.550048828125,1831.5,562.8499755859375,8.1899995803833,60.34999847412109,182.0500030517578,831.0499877929688,549.2000122070312,5003.60009765625,709.4000244140625,358.0,1496.5,158.55999755859375,131.05999755859375,161.50999450683594,129.16000366210938,409.3999938964844,905.2000122070312,230.4100036621093,527.1500244140625,1044.050048828125,692.7000122070312,509.1000061035156,4956.0498046875,2824.39990234375,1062.699951171875,426.5199890136719,1211.0999755859375,620.6500244140625,573.2999877929688,815.2999877929688,1217.75,3420.14990234375,153.97000122070312,,2095.699951171875,2611.449951171875,234.4100036621093,2427.699951171875,660.9500122070312,11688.099609375,1121.300048828125,2737.550048828125,1066.9200439453125,1147.800048828125,85.95999908447266,2374.050048828125,2370.25,172.66000366210938,1346.8800048828125,84.41000366210938,1122.824951171875,84.52999877929688,70.43000030517578,358.8999938964844,1204.72998046875,179.3699951171875,1591.0,7581.2998046875,386.0499877929687,243.3099975585937,43489.1484375,626.25,836.4000244140625,4793.35009765625,298.8500061035156,421.3500061035156,936.9000244140624,1630.9000244140625,1430.75,3453.35009765625,99.0,937.4000244140624,1566.300048828125,5203.75,299.1000061035156,12406.0,230.1100006103516,894.4000244140625,1188.5,175.3800048828125,425.4500122070313,1248.699951171875,359.75,118.54000091552734,116.3499984741211,850.2999877929688,1542.25,779.2000122070312,30902.0,654.1500244140625,3080.896240234375,11293.599609375,450.1499938964844,2901.199951171875,1770.0,3424.300048828125,57.4900016784668,345.1499938964844,747.1500244140625,1071.0,5194.39990234375,385.6499938964844,153.6199951171875,680.0499877929688,3403.14990234375,1369.3499755859375,2699.64990234375,3127.550048828125,,3247.699951171875,1552.0,5675.2998046875,2476.050048828125,11606.599609375,131.2899932861328,1430.1500244140625,863.7000122070312,651.25,544.5,439.5,1352.0,2233.050048828125,256.3500061035156,17.950000762939453,901.9000244140624
2025-04-04,849.3499755859375,5095.89990234375,188.2599945068359,859.4000244140625,2334.64990234375,923.7999877929688,1148.3499755859375,4828.7001953125,6595.14990234375,528.2000122070312,228.5399932861328,1519.1500244140625,6714.5498046875,102.56999969482422,2356.050048828125,1336.8499755859375,552.0999755859375,1105.3499755859375,1091.300048828125,7685.10009765625,1912.300048828125,11506.900390625,871.885009765625,153.0500030517578,234.32000732421875,111.48999786376952,1337.8499755859375,280.0,1026.050048828125,1743.449951171875,214.4499969482422,327.79998779296875,2016.0999755859373,27289.099609375,279.45001220703125,5023.39990234375,1839.1500244140625,736.6599731445312,90.38999938964844,1199.8499755859375,575.2000122070312,1453.300048828125,1415.25,385.0499877929687,1321.5799560546875,2423.35009765625,550.0,329.29998779296875,2844.949951171875,461.75,1845.449951171875,258.79998779296875,5482.85009765625,13137.5498046875,653.9500122070312,4039.89990234375,1109.949951171875,5247.89990234375,210.52999877929688,364.3999938964844,195.0,649.4500122070312,176.61000061035156,1499.8499755859375,80.73999786376953,1156.5999755859375,2067.949951171875,2616.89990234375,4239.10009765625,1469.25,1422.0999755859375,1953.1500244140625,908.6500244140624,689.0499877929688,3659.199951171875,599.9500122070312,358.3500061035156,2244.550048828125,426.9500122070313,203.47000122070312,1335.300048828125,1829.550048828125,556.7999877929688,7.909999847412109,57.810001373291016,178.52000427246094,799.3499755859375,546.0499877929688,5098.89990234375,682.0,360.5,1451.6500244140625,153.85000610351562,130.13999938964844,156.4499969482422,124.83999633789062,409.7000122070313,850.0999755859375,222.32000732421875,506.3999938964844,1005.75,679.5999755859375,487.1499938964844,4649.75,2645.10009765625,1036.0,426.3900146484375,1134.0,574.4500122070312,561.8499755859375,792.1500244140625,1180.8499755859375,3260.14990234375,153.72000122070312,,1971.050048828125,2596.550048828125,232.8300018310547,2451.199951171875,677.2999877929688,11482.0,1137.6500244140625,2542.199951171875,1005.3599853515624,1165.050048828125,79.28666687011719,2229.199951171875,2348.300048828125,157.6999969482422,1279.3199462890625,82.7300033569336,1131.074951171875,83.04000091552734,65.0199966430664,350.3999938964844,1130.97998046875,176.77999877929688,1550.5999755859375,7521.5498046875,357.75,226.0099945068359,42309.80078125,616.7833251953125,817.0499877929688,4609.9501953125,283.8999938964844,406.8500061035156,871.6500244140625,1580.300048828125,1446.0,3315.449951171875,96.61000061035156,949.4500122070312,1504.199951171875,5040.75,293.8999938964844,12120.0498046875,222.32000732421875,879.25,1127.050048828125,175.67999267578125,403.3999938964844,1204.699951171875,350.29998779296875,112.5999984741211,110.58999633789062,848.0,1512.5999755859375,767.4500122070312,30694.5,653.5999755859375,2892.821533203125,10987.099609375,421.8500061035156,2854.85009765625,1709.3499755859375,3278.60009765625,55.36000061035156,337.3500061035156,724.6500244140625,1087.8499755859375,5056.64990234375,368.9500122070313,140.38999938964844,648.7000122070312,3299.39990234375,1320.949951171875,2637.25,3076.199951171875,,3286.5,1537.050048828125,5562.85009765625,2464.949951171875,11498.650390625,122.11000061035156,1427.3499755859375,830.75,637.7000122070312,535.4500122070312,401.4500122070313,1298.0999755859375,2160.949951171875,246.3000030517578,17.190000534057617,866.9000244140625
2025-04-07,886.5499877929688,4963.5498046875,179.33999633789062,815.0499877929688,2212.699951171875,873.2999877929688,1110.6500244140625,4700.5,6151.39990234375,525.2000122070312,213.0449981689453,1440.0,6683.2998046875,98.79499816894533,2341.35009765625,1287.699951171875,541.7000122070312,1094.050048828125,1047.949951171875,7306.7998046875,1852.6500244140625,10779.599609375,856.7999877929688,144.9600067138672,229.3600006103516,105.7699966430664,1255.449951171875,272.1000061035156,951.5999755859376,1686.6500244140625,207.6999969482422,307.5,1962.199951171875,26588.25,273.70001220703125,5055.85009765625,1727.4832763671875,705.77001953125,87.0999984741211,1143.800048828125,540.5,1386.0999755859375,1384.699951171875,377.5,1268.1400146484375,2388.25,519.4000244140625,330.29998779296875,2711.25,451.3999938964844,1786.25,268.3500061035156,5258.9501953125,12556.0498046875,608.0499877929688,4023.14990234375,1087.9000244140625,5065.25,209.6300048828125,353.3999938964844,190.8099975585937,633.3499755859375,169.02999877929688,1442.199951171875,82.22000122070312,1160.0999755859375,1927.1500244140625,2509.10009765625,4008.199951171875,1456.0999755859375,1374.0999755859375,1866.050048828125,878.8499755859375,665.9500122070312,3526.89990234375,561.7999877929688,352.79998779296875,2249.39990234375,406.75,194.88999938964844,1287.550048828125,1744.4000244140625,536.9000244140625,7.360000133514404,56.4900016784668,173.8000030517578,751.9500122070312,539.4500122070312,4988.7001953125,675.9000244140625,356.0,1396.75,140.8800048828125,128.08999633789062,149.60000610351562,122.41999816894533,406.0499877929687,791.0499877929688,213.52000427246097,488.3999938964844,930.2999877929688,669.6500244140625,486.2999877929687,4439.2998046875,2509.75,996.2000122070312,407.5700073242187,1065.300048828125,561.25,543.75,767.2000122070312,1106.5999755859375,3068.5,148.57000732421875,,1923.050048828125,2491.25,225.6000061035156,2383.449951171875,662.6500244140625,11329.75,1075.5,2317.300048828125,997.9199829101562,1128.449951171875,76.25333404541016,2102.199951171875,2254.300048828125,144.69000244140625,1274.9599609375,79.45999908447266,1124.5,82.58000183105469,61.29999923706055,349.79998779296875,1065.9100341796875,171.3000030517578,1483.25,7294.14990234375,343.25,219.83999633789065,41304.44921875,591.816650390625,790.5499877929688,4573.5498046875,275.8500061035156,395.0499877929687,813.0,1548.300048828125,1424.375,3242.050048828125,94.91999816894533,923.6500244140624,1445.6500244140625,4934.60009765625,289.3999938964844,11520.849609375,216.88999938964844,843.1500244140625,1060.300048828125,169.75999450683594,384.3500061035156,1165.699951171875,335.95001220703125,104.62999725341795,102.66999816894533,812.0499877929688,1460.800048828125,746.9000244140625,29751.55078125,614.0,2812.449951171875,10645.25,406.6000061035156,2715.199951171875,1666.3499755859375,3112.39990234375,52.119998931884766,321.70001220703125,697.0999755859375,1047.3499755859375,4808.2998046875,354.8500061035156,129.47999572753906,608.4000244140625,3274.050048828125,1288.0,2578.949951171875,3022.199951171875,,3233.550048828125,1496.699951171875,4740.9501953125,2368.14990234375,11191.599609375,117.93000030517578,1403.800048828125,802.8499755859375,614.4500122070312,519.5999755859375,374.0499877929687,1294.949951171875,2092.14990234375,242.8999938964844,16.850000381469727,837.5999755859375
2025-04-08,847.7000122070312,5064.39990234375,184.02000427246097,841.1500244140625,2285.699951171875,875.7999877929688,1131.3499755859375,4837.14990234375,6458.0498046875,536.7999877929688,222.57000732421875,1469.5999755859375,6755.60009765625,100.91000366210938,2394.199951171875,1269.4000244140625,545.5999755859375,1097.0,1077.8499755859375,7498.0498046875,1903.199951171875,10811.75,882.2249755859375,150.0,235.83999633789065,109.25,1287.5,281.45001220703125,970.3499755859376,1720.4000244140625,210.94000244140625,322.29998779296875,1977.449951171875,26516.30078125,285.8999938964844,5179.35009765625,1846.066650390625,714.5999755859375,89.43000030517578,1171.949951171875,549.4000244140625,1463.300048828125,1432.550048828125,382.8500061035156,1294.52001953125,2439.89990234375,538.239990234375,332.6499938964844,2746.0,459.0,1808.3499755859373,248.8999938964844,5387.2998046875,12991.7998046875,621.5499877929688,4053.85009765625,1107.949951171875,5231.35009765625,215.19000244140625,357.6499938964844,190.52999877929688,648.8499755859375,172.57000732421875,1440.800048828125,85.37999725341797,1197.25,1974.550048828125,2590.050048828125,4041.949951171875,1463.1500244140625,1403.3499755859375,1918.175048828125,884.5750122070312,685.75,3574.14990234375,568.3499755859375,369.1499938964844,2289.25,412.0499877929687,207.0099945068359,1299.9000244140625,1776.8499755859375,557.0,7.170000076293945,57.900001525878906,176.89999389648438,773.5999755859375,547.0499877929688,5157.0498046875,679.6500244140625,370.6499938964844,1428.800048828125,144.74000549316406,130.97999572753906,153.85000610351562,124.41000366210938,412.5499877929687,801.8499755859375,224.8099975585937,490.25,954.5999755859376,681.9500122070312,492.2999877929687,4836.2001953125,2589.85009765625,1028.0,411.0299987792969,1113.199951171875,579.25,565.8499755859375,784.7999877929688,1132.699951171875,3161.10009765625,154.3699951171875,,1982.6500244140625,2523.64990234375,229.0599975585937,2347.5,678.0999755859375,11458.900390625,1073.449951171875,2358.699951171875,1039.8800048828125,1132.3499755859375,76.6866683959961,2168.89990234375,2292.64990234375,146.6199951171875,1328.530029296875,83.06999969482422,1137.699951171875,83.58000183105469,61.56999969482422,352.95001220703125,1077.3900146484375,176.75,1528.0999755859375,7545.9501953125,353.45001220703125,226.6600036621093,41750.3984375,605.5833129882812,815.1500244140625,4595.2998046875,285.29998779296875,398.5499877929687,865.0,1572.3499755859375,1465.4749755859375,3277.10009765625,96.91000366210938,964.0999755859376,1531.949951171875,4986.14990234375,288.95001220703125,11666.099609375,221.5599975585937,847.5499877929688,1087.050048828125,169.75,395.8500061035156,1182.199951171875,344.3500061035156,104.83000183105467,106.29000091552734,846.5,1488.0,768.5999755859375,30433.19921875,641.4500122070312,2763.449951171875,10930.75,411.0499877929687,2760.14990234375,1688.3499755859375,3208.050048828125,53.08000183105469,333.29998779296875,695.0999755859375,1069.75,4869.39990234375,359.70001220703125,130.27999877929688,615.8499755859375,3292.949951171875,1314.4000244140625,2569.10009765625,3122.300048828125,,3246.60009765625,1509.75,4767.2001953125,2437.64990234375,11270.4501953125,120.83999633789062,1425.0999755859375,837.2999877929688,614.5,540.4000244140625,376.1000061035156,1320.6500244140625,2114.800048828125,247.25,17.170000076293945,859.0999755859375
2025-04-09,808.5499877929688,5036.2001953125,181.9499969482422,837.4000244140625,2236.89990234375,860.75,1131.800048828125,4838.85009765625,6159.39990234375,547.7999877929688,222.83999633789065,1474.4000244140625,6834.10009765625,102.33999633789062,2411.14990234375,1265.9000244140625,554.2999877929688,1058.0,1061.6500244140625,7572.2998046875,1895.699951171875,11092.2998046875,873.5800170898438,146.86000061035156,230.2100067138672,106.76000213623048,1285.800048828125,280.1499938964844,969.8499755859376,1715.550048828125,211.8099975585937,306.29998779296875,1939.300048828125,26182.69921875,287.95001220703125,5339.4501953125,1849.449951171875,718.0399780273438,88.41999816894531,1146.6500244140625,551.0,1430.5999755859375,1415.5999755859375,374.6000061035156,1264.72998046875,2508.10009765625,548.1599731445312,328.79998779296875,2781.449951171875,465.25,1825.9000244140625,243.3500061035156,5386.14990234375,13282.4501953125,612.8499755859375,4139.2998046875,1094.050048828125,5258.2998046875,211.38999938964844,364.3500061035156,189.9600067138672,654.0,168.86000061035156,1376.300048828125,85.8499984741211,1242.3499755859375,1973.300048828125,2557.75,4030.699951171875,1469.699951171875,1380.0,1899.9749755859373,882.5,684.7999877929688,3610.89990234375,564.0,379.2999877929687,2350.0,400.6000061035156,212.8500061035156,1300.800048828125,1786.5,568.8499755859375,7.090000152587891,59.25,177.39999389648438,768.2000122070312,526.9500122070312,5193.75,678.5499877929688,370.6000061035156,1403.699951171875,141.14999389648438,131.6199951171875,151.6199951171875,123.05999755859376,416.2999877929687,786.9000244140625,220.9199981689453,482.2999877929687,945.5499877929688,685.0499877929688,494.0499877929687,4833.5498046875,2599.699951171875,1025.949951171875,410.5400085449219,1078.3499755859375,564.25,556.3499755859375,767.7000122070312,1111.25,3054.14990234375,153.33999633789062,,1919.699951171875,2523.10009765625,224.92999267578125,2313.949951171875,693.4500122070312,11457.400390625,1123.1500244140625,2371.199951171875,1044.2099609375,1164.550048828125,75.33999633789062,2117.60009765625,2139.949951171875,143.4499969482422,1281.3499755859375,87.01000213623047,1172.425048828125,84.4000015258789,61.310001373291016,349.3500061035156,1076.9599609375,177.0,1493.199951171875,7401.10009765625,349.6499938964844,221.94000244140625,42739.44921875,603.8666381835938,811.2000122070312,4402.75,286.6000061035156,393.8500061035156,851.4000244140625,1495.800048828125,1469.9000244140625,3294.800048828125,95.76000213623048,923.1500244140624,1469.1500244140625,5005.0,293.3999938964844,11353.4501953125,208.3699951171875,854.1500244140625,1079.449951171875,168.6699981689453,389.4500122070313,1185.3499755859375,337.6499938964844,104.97000122070312,105.95999908447266,846.5499877929688,1481.6500244140625,742.2000122070312,30370.25,624.5499877929688,2715.85009765625,10873.5498046875,407.4500122070313,2744.39990234375,1652.199951171875,3133.39990234375,51.209999084472656,339.75,691.7000122070312,1089.75,4755.75,358.25,127.18000030517578,613.1500244140625,3246.60009765625,1272.75,2500.050048828125,3174.14990234375,,3126.800048828125,1530.9000244140625,4620.2001953125,2475.25,11397.0498046875,116.75,1451.5999755859375,814.7999877929688,614.25,540.2000122070312,370.5499877929687,1277.75,2149.39990234375,236.6499938964844,17.15999984741211,844.4000244140625
2025-04-11,870.2000122070312,5143.2998046875,185.3300018310547,844.7999877929688,2321.39990234375,893.6500244140625,1164.550048828125,4887.4501953125,6530.0498046875,548.6500244140625,226.5,1517.3499755859375,6780.9501953125,104.25,2393.60009765625,1248.9000244140625,557.0999755859375,1082.449951171875,1068.949951171875,7768.85009765625,1946.300048828125,11282.150390625,892.1099853515625,149.67999267578125,232.5,108.16000366210938,1325.0999755859375,285.0,1002.1500244140624,1756.5999755859375,212.97000122070312,316.54998779296875,1967.199951171875,26359.25,293.20001220703125,5350.2001953125,1881.5833740234373,743.3400268554688,90.54000091552734,1168.0,572.4000244140625,1475.699951171875,1463.050048828125,392.1000061035156,1263.3299560546875,2491.64990234375,547.8400268554688,334.1000061035156,2814.949951171875,461.2999877929687,1811.6500244140625,246.9499969482422,5589.2998046875,14301.900390625,623.5999755859375,4131.5,1109.5,5350.89990234375,217.1999969482422,369.2999877929687,190.44000244140625,649.5499877929688,171.7100067138672,1378.0999755859375,85.72000122070312,1223.5999755859375,1948.4000244140625,2651.25,4107.2001953125,1532.8499755859375,1390.550048828125,1993.625,903.375,685.5499877929688,3666.0,600.2999877929688,382.2000122070313,2366.14990234375,411.0499877929687,215.8099975585937,1311.6500244140625,1718.550048828125,552.9500122070312,7.170000076293945,59.91999816894531,179.02999877929688,788.5999755859375,535.7999877929688,5151.10009765625,689.5,373.6499938964844,1409.449951171875,151.58999633789062,131.8300018310547,154.1999969482422,124.11000061035156,421.5499877929687,805.6500244140625,230.02000427246097,493.9500122070313,990.25,685.2999877929688,510.75,5091.14990234375,2607.35009765625,998.3499755859376,422.239990234375,1118.949951171875,605.8499755859375,559.6500244140625,771.0499877929688,1122.5999755859375,3115.949951171875,155.4600067138672,,1969.25,2580.35009765625,225.94000244140625,2350.5,709.9500122070312,11599.0498046875,1089.300048828125,2432.550048828125,1088.2900390625,1163.300048828125,78.81999969482422,2160.550048828125,2017.0,143.22000122070312,1309.06005859375,89.0999984741211,1180.699951171875,84.19999694824219,62.90999984741211,360.1000061035156,1102.8399658203125,179.89999389648438,1547.3499755859375,7579.85009765625,358.8999938964844,230.3699951171875,44481.3984375,628.7833251953125,840.7000122070312,4544.60009765625,284.8999938964844,400.75,917.7999877929688,1478.0,1476.300048828125,3607.449951171875,96.08000183105467,979.4000244140624,1533.1500244140625,5093.25,304.1000061035156,11979.2998046875,219.8300018310547,892.9500122070312,1122.8499755859375,173.5,402.25,1218.949951171875,346.29998779296875,108.33999633789062,107.8000030517578,852.0,1521.9000244140625,753.8499755859375,30107.94921875,638.7999877929688,2727.800048828125,11317.0498046875,430.1000061035156,2947.35009765625,1687.550048828125,3168.5,53.0,333.0,701.7999877929688,1097.9000244140625,4752.0498046875,364.4500122070313,133.4199981689453,632.0499877929688,3231.5,1282.25,2509.699951171875,3234.89990234375,,3129.0,1562.1500244140625,4780.5498046875,2513.300048828125,11502.650390625,117.83000183105467,1476.9000244140625,824.1500244140625,638.8499755859375,545.75,380.1499938964844,1284.9000244140625,2161.449951171875,239.75,17.149999618530273,868.8499755859375
2025-04-15,938.7000122070312,5246.5,190.63999938964844,887.4000244140625,2418.199951171875,936.6500244140624,1210.800048828125,4920.7998046875,6880.0,558.0499877929688,231.83999633789065,1564.800048828125,6905.0,107.4749984741211,2415.699951171875,1294.300048828125,576.0,1134.699951171875,1112.800048828125,7995.5,1968.0,11826.0,914.0999755859376,154.07000732421875,234.9499969482422,111.36000061035156,1404.9000244140625,293.70001220703125,1073.0999755859375,1798.800048828125,221.8000030517578,328.8500061035156,2023.5999755859373,27090.0,294.3999938964844,5391.2998046875,1986.0,766.5800170898438,92.69000244140624,1227.4000244140625,589.25,1560.300048828125,1481.800048828125,395.25,1293.199951171875,2513.699951171875,556.8400268554688,335.6000061035156,2920.699951171875,473.75,1869.199951171875,258.6000061035156,5734.5,14931.0,662.7999877929688,4212.7001953125,1154.9000244140625,5529.0,222.22999572753903,379.7000122070313,191.8999938964844,669.25,178.99000549316406,1376.9000244140625,86.02999877929688,1216.300048828125,2015.5999755859373,2718.60009765625,4206.10009765625,1571.699951171875,1426.5,2066.550048828125,932.4500122070312,704.7000122070312,3803.89990234375,617.5999755859375,379.1000061035156,2361.5,433.8999938964844,219.13999938964844,1350.199951171875,1822.5999755859373,567.1500244140625,7.320000171661377,61.93000030517578,184.0099945068359,836.3499755859375,541.25,5256.0,735.9000244140625,380.4500122070313,1426.0,161.3300018310547,132.8699951171875,166.97999572753906,128.27000427246094,420.3999938964844,845.1500244140625,238.57000732421875,512.5999755859375,1008.0,701.0,514.1500244140625,5520.89990234375,2736.39990234375,1007.2000122070312,424.0400085449219,1151.800048828125,625.1500244140625,587.8499755859375,784.2999877929688,1214.0,3257.60009765625,158.63999938964844,,2012.800048828125,2646.0,226.02999877929688,2426.10009765625,711.8499755859375,11855.0,1074.0999755859375,2661.300048828125,1116.300048828125,1195.300048828125,85.08666229248047,2269.699951171875,2051.0,151.4199981689453,1347.0999755859375,89.7699966430664,1183.949951171875,85.41999816894531,65.13999938964844,362.5,1141.0999755859375,185.8600006103516,1624.699951171875,7796.0,365.9500122070313,232.69000244140625,45210.0,644.433349609375,840.1500244140625,4716.0,295.8500061035156,425.5499877929687,956.0,1548.300048828125,1495.800048828125,3589.39990234375,96.58999633789062,970.7999877929688,1619.5999755859375,5249.5,304.54998779296875,12574.0,222.52000427246097,929.1500244140624,1198.5,181.2899932861328,423.2999877929687,1240.0999755859375,360.7999877929687,113.25,114.62999725341795,882.4000244140625,1562.5999755859375,763.5,31125.0,672.0,2839.5,11945.0,462.5499877929687,3007.199951171875,1705.0,3378.5,54.369998931884766,334.0,721.4000244140625,1103.4000244140625,4931.0,378.5,136.41000366210938,650.4500122070312,3248.199951171875,1301.699951171875,2570.699951171875,3273.39990234375,,3221.800048828125,1623.5999755859375,4877.0,2586.5,11719.0,122.4000015258789,1501.699951171875,877.9000244140625,658.0,550.5999755859375,395.7999877929687,1289.300048828125,2218.5,244.0,17.520000457763672,883.1500244140625
2025-04-16,943.75,5379.5,195.82000732421875,895.1500244140625,2415.60009765625,945.5999755859376,1232.9000244140625,4957.60009765625,6744.5,565.75,235.2599945068359,1568.0999755859375,7005.5,107.1999969482422,2459.89990234375,1313.800048828125,582.3499755859375,1133.4000244140625,1161.300048828125,7961.5,1969.199951171875,11585.0,905.6500244140624,158.41000366210938,240.7899932861328,115.4800033569336,1399.300048828125,293.6000061035156,1055.0999755859375,1822.5999755859373,226.0,329.1499938964844,2053.300048828125,27370.0,298.75,5416.2001953125,1976.8333740234373,778.8800048828125,94.6999969482422,1232.199951171875,598.75,1611.9000244140625,1496.4000244140625,399.25,1281.5999755859375,2551.60009765625,559.4400024414062,335.1000061035156,2895.5,481.3500061035156,1846.4000244140625,263.04998779296875,5754.0,15252.0,656.25,4221.5,1158.4000244140625,5615.5,222.0800018310547,377.0,194.9199981689453,649.9500122070312,184.6999969482422,1356.800048828125,85.63999938964844,1244.5999755859375,2000.300048828125,2702.800048828125,4209.2001953125,1613.9000244140625,1431.699951171875,2065.0,939.0,716.0499877929688,3781.89990234375,609.9000244140625,390.0499877929687,2366.60009765625,438.0,224.1600036621093,1356.4000244140625,1811.800048828125,586.2999877929688,7.269999980926514,63.31999969482422,186.6100006103516,842.0499877929688,568.1500244140625,5244.5,788.25,386.1000061035156,1413.0999755859375,164.67999267578125,133.8300018310547,176.38999938964844,129.05999755859375,424.4500122070313,854.25,242.27999877929688,509.7000122070313,1009.4000244140624,703.0499877929688,525.3499755859375,5671.2001953125,2754.89990234375,1052.4000244140625,424.6799926757813,1149.199951171875,626.9000244140625,593.9500122070312,797.6500244140625,1240.800048828125,3227.699951171875,158.60000610351562,,1934.199951171875,2634.60009765625,226.82000732421875,2520.0,720.4500122070312,11664.0,1077.5,2731.89990234375,1125.5999755859375,1209.699951171875,85.55999755859375,2267.10009765625,2080.699951171875,151.22000122070312,1355.199951171875,95.8000030517578,1191.6500244140625,85.31999969482422,65.73999786376953,359.29998779296875,1175.699951171875,189.83999633789065,1641.4000244140625,7882.5,378.2999877929687,241.22000122070312,44930.0,666.933349609375,864.9500122070312,4705.5,300.45001220703125,423.7999877929687,960.8499755859376,1598.699951171875,1513.25,3641.60009765625,98.83000183105467,1001.7000122070312,1649.5999755859375,5299.5,305.75,12695.0,221.83999633789065,940.75,1207.4000244140625,182.7599945068359,424.7999877929687,1239.300048828125,367.0499877929687,115.3000030517578,115.58000183105467,888.6500244140625,1565.4000244140625,771.75,30800.0,676.0499877929688,2811.5,12128.0,446.7999877929687,2991.60009765625,1693.0999755859375,3398.199951171875,54.34000015258789,336.25,729.1500244140625,1105.9000244140625,4929.0,381.25,136.97000122070312,653.7999877929688,3273.800048828125,1308.699951171875,2503.60009765625,3272.10009765625,,3222.699951171875,1605.199951171875,5035.5,2614.199951171875,11728.0,127.26000213623048,1503.199951171875,852.9500122070312,659.6500244140625,549.2000122070312,398.7000122070313,1277.0999755859375,2229.60009765625,247.6499938964844,17.8700008392334,822.0999755859375
2025-04-17,956.7999877929688,5571.5,198.17999267578125,914.1500244140624,2418.10009765625,947.1500244140624,1259.4000244140625,4953.2998046875,6686.0,569.7999877929688,235.6199951171875,1589.4000244140625,7073.5,109.48999786376952,2467.89990234375,1306.800048828125,586.5499877929688,1171.5999755859375,1190.800048828125,8018.0,2035.300048828125,11955.0,916.25,158.7899932861328,242.8099975585937,117.0999984741211,1393.199951171875,295.1499938964844,1068.199951171875,1889.0999755859373,227.38999938964844,331.29998779296875,2015.4000244140625,27505.0,298.3500061035156,5454.60009765625,1977.0,776.5,96.0199966430664,1241.9000244140625,619.8499755859375,1587.300048828125,1515.199951171875,398.8500061035156,1320.0,2570.5,559.3200073242188,332.20001220703125,2891.199951171875,479.2999877929687,1851.5999755859373,281.04998779296875,5640.0,15323.0,669.4000244140625,4357.10009765625,1163.5999755859375,5678.5,231.6000061035156,375.2999877929687,194.8500061035156,664.5499877929688,186.9900054931641,1342.4000244140625,86.52999877929688,1239.300048828125,1991.0999755859373,2760.699951171875,4220.39990234375,1638.5,1438.0,2109.0,953.3499755859376,720.0499877929688,3771.800048828125,609.5,387.7000122070313,2375.0,439.7000122070313,228.83999633789065,1406.699951171875,1793.4000244140625,595.6500244140625,7.309999942779541,63.0,187.6199951171875,841.2000122070312,575.2000122070312,5366.0,794.7000122070312,397.8999938964844,1419.5,162.85000610351562,134.3000030517578,173.41000366210938,129.47999572753906,427.25,881.7000122070312,246.47000122070312,507.8999938964844,1007.2000122070312,697.75,524.6500244140625,5643.0,2826.0,1105.800048828125,437.6199951171875,1136.199951171875,628.0499877929688,604.4500122070312,803.2000122070312,1236.0999755859375,3247.300048828125,163.69000244140625,,1937.199951171875,2679.39990234375,229.2100067138672,2581.60009765625,714.7999877929688,11695.0,1084.4000244140625,2710.60009765625,1133.699951171875,1218.0,86.44666290283203,2273.699951171875,2111.60009765625,152.88999938964844,1346.9000244140625,98.4000015258789,1208.300048828125,84.9800033569336,65.87000274658203,364.0,1193.199951171875,189.4499969482422,1640.699951171875,7950.0,384.3999938964844,243.4900054931641,44855.0,657.7000122070312,849.5999755859375,4836.0,303.95001220703125,423.7000122070313,948.4500122070312,1614.699951171875,1517.1500244140625,3645.300048828125,99.5,990.6500244140624,1653.0,5293.0,309.0,13206.0,220.4100036621093,967.25,1215.199951171875,183.63999938964844,428.6000061035156,1274.5,370.8500061035156,113.95999908447266,120.23999786376952,906.3499755859376,1608.199951171875,797.4500122070312,31000.0,691.75,2810.0,12233.0,451.7000122070313,2990.39990234375,1751.5,3397.60009765625,55.06999969482422,340.79998779296875,727.0,1120.199951171875,4900.5,381.7000122070313,137.13999938964844,651.5,3298.89990234375,1306.800048828125,2495.800048828125,3327.5,,3254.800048828125,1591.0,5130.5,2679.300048828125,11901.0,126.58999633789062,1517.800048828125,874.1500244140625,656.2000122070312,556.75,400.0499877929687,1284.9000244140625,2323.0,236.8999938964844,18.09000015258789,831.5499877929688
2025-04-21,954.25,5629.0,202.4900054931641,937.5,2442.699951171875,956.25,1243.0999755859375,5000.39990234375,6751.0,578.9000244140625,246.3300018310547,1599.5,7142.5,111.02999877929688,2445.0,1336.699951171875,623.5999755859375,1201.199951171875,1223.0,8247.5,2103.5,12207.0,927.3499755859376,167.94000244140625,249.4199981689453,119.87000274658205,1427.4000244140625,299.95001220703125,1094.199951171875,1883.4000244140625,227.19000244140625,331.8999938964844,2030.0999755859373,27800.0,304.04998779296875,5393.2001953125,2095.0,800.1599731445312,99.0,1306.800048828125,650.5999755859375,1659.800048828125,1511.0999755859375,400.5,1387.5999755859375,2544.0,569.239990234375,339.45001220703125,2914.60009765625,475.5499877929687,1922.5,292.0,5891.5,15816.0,675.9000244140625,4342.2998046875,1177.4000244140625,5810.5,234.2400054931641,383.8999938964844,202.0399932861328,656.2999877929688,195.32000732421875,1368.800048828125,86.75,1213.4000244140625,2044.699951171875,2756.89990234375,4309.10009765625,1647.199951171875,1482.0,2229.89990234375,963.5499877929688,712.2000122070312,3917.0,622.0,394.8500061035156,2351.0,452.4500122070313,234.4499969482422,1409.800048828125,1841.0999755859373,602.9000244140625,8.069999694824219,66.63999938964844,189.97000122070312,836.0499877929688,577.5499877929688,5496.5,828.2000122070312,407.5,1451.0,167.4600067138672,138.67999267578125,175.6699981689453,131.42999267578125,422.8500061035156,906.4000244140624,246.3800048828125,521.3499755859375,1034.0,695.75,529.1500244140625,5879.0,2896.10009765625,1200.800048828125,448.2799987792969,1166.0999755859375,640.3499755859375,606.3499755859375,817.5,1293.4000244140625,3280.5,171.25999450683594,,2009.199951171875,2764.0,233.33999633789065,2588.39990234375,695.1500244140625,11745.0,1073.0,2764.60009765625,1188.4000244140625,1237.4000244140625,88.37333679199219,2380.699951171875,2203.60009765625,161.41000366210938,1387.800048828125,99.9800033569336,1199.699951171875,87.70999908447266,67.83000183105469,364.5499877929687,1205.5999755859375,192.1499938964844,1656.199951171875,8132.5,395.8500061035156,249.77999877929688,45470.0,657.7999877929688,878.1500244140625,4900.5,313.6000061035156,436.25,934.6500244140624,1609.4000244140625,1509.6500244140625,3683.89990234375,102.3000030517578,1006.75,1685.699951171875,5412.5,320.0,13453.0,220.7599945068359,1009.4000244140624,1268.5999755859375,192.02999877929688,442.6000061035156,1295.5,375.0499877929687,115.98999786376952,124.98999786376952,909.6500244140624,1628.5,816.7000122070312,31155.0,703.0,2827.0,12475.0,455.6000061035156,3029.300048828125,1744.9000244140625,3514.800048828125,60.290000915527344,343.8500061035156,724.5999755859375,1121.0,5342.0,390.8500061035156,139.17999267578125,683.9500122070312,3321.60009765625,1373.5,2593.300048828125,3336.10009765625,,3254.60009765625,1592.5,5360.0,2735.60009765625,11934.0,128.63999938964844,1516.699951171875,901.25,671.1500244140625,546.7999877929688,411.9500122070313,1318.0,2444.199951171875,238.4499969482422,18.81999969482422,845.3499755859375
2025-04-22,1013.9000244140624,5682.5,203.82000732421875,929.5999755859376,2445.5,943.2999877929688,1233.199951171875,5013.60009765625,6635.0,577.9000244140625,252.07000732421875,1621.5999755859375,7088.5,111.33499908447266,2432.0,1368.5999755859375,613.7999877929688,1187.699951171875,1216.800048828125,8141.0,2077.0,12324.0,926.0499877929688,168.5399932861328,252.4499969482422,118.83000183105467,1409.9000244140625,303.3500061035156,1103.5999755859375,1852.199951171875,228.32000732421875,333.79998779296875,2042.300048828125,28020.0,306.1000061035156,5435.5,2080.5,801.02001953125,100.66000366210938,1312.5999755859375,645.2999877929688,1566.4000244140625,1528.199951171875,398.6000061035156,1391.199951171875,2658.800048828125,568.0800170898438,353.1499938964844,2896.5,484.3999938964844,1903.5,294.0,5911.5,16675.0,685.0,4435.60009765625,1175.0,5784.0,237.47000122070312,380.9500122070313,201.63999938964844,664.5999755859375,193.2400054931641,1390.800048828125,86.6500015258789,1231.4000244140625,2095.0,2749.39990234375,4286.0,1664.699951171875,1479.9000244140625,2254.800048828125,980.8499755859376,712.5499877929688,3833.60009765625,620.0999755859375,398.4500122070313,2398.699951171875,445.75,233.1100006103516,1416.5,1845.199951171875,600.9500122070312,7.96999979019165,67.19999694824219,189.6999969482422,833.9000244140625,582.7999877929688,5534.0,787.5,400.8500061035156,1422.800048828125,168.9499969482422,138.30999755859375,178.63999938964844,132.30999755859375,433.6000061035156,914.75,250.5599975585937,509.2000122070313,1044.199951171875,702.2999877929688,525.0,5979.2998046875,2955.60009765625,1284.4000244140625,453.760009765625,1165.5999755859375,651.7000122070312,608.9000244140625,821.4000244140625,1313.4000244140625,3257.800048828125,173.3300018310547,,2046.699951171875,2817.10009765625,232.1999969482422,2579.5,709.1500244140625,11734.0,1128.699951171875,2755.39990234375,1195.5,1236.0,88.86666870117188,2401.800048828125,2272.699951171875,158.7899932861328,1390.699951171875,100.1999969482422,1203.6500244140625,89.87999725341797,67.95999908447266,360.25,1217.0,187.94000244140625,1699.699951171875,8183.0,404.0,247.77999877929688,45330.0,655.3333129882812,881.9000244140625,4961.0,313.54998779296875,438.1499938964844,968.4500122070312,1682.300048828125,1514.4000244140625,3699.5,103.37999725341795,994.9500122070312,1694.0,5506.0,312.54998779296875,13802.0,224.4600067138672,1026.9000244140625,1303.9000244140625,189.52000427246097,440.3999938964844,1291.199951171875,373.7999877929687,115.9800033569336,124.16000366210938,915.7999877929688,1619.0,822.4000244140625,30910.0,703.5,2856.5,12834.0,451.6000061035156,3015.0,1747.4000244140625,3522.199951171875,59.27000045776367,343.3500061035156,735.7000122070312,1136.699951171875,5480.0,388.6000061035156,138.16000366210938,705.75,3314.39990234375,1376.5,2654.10009765625,3337.39990234375,,3246.39990234375,1589.5,5323.0,2738.5,11959.0,127.93000030517578,1557.5999755859375,897.0999755859375,672.7000122070312,549.4500122070312,413.0499877929687,1344.5999755859375,2615.89990234375,234.1499938964844,18.690000534057617,852.7000122070312
2025-04-23,1059.75,5713.0,207.97999572753903,938.7999877929688,2453.60009765625,952.5,1239.0999755859375,5233.0,6606.0,574.3499755859375,250.77999877929688,1623.800048828125,7142.0,115.33999633789062,2453.10009765625,1407.5999755859375,665.4500122070312,1246.800048828125,1206.9000244140625,8261.5,2100.800048828125,12422.0,932.2999877929688,170.58999633789062,251.47000122070312,117.77999877929688,1427.300048828125,305.8500061035156,1135.5,1881.5999755859373,230.52999877929688,335.70001220703125,1925.4000244140625,28415.0,300.45001220703125,5544.2998046875,2146.333251953125,820.4000244140625,99.4499969482422,1360.9000244140625,660.1500244140625,1566.800048828125,1533.699951171875,398.9500122070313,1478.4000244140625,2688.60009765625,570.760009765625,343.79998779296875,2965.89990234375,486.2000122070313,1889.4000244140625,302.79998779296875,5924.5,16607.0,687.7000122070312,4508.10009765625,1186.0,5740.0,239.2400054931641,380.7999877929687,199.77000427246097,676.6500244140625,193.5,1412.5,87.56999969482422,1268.5,2152.39990234375,2685.60009765625,4307.0,1612.0,1594.0,2279.75,961.9500122070312,709.0999755859375,3940.5,629.0999755859375,388.7999877929687,2423.800048828125,449.0499877929687,231.4499969482422,1424.4000244140625,1880.0,607.0,8.010000228881836,68.44999694824219,191.3300018310547,822.9000244140625,582.0999755859375,5558.5,794.2000122070312,400.1000061035156,1474.9000244140625,174.5500030517578,137.64999389648438,177.72999572753906,134.36000061035156,430.8500061035156,919.0499877929688,258.1400146484375,508.8500061035156,1039.199951171875,713.4500122070312,538.0,5919.60009765625,3019.10009765625,1286.5999755859375,445.3999938964844,1228.9000244140625,650.7000122070312,613.7000122070312,820.6500244140625,1366.4000244140625,3301.0,180.0399932861328,,2089.5,2917.800048828125,231.75,2545.5,716.5499877929688,11907.0,1129.5999755859375,2765.89990234375,1227.5999755859375,1241.0,90.48666381835938,2507.300048828125,2191.39990234375,162.07000732421875,1417.0999755859375,100.80999755859376,1216.699951171875,90.37000274658205,68.11000061035156,363.7999877929687,1234.0999755859375,192.9499969482422,1706.0,8617.5,406.8500061035156,252.1699981689453,45935.0,654.4000244140625,884.0999755859375,5163.5,315.45001220703125,433.1000061035156,956.0999755859376,1674.0,1533.449951171875,3656.699951171875,103.01000213623048,999.75,1664.800048828125,5614.5,314.95001220703125,13910.0,223.6199951171875,1068.699951171875,1323.800048828125,191.6699981689453,440.7999877929687,1300.0,373.8999938964844,116.76000213623048,124.97000122070312,915.9000244140624,1615.5,813.4500122070312,30365.0,703.9000244140625,2872.0,13084.0,478.4500122070313,3000.60009765625,1788.800048828125,3526.0,59.9900016784668,348.04998779296875,749.1500244140625,1150.0999755859375,5664.5,394.4500122070313,141.16000366210938,720.5,3413.0,1439.5999755859375,2673.0,3357.300048828125,,3332.39990234375,1609.5999755859375,5329.0,2806.699951171875,11949.0,129.3000030517578,1580.4000244140625,904.25,679.9000244140625,549.1500244140625,418.2000122070313,1299.0,3007.699951171875,243.6000061035156,18.420000076293945,868.0
2025-04-24,1018.25,5688.5,203.1000061035156,961.7000122070312,2442.5,968.9500122070312,1236.4000244140625,5201.2001953125,6388.0,572.0,249.8600006103516,1629.9000244140625,7159.5,115.30999755859376,2464.39990234375,1391.300048828125,681.0499877929688,1257.800048828125,1207.0999755859375,8201.5,2105.0,12379.0,930.0999755859376,170.72999572753906,252.0099945068359,118.56999969482422,1429.5999755859375,305.70001220703125,1106.5,1845.5999755859373,230.5,326.75,1849.5999755859373,28430.0,302.0,5461.89990234375,2164.5,809.1799926757812,99.38999938964844,1367.4000244140625,646.0,1547.9000244140625,1551.699951171875,399.8500061035156,1450.199951171875,2732.0,566.1199951171875,342.8999938964844,2935.89990234375,491.7000122070313,1974.0999755859373,300.70001220703125,6215.5,16588.0,680.5,4498.7998046875,1200.5,5650.5,236.3800048828125,382.4500122070313,201.8999938964844,668.4000244140625,193.2400054931641,1420.9000244140625,89.0,1267.9000244140625,2145.60009765625,2729.199951171875,4300.0,1604.5999755859375,1586.699951171875,2273.699951171875,958.4000244140624,708.4000244140625,3954.5,628.3499755859375,390.4500122070313,2325.300048828125,459.3500061035156,230.0099945068359,1402.699951171875,1880.300048828125,602.3499755859375,7.929999828338623,67.6500015258789,190.83999633789065,819.0999755859375,574.0499877929688,5520.5,819.75,406.5,1471.4000244140625,180.3000030517578,138.38999938964844,175.13999938964844,133.4199981689453,430.0499877929687,908.0,258.7799987792969,503.7999877929687,1044.5,716.5,519.7999877929688,5835.39990234375,2980.5,1227.0,444.6000061035156,1213.5999755859375,645.5,613.6500244140625,815.0999755859375,1320.199951171875,3300.60009765625,179.57000732421875,,2104.10009765625,2901.39990234375,228.8300018310547,2599.199951171875,712.75,11894.0,1108.4000244140625,2717.699951171875,1245.0999755859375,1247.699951171875,90.7933349609375,2468.10009765625,2150.5,162.02999877929688,1430.800048828125,99.87000274658205,1216.5999755859375,89.08000183105469,68.0199966430664,363.2000122070313,1225.699951171875,194.3699951171875,1678.9000244140625,8765.5,402.6000061035156,249.3699951171875,45015.0,656.2000122070312,905.75,5156.5,312.6499938964844,434.2000122070313,927.0999755859376,1669.4000244140625,1538.199951171875,3658.39990234375,102.6999969482422,1008.8499755859376,1667.199951171875,5512.5,314.3999938964844,13924.0,219.8699951171875,1037.25,1294.0,198.3099975585937,439.9500122070313,1301.5999755859375,371.1499938964844,118.02999877929688,129.85000610351562,926.5499877929688,1608.199951171875,813.4000244140625,30705.0,696.6500244140625,2903.5,13247.0,469.1499938964844,3038.5,1803.9000244140625,3511.699951171875,60.11000061035156,340.6000061035156,653.4000244140625,1161.300048828125,5918.0,395.8500061035156,141.52000427246094,717.2000122070312,3401.60009765625,1445.199951171875,2655.5,3382.60009765625,,3325.10009765625,1600.699951171875,5323.5,2773.89990234375,12159.0,128.52000427246094,1560.800048828125,895.5499877929688,684.2000122070312,532.3499755859375,420.25,1276.0,2839.89990234375,242.75,18.43000030517578,880.25
2025-04-25,971.7000122070312,5499.0,195.94000244140625,914.3499755859376,2354.300048828125,912.5499877929688,1193.0,5033.5,6394.0,548.7000122070312,232.83999633789065,1616.9000244140625,6953.0,112.5199966430664,2431.60009765625,1343.5999755859375,675.1500244140625,1220.0999755859375,1166.300048828125,8034.0,2045.5,12198.0,911.2000122070312,165.4499969482422,246.7899932861328,115.29000091552734,1413.5999755859375,297.6000061035156,1088.5,1817.199951171875,222.3699951171875,311.8500061035156,1739.199951171875,27995.0,295.70001220703125,5420.5,2101.166748046875,787.6199951171875,96.52999877929688,1330.9000244140625,633.0999755859375,1543.5,1525.9000244140625,393.1499938964844,1478.0,2671.39990234375,543.0,334.8500061035156,2861.10009765625,484.6000061035156,1965.9000244140625,304.8999938964844,6012.5,16219.0,653.5499877929688,4375.2001953125,1174.800048828125,5575.5,228.8099975585937,370.5,196.4900054931641,654.6500244140625,186.7400054931641,1360.699951171875,85.5,1266.5,2085.300048828125,2734.800048828125,4196.39990234375,1599.800048828125,1578.199951171875,2191.25,955.5999755859376,704.5499877929688,3895.5,622.0999755859375,380.7000122070313,2332.199951171875,445.0,220.2400054931641,1404.800048828125,1854.0999755859373,595.7999877929688,7.46999979019165,66.08000183105469,190.5,786.3499755859375,569.2000122070312,5313.5,822.3499755859375,397.3500061035156,1480.199951171875,172.13999938964844,134.64999389648438,167.5500030517578,128.8000030517578,427.7999877929687,891.7999877929688,253.0500030517578,482.7000122070313,1028.4000244140625,694.2999877929688,501.25,5573.89990234375,2967.10009765625,1219.5999755859375,440.8800048828125,1221.0,625.6500244140625,592.2000122070312,791.2000122070312,1305.0999755859375,3272.10009765625,172.99000549316406,,2019.5999755859373,2864.199951171875,226.92999267578125,2557.5,710.4000244140625,11698.0,1067.4000244140625,2661.10009765625,1210.5,1266.4000244140625,89.13999938964844,2538.60009765625,2093.199951171875,156.5,1407.699951171875,95.48999786376952,1206.75,86.06999969482422,64.94999694824219,356.45001220703125,1253.5999755859375,191.57000732421875,1606.199951171875,8604.0,399.3500061035156,246.3300018310547,44605.0,655.6666870117188,875.6500244140625,5273.5,309.3999938964844,415.0499877929687,871.1500244140625,1629.0,1505.5999755859375,3583.89990234375,99.29000091552734,971.7000122070312,1594.199951171875,5507.0,306.5,13499.0,216.25,989.3499755859376,1261.800048828125,188.08999633789065,422.2000122070313,1300.4000244140625,361.2000122070313,114.80999755859376,123.81999969482422,867.5499877929688,1695.0999755859375,798.6500244140625,30540.0,655.2000122070312,2833.5,12757.0,453.6499938964844,2968.10009765625,1787.4000244140625,3477.800048828125,58.29999923706055,321.3999938964844,630.0999755859375,1155.699951171875,5612.5,387.6000061035156,138.85000610351562,693.2000122070312,3448.0,1462.0,2573.89990234375,3365.199951171875,,3238.89990234375,1538.5999755859375,5145.0,2737.89990234375,12237.0,124.94000244140624,1547.4000244140625,892.0499877929688,661.8499755859375,521.9500122070312,413.2999877929687,1229.4000244140625,2676.5,240.8999938964844,17.770000457763672,859.6500244140625
2025-04-28,983.9000244140624,5536.0,199.4199981689453,925.2999877929688,2369.800048828125,941.0,1209.9000244140625,5025.7998046875,6381.0,544.9500122070312,235.4199981689453,1618.199951171875,7045.0,113.7300033569336,2452.199951171875,1370.800048828125,688.4000244140625,1247.199951171875,1192.800048828125,8096.0,2049.699951171875,12354.0,909.2999877929688,164.25999450683594,252.5500030517578,118.37999725341795,1486.5,305.04998779296875,1117.0999755859375,1821.800048828125,230.3099975585937,320.8500061035156,1746.4000244140625,28315.0,310.0,5428.7998046875,2188.166748046875,788.8200073242188,98.4499969482422,1339.0999755859375,633.5999755859375,1525.800048828125,1555.0999755859375,397.1499938964844,1475.5,2694.5,548.3200073242188,332.8500061035156,2920.60009765625,482.2000122070313,1983.699951171875,304.3500061035156,6026.5,16415.0,663.9000244140625,4366.7998046875,1198.699951171875,5622.0,227.2100067138672,377.2999877929687,199.8300018310547,675.2000122070312,189.32000732421875,1407.5999755859375,88.16999816894531,1265.9000244140625,2121.39990234375,2753.39990234375,4426.2998046875,1609.5999755859375,1549.300048828125,2214.64990234375,960.0999755859376,710.8499755859375,3911.699951171875,628.6500244140625,392.2000122070313,2318.60009765625,452.5,226.3800048828125,1428.800048828125,1850.199951171875,602.5999755859375,7.449999809265137,66.5,195.2100067138672,800.4500122070312,586.2999877929688,5341.0,830.5499877929688,408.1000061035156,1482.0999755859375,174.25999450683594,136.49000549316406,167.88999938964844,127.16999816894533,428.7999877929687,907.5,257.8999938964844,476.2000122070313,1054.4000244140625,705.2000122070312,518.2000122070312,5884.60009765625,2999.89990234375,1239.199951171875,445.1199951171875,1231.199951171875,626.5,609.4500122070312,803.7000122070312,1310.199951171875,3327.300048828125,167.66000366210938,,2105.39990234375,2930.60009765625,231.27000427246097,2560.39990234375,715.4500122070312,11846.0,1099.800048828125,2786.300048828125,1234.199951171875,1283.0999755859375,89.99333190917969,2503.39990234375,2133.39990234375,159.8699951171875,1395.5,98.63999938964844,1203.0,86.7699966430664,65.70999908447266,361.5,1251.199951171875,194.07000732421875,1656.800048828125,8755.0,405.1499938964844,250.6000061035156,45185.0,643.9000244140625,881.75,5287.0,310.29998779296875,419.5499877929687,884.7999877929688,1634.800048828125,1521.4000244140625,3649.199951171875,102.16999816894533,986.25,1617.300048828125,5598.0,308.54998779296875,13961.0,214.8099975585937,1008.8499755859376,1315.800048828125,207.1000061035156,433.0499877929687,1368.800048828125,361.2000122070313,116.7699966430664,124.62999725341795,863.9000244140625,1736.0999755859375,817.3499755859375,30400.0,622.0,2916.5,13123.0,463.25,3040.300048828125,1841.5999755859373,3635.10009765625,57.77999877929688,323.75,616.9500122070312,1155.199951171875,5689.0,395.1000061035156,142.07000732421875,705.5999755859375,3443.5,1461.5,2642.300048828125,3369.10009765625,,3335.0,1557.0,5209.5,2793.10009765625,12114.0,128.5500030517578,1556.5999755859375,883.7000122070312,678.2999877929688,533.2000122070312,416.1000061035156,1246.4000244140625,2700.199951171875,240.5,18.09000015258789,886.5499877929688
2025-04-29,983.0499877929688,5583.5,199.7100067138672,917.6500244140624,2330.60009765625,922.4000244140624,1216.4000244140625,5030.7998046875,6315.5,533.9500122070312,235.1699981689453,1600.199951171875,6992.5,113.93000030517578,2451.10009765625,1364.5,706.0499877929688,1209.5999755859375,1187.300048828125,8078.5,2066.89990234375,12316.0,909.2999877929688,167.89999389648438,253.22000122070312,117.81999969482422,1536.199951171875,317.1000061035156,1134.0,1823.800048828125,231.3300018310547,318.8500061035156,1745.9000244140625,29165.0,311.70001220703125,5468.2998046875,2213.833251953125,799.9600219726562,99.33000183105467,1346.199951171875,638.4500122070312,1484.5,1541.5,389.1000061035156,1497.0,2644.199951171875,549.6400146484375,336.70001220703125,2899.89990234375,483.6499938964844,1954.800048828125,309.8500061035156,6108.0,16614.0,658.8499755859375,4310.0,1176.0,5579.0,231.1100006103516,369.9500122070313,203.4199981689453,667.2000122070312,189.6000061035156,1384.4000244140625,89.4000015258789,1262.699951171875,2099.10009765625,2745.699951171875,4609.2998046875,1622.800048828125,1569.0,2208.0,954.4000244140624,715.0499877929688,3852.699951171875,622.5499877929688,391.1000061035156,2321.699951171875,445.4500122070313,227.22000122070312,1429.800048828125,1856.0999755859373,605.25,7.239999771118164,66.93000030517578,192.82000732421875,790.1500244140625,577.3499755859375,5264.0,836.9500122070312,402.6000061035156,1497.5,174.5800018310547,135.77999877929688,168.11000061035156,126.93000030517578,426.0,895.4500122070312,257.6300048828125,464.6000061035156,1035.5999755859375,708.2999877929688,518.2000122070312,5914.7001953125,3037.89990234375,1269.800048828125,441.0,1264.800048828125,617.4500122070312,606.7999877929688,800.4000244140625,1288.0,3322.300048828125,167.8300018310547,,2067.10009765625,2909.60009765625,232.0500030517578,2556.89990234375,711.3499755859375,11841.0,1107.4000244140625,3027.89990234375,1245.5,1306.800048828125,90.72000122070312,2511.89990234375,2152.300048828125,157.60000610351562,1411.800048828125,97.30999755859376,1193.75,86.5199966430664,65.56999969482422,356.95001220703125,1243.0999755859375,194.72000122070312,1620.5,8837.5,404.4500122070313,245.67999267578125,45000.0,639.4666748046875,870.7000122070312,5404.0,309.79998779296875,413.5,866.4000244140625,1632.4000244140625,1502.5,3647.699951171875,102.62999725341795,1030.4000244140625,1600.5999755859375,5570.5,302.95001220703125,14391.0,211.9600067138672,1002.0499877929688,1380.0,203.1499938964844,430.3999938964844,1399.699951171875,360.4500122070313,115.27999877929688,123.22000122070312,878.4000244140625,1730.0999755859375,812.5499877929688,30025.0,614.7000122070312,2930.0,13452.0,491.8500061035156,3020.5,1805.5,3584.5,57.70000076293945,319.8500061035156,628.9000244140625,1168.9000244140625,5764.0,393.3500061035156,141.5,663.7000122070312,3472.5,1495.300048828125,2797.5,3378.60009765625,,3322.699951171875,1554.5999755859375,5391.5,2702.60009765625,11869.0,128.3699951171875,1545.9000244140625,894.5999755859375,669.5999755859375,529.1500244140625,416.2999877929687,1264.5999755859375,2669.0,241.3999938964844,17.989999771118164,888.0499877929688
2025-04-30,986.0499877929688,5522.5,196.3600006103516,899.6500244140625,2301.300048828125,900.7000122070312,1216.5,5116.0,6155.5,539.7000122070312,231.22999572753903,1619.800048828125,6977.0,112.65499877929688,2425.699951171875,1345.0999755859375,678.5999755859375,1229.0999755859375,1185.0,8030.0,1951.5999755859373,11973.0,863.4500122070312,165.6199951171875,249.92999267578125,115.1500015258789,1529.5999755859375,314.1000061035156,1104.199951171875,1864.5,226.83999633789065,321.79998779296875,1706.300048828125,29455.0,310.04998779296875,5438.89990234375,2119.666748046875,781.260009765625,97.4499969482422,1320.0,626.7999877929688,1492.199951171875,1550.0999755859375,385.2999877929687,1461.0,2587.39990234375,538.9600219726562,337.29998779296875,2895.39990234375,487.75,1942.699951171875,305.54998779296875,6087.0,16452.0,674.2999877929688,4199.89990234375,1183.9000244140625,5567.0,232.52000427246097,351.75,196.67999267578125,685.5499877929688,189.08999633789065,1381.199951171875,87.19000244140625,1260.5,2161.5,2737.5,4487.89990234375,1601.0,1567.5,2187.199951171875,962.5,743.7000122070312,3827.39990234375,624.6500244140625,378.7000122070313,2342.10009765625,439.2000122070313,223.4600067138672,1427.0,1876.5,614.3499755859375,7.119999885559082,64.88999938964844,190.3500061035156,787.7000122070312,565.7999877929688,5249.5,838.4000244140625,408.2000122070313,1500.0999755859375,169.02000427246094,137.86000061035156,167.05999755859375,124.47000122070312,425.7999877929687,895.6500244140625,260.4200134277344,479.2000122070313,1029.800048828125,715.4000244140625,516.5499877929688,5747.2001953125,3063.60009765625,1197.5999755859375,441.6199951171875,1253.5999755859375,603.8499755859375,600.9500122070312,795.75,1329.300048828125,3341.0,164.1699981689453,,2095.60009765625,2928.800048828125,230.8500061035156,2465.300048828125,710.4500122070312,12257.0,1098.199951171875,3057.60009765625,1225.5999755859375,1305.0,88.84666442871094,2469.0,2169.89990234375,156.47000122070312,1413.9000244140625,95.19000244140624,1194.0999755859375,85.79000091552734,64.79000091552734,354.54998779296875,1218.9000244140625,194.3699951171875,1641.5999755859375,8721.5,410.75,244.4499969482422,45615.0,635.3333129882812,864.75,5321.5,313.75,407.3999938964844,844.2999877929688,1664.5,1516.949951171875,3640.199951171875,100.20999908447266,1010.2000122070312,1625.300048828125,5520.0,307.45001220703125,14529.0,211.0500030517578,982.0,1375.0999755859375,200.3699951171875,420.1000061035156,1405.0,349.79998779296875,113.70999908447266,120.5500030517578,873.5499877929688,1765.800048828125,788.6500244140625,29710.0,611.7000122070312,2901.5,13172.0,481.1499938964844,3008.89990234375,1832.300048828125,3539.0,56.400001525878906,316.3999938964844,634.0499877929688,1165.800048828125,5766.0,384.3999938964844,140.0800018310547,657.8499755859375,3453.699951171875,1503.0,2898.60009765625,3379.699951171875,,3322.0,1539.0999755859375,5172.5,2672.0,11641.0,125.77999877929688,1563.9000244140625,894.2000122070312,669.9000244140625,522.3499755859375,419.2000122070313,1236.0999755859375,2604.5,241.5,17.719999313354492,888.25
2025-05-02,948.75,5441.0,196.83999633789065,907.1500244140624,2299.10009765625,905.7000122070312,1263.0999755859375,5071.5,6188.0,528.4500122070312,230.7899932861328,1591.5,6928.0,110.0749969482422,2410.0,1317.300048828125,680.4500122070312,1207.199951171875,1183.4000244140625,7820.5,1966.699951171875,11952.0,886.8499755859375,161.80999755859375,247.58999633789065,115.06999969482422,1484.0,311.1499938964844,1104.4000244140625,1848.199951171875,224.8300018310547,318.1499938964844,1679.5999755859375,29445.0,311.3999938964844,5301.0,2105.666748046875,768.2000122070312,96.66000366210938,1321.199951171875,620.5999755859375,1492.0999755859375,1514.5,383.5,1475.0999755859375,2538.0,543.6799926757812,322.3999938964844,2884.39990234375,479.3999938964844,1945.5999755859373,306.8500061035156,6079.5,16409.0,685.2999877929688,4042.199951171875,1177.9000244140625,5440.0,234.2899932861328,355.0,189.52000427246097,683.4500122070312,188.4199981689453,1370.0,87.44000244140625,1258.5,2216.39990234375,2724.0,4484.2998046875,1561.5999755859375,1572.4000244140625,2195.60009765625,960.9500122070312,729.1500244140625,3737.39990234375,630.5,383.5,2318.60009765625,428.6000061035156,222.08999633789065,1430.0999755859375,1853.4000244140625,607.4500122070312,7.050000190734863,66.25,190.52999877929688,801.4000244140625,554.75,5321.5,856.4500122070312,380.6000061035156,1506.9000244140625,165.6199951171875,142.97999572753906,165.10000610351562,124.29000091552734,429.5,899.5499877929688,258.79998779296875,469.2999877929687,967.5,701.0,507.25,5757.0,3037.0,1133.300048828125,436.3399963378906,1236.5,619.2999877929688,601.4000244140625,792.2000122070312,1338.199951171875,3334.89990234375,166.66000366210938,,2059.0,2917.199951171875,230.8099975585937,2380.5,698.7999877929688,12405.0,1087.0,3006.800048828125,1256.5999755859375,1300.800048828125,88.08666229248047,2457.800048828125,2169.39990234375,159.10000610351562,1425.199951171875,93.58999633789062,1165.9000244140625,84.88999938964844,65.19999694824219,348.70001220703125,1211.199951171875,194.6499938964844,1603.699951171875,8676.0,405.8999938964844,242.7400054931641,45250.0,622.1333618164062,831.3499755859375,5406.5,311.95001220703125,404.7000122070313,827.0,1537.0,1499.0,3689.5,99.5,1052.699951171875,1590.0,5460.0,303.04998779296875,14719.0,211.2599945068359,983.5,1359.5,200.9499969482422,418.9500122070313,1419.800048828125,352.0,113.08000183105467,118.86000061035156,877.9000244140625,1762.199951171875,796.7000122070312,29280.0,603.5999755859375,2912.5,13069.0,498.3500061035156,2971.89990234375,1824.5999755859373,3431.10009765625,56.130001068115234,304.0,625.75,1154.699951171875,5820.0,381.2999877929687,141.39999389648438,647.0999755859375,3431.0,1494.0999755859375,2900.199951171875,3342.0,,3232.60009765625,1489.9000244140625,5154.0,2720.0,11613.0,126.0,1555.5999755859375,874.7000122070312,679.8499755859375,521.8499755859375,414.7000122070313,1203.5999755859375,2585.89990234375,241.67999267578125,17.719999313354492,882.0499877929688
2025-05-05,937.2999877929688,5487.5,199.32000732421875,937.2000122070312,2455.5,965.7000122070312,1347.0999755859375,5085.5,6097.5,541.4000244140625,239.17999267578125,1618.300048828125,6974.0,112.09500122070312,2436.89990234375,1340.800048828125,678.5999755859375,1242.0,1173.199951171875,7920.5,2026.199951171875,11901.0,893.2000122070312,164.39999389648438,249.1300048828125,116.36000061035156,1563.9000244140625,315.29998779296875,1119.5999755859375,1866.0,228.72000122070312,335.8999938964844,1682.0,30365.0,321.04998779296875,5359.0,2151.166748046875,761.5599975585938,97.16000366210938,1313.5,635.0999755859375,1551.5,1542.9000244140625,385.6000061035156,1499.300048828125,2621.0,552.3200073242188,335.1000061035156,2940.199951171875,481.8500061035156,1941.0,305.6499938964844,6124.5,16710.0,693.75,4018.39990234375,1171.300048828125,5460.5,239.8999938964844,366.1499938964844,191.5099945068359,681.0,191.19000244140625,1406.4000244140625,88.08999633789062,1262.0999755859375,2219.199951171875,2755.10009765625,4590.7998046875,1582.300048828125,1568.5999755859375,2232.5,968.4000244140624,738.9000244140625,3767.60009765625,633.4000244140625,409.8500061035156,2348.60009765625,428.25,228.7899932861328,1429.4000244140625,1852.300048828125,612.2000122070312,7.150000095367432,67.0199966430664,195.13999938964844,801.7999877929688,576.5,5531.5,846.75,384.1000061035156,1508.5999755859375,173.0800018310547,148.55999755859375,168.75,125.01000213623048,436.9500122070313,903.8499755859376,260.6000061035156,481.2000122070313,955.5,720.6500244140625,530.7999877929688,5795.0,3210.10009765625,1087.800048828125,416.9800109863281,1258.5999755859375,617.7999877929688,608.4000244140625,817.4500122070312,1333.5999755859375,3330.199951171875,167.02000427246094,,2085.300048828125,3021.5,229.97000122070312,2415.39990234375,722.6500244140625,12458.0,1131.699951171875,3099.5,1253.0,1283.199951171875,92.6066665649414,2456.10009765625,2203.60009765625,160.86000061035156,1434.0,96.29000091552734,1164.0999755859375,84.62999725341797,65.94999694824219,348.6000061035156,1178.5,196.27000427246097,1625.0999755859375,8634.5,404.6000061035156,239.1999969482422,45905.0,624.433349609375,866.0,5533.0,314.8999938964844,410.3999938964844,821.75,1555.4000244140625,1517.25,3680.0,99.4000015258789,1057.4000244140625,1669.4000244140625,5795.0,308.20001220703125,14574.0,212.25,990.0,1385.5,204.3699951171875,423.2999877929687,1431.300048828125,354.6499938964844,114.79000091552734,120.3499984741211,904.3499755859376,1769.9000244140625,790.0,29470.0,628.8499755859375,2951.699951171875,13191.0,508.6000061035156,2980.60009765625,1836.5999755859373,3502.39990234375,56.91999816894531,343.95001220703125,629.2000122070312,1161.5,5817.0,389.1000061035156,142.0800018310547,666.0499877929688,3454.300048828125,1494.5999755859375,2991.60009765625,3321.800048828125,,3285.199951171875,1477.9000244140625,5370.5,2782.60009765625,11670.0,126.20999908447266,1559.0999755859375,911.9000244140624,686.5,538.75,419.5,1240.300048828125,2705.800048828125,243.57000732421875,17.729999542236328,892.5
2025-05-06,906.2999877929688,5334.0,191.94000244140625,907.4000244140624,2354.0,923.25,1320.800048828125,5023.5,5856.5,535.1500244140625,229.92999267578125,1614.0,7009.0,110.56500244140624,2418.0,1299.699951171875,671.75,1210.0999755859375,1161.4000244140625,7945.5,2035.800048828125,11858.0,879.75,157.4499969482422,223.9100036621093,109.06999969482422,1527.699951171875,310.5,1087.300048828125,1901.0,217.75,341.45001220703125,1690.300048828125,29915.0,311.45001220703125,5393.5,2081.666748046875,721.5800170898438,92.37999725341795,1260.199951171875,598.4500122070312,1530.5999755859375,1511.4000244140625,378.25,1485.199951171875,2621.39990234375,539.0800170898438,328.25,2790.300048828125,480.6000061035156,1952.4000244140625,302.1000061035156,6161.0,16056.0,677.1500244140625,4006.10009765625,1160.4000244140625,5515.0,232.63999938964844,370.25,187.2899932861328,686.8499755859375,186.4100036621093,1405.9000244140625,86.41999816894531,1250.800048828125,2088.5,2728.699951171875,4507.5,1580.4000244140625,1579.0999755859375,2169.0,965.8499755859376,722.5999755859375,3872.60009765625,630.0499877929688,396.7999877929687,2381.800048828125,413.4500122070313,217.9499969482422,1431.5999755859375,1795.0999755859375,592.6500244140625,6.880000114440918,65.5199966430664,190.9900054931641,753.25,561.4500122070312,5322.0,831.7999877929688,378.8999938964844,1511.5,164.7899932861328,144.0800018310547,160.22999572753906,120.37000274658205,435.5499877929687,873.5,251.1999969482422,466.2000122070313,967.5,706.0499877929688,502.25,5623.0,3193.89990234375,1041.699951171875,414.7999877929687,1241.4000244140625,612.5999755859375,585.0499877929688,784.3499755859375,1296.0,3334.0,164.25999450683594,,2049.0,3068.39990234375,227.77999877929688,2368.699951171875,720.0999755859375,12581.0,1156.0,2972.60009765625,1200.0,1269.199951171875,90.3133316040039,2357.699951171875,2248.199951171875,154.8800048828125,1396.9000244140625,92.58000183105467,1178.25,81.70999908447266,64.36000061035156,341.79998779296875,1145.699951171875,194.4600067138672,1559.199951171875,8384.0,398.25,237.0,45705.0,616.9000244140625,814.8499755859375,5425.0,307.04998779296875,395.3999938964844,794.7000122070312,1498.199951171875,1502.300048828125,3630.300048828125,94.47000122070312,1038.9000244140625,1588.300048828125,5906.0,307.6000061035156,14413.0,206.72000122070312,950.75,1332.0,197.19000244140625,404.7000122070313,1420.9000244140625,341.54998779296875,111.56999969482422,113.86000061035156,889.7000122070312,1726.0,774.0999755859375,29485.0,623.4500122070312,2941.10009765625,13188.0,502.4500122070313,2928.10009765625,1819.0999755859373,3447.89990234375,53.7400016784668,342.5,618.75,1155.300048828125,5700.0,374.8999938964844,144.44000244140625,648.5999755859375,3460.0,1496.199951171875,2911.800048828125,3299.300048828125,,3270.10009765625,1462.300048828125,5224.0,2773.5,11693.0,118.22000122070312,1576.300048828125,908.8499755859376,679.0499877929688,514.2999877929688,410.9500122070313,1229.5999755859375,2582.800048828125,241.19000244140625,17.93000030517578,880.6500244140625
2025-05-07,932.1500244140624,5397.5,200.75,871.5999755859375,2353.10009765625,917.25,1338.199951171875,5033.0,5982.5,535.2000122070312,237.57000732421875,1663.0,6983.0,113.28500366210938,2334.10009765625,1287.4000244140625,687.5999755859375,1197.0999755859375,1161.300048828125,7849.0,2030.300048828125,11907.0,898.6500244140625,159.55999755859375,224.5,109.19000244140624,1447.9000244140625,309.95001220703125,1140.9000244140625,1896.800048828125,225.1499938964844,346.5,1677.699951171875,30475.0,316.8999938964844,5351.0,2217.5,728.5399780273438,93.66999816894533,1266.5999755859375,609.4000244140625,1574.5,1508.800048828125,383.2999877929687,1520.0,2634.800048828125,543.5999755859375,333.3500061035156,2843.5,482.1000061035156,1974.300048828125,304.5,6148.0,16095.0,679.25,3999.800048828125,1160.699951171875,5489.0,236.8999938964844,376.0499877929687,191.1699981689453,682.75,189.22999572753903,1435.0999755859375,87.0199966430664,1246.9000244140625,2128.0,2699.89990234375,4470.2998046875,1579.0999755859375,1563.300048828125,2214.699951171875,972.7999877929688,723.9000244140625,3868.0,636.2999877929688,396.9500122070313,2370.800048828125,422.7000122070313,214.2100067138672,1435.4000244140625,1826.0,592.0,6.920000076293945,66.95999908447266,196.4600067138672,765.6500244140625,558.2999877929688,5296.5,833.7999877929688,383.8500061035156,1508.300048828125,168.0500030517578,144.49000549316406,162.3699951171875,121.25,431.1499938964844,878.5999755859375,256.1000061035156,468.5,966.0999755859376,707.0,523.0999755859375,5842.0,3295.300048828125,1103.300048828125,418.9800109863281,1283.0,610.7000122070312,600.2999877929688,785.9500122070312,1302.0,3321.39990234375,168.25999450683594,,2071.39990234375,3119.89990234375,230.69000244140625,2432.39990234375,736.3499755859375,12633.0,1152.0,2816.199951171875,1211.4000244140625,1289.800048828125,94.97333526611328,2402.199951171875,2308.39990234375,158.27999877929688,1385.0,95.9000015258789,1169.199951171875,83.41000366210938,65.73999786376953,342.04998779296875,1192.4000244140625,195.63999938964844,1581.5,8531.5,406.8500061035156,238.6699981689453,46350.0,611.0333251953125,873.5,5504.0,306.54998779296875,404.2999877929687,845.7000122070312,1526.5999755859375,1487.6500244140625,3658.10009765625,94.25,1060.0,1640.199951171875,5886.5,311.1000061035156,14680.0,213.63999938964844,954.7000122070312,1337.0,201.42999267578125,410.9500122070313,1406.0,339.95001220703125,113.68000030517578,115.87000274658205,914.6500244140624,1744.5,776.0999755859375,29570.0,636.6500244140625,2967.199951171875,13295.0,511.1499938964844,3055.699951171875,1781.300048828125,3455.199951171875,54.70000076293945,328.79998779296875,621.2000122070312,1146.0,5758.0,377.3500061035156,146.0,657.7000122070312,3445.10009765625,1495.199951171875,2955.0,3338.89990234375,,3291.10009765625,1501.9000244140625,5233.0,2792.300048828125,11658.0,118.47000122070312,1589.5,927.5,688.0,512.0999755859375,416.0,1244.0,2628.89990234375,244.0399932861328,18.270000457763672,886.1500244140625
2025-05-08,913.0499877929688,5287.5,194.6199951171875,839.0,2285.300048828125,880.5,1333.0999755859375,4939.5,6032.5,524.4000244140625,233.02000427246097,1663.300048828125,6851.5,110.1449966430664,2302.60009765625,1282.5,689.0,1157.5999755859375,1172.199951171875,7724.5,2006.0,11549.0,883.25,157.19000244140625,217.27000427246097,107.86000061035156,1453.800048828125,307.1499938964844,1113.4000244140625,1874.9000244140625,217.1699981689453,334.6000061035156,1608.199951171875,30010.0,307.95001220703125,5391.0,2230.0,713.8400268554688,95.37000274658205,1240.199951171875,610.25,1531.5,1486.800048828125,385.4500122070313,1550.9000244140625,2550.60009765625,525.9199829101562,325.95001220703125,2770.699951171875,468.7000122070313,1964.4000244140625,301.29998779296875,5960.5,15626.0,655.0499877929688,3974.300048828125,1148.0,5372.5,229.8099975585937,360.8500061035156,186.72999572753903,662.75,184.27000427246097,1418.9000244140625,84.81999969482422,1240.5999755859375,2030.300048828125,2698.699951171875,4422.89990234375,1537.199951171875,1580.699951171875,2143.89990234375,964.25,722.9500122070312,3800.5,620.2000122070312,388.1000061035156,2354.89990234375,409.3500061035156,211.42999267578125,1435.5,1791.800048828125,582.4000244140625,6.690000057220459,66.41999816894531,189.8999938964844,750.0,553.9500122070312,5146.0,826.7999877929688,384.6499938964844,1511.4000244140625,160.38999938964844,140.99000549316406,158.7899932861328,118.94000244140624,430.6000061035156,851.1500244140625,251.4499969482422,463.3500061035156,953.2000122070312,671.8499755859375,512.4000244140625,5664.0,3262.10009765625,1064.9000244140625,422.5199890136719,1273.199951171875,586.75,577.2000122070312,781.8499755859375,1287.800048828125,3323.89990234375,163.52999877929688,,2014.800048828125,3033.10009765625,227.8600006103516,2439.5,719.5499877929688,12392.0,1111.800048828125,2819.89990234375,1200.9000244140625,1271.199951171875,94.3133316040039,2374.89990234375,2221.89990234375,154.1199951171875,1355.5,93.93000030517578,1170.3499755859375,80.19999694824219,63.790000915527344,340.0,1174.800048828125,192.4600067138672,1554.699951171875,8156.0,398.8500061035156,233.22000122070312,45160.0,599.6666870117188,835.1500244140625,5469.5,305.3500061035156,390.2999877929687,829.5999755859375,1497.199951171875,1478.75,3611.39990234375,91.36000061035156,1024.4000244140625,1609.300048828125,5765.0,308.25,14667.0,206.0099945068359,944.7000122070312,1315.5,196.3600006103516,392.3999938964844,1407.0,331.45001220703125,109.23999786376952,113.19000244140624,890.5,1731.5,769.0,29410.0,615.7999877929688,2838.60009765625,13118.0,508.1000061035156,2952.800048828125,1767.199951171875,3480.39990234375,53.150001525878906,315.20001220703125,610.7000122070312,1116.0,5711.5,370.1499938964844,143.6699981689453,654.7000122070312,3448.89990234375,1502.800048828125,2881.60009765625,3369.300048828125,,3185.800048828125,1420.0,5226.5,2695.60009765625,11631.0,115.58000183105467,1537.199951171875,923.4500122070312,656.5,488.75,407.1000061035156,1223.0999755859375,2610.39990234375,241.57000732421875,18.229999542236328,873.7000122070312
2025-05-09,915.7999877929688,5440.5,193.1699981689453,827.0999755859375,2251.0,879.4500122070312,1306.300048828125,4946.5,5795.0,527.4500122070312,232.6499938964844,1655.699951171875,6722.0,110.80999755859376,2299.60009765625,1273.4000244140625,687.0,1164.4000244140625,1151.0999755859375,7682.5,1970.0,11238.0,864.0999755859375,156.25999450683594,220.08999633789065,110.22000122070312,1531.800048828125,315.8500061035156,1165.5999755859375,1848.4000244140625,216.6300048828125,329.8999938964844,1594.0,30000.0,306.8500061035156,5436.0,2190.666748046875,695.9199829101562,97.63999938964844,1218.5999755859375,609.5999755859375,1513.5999755859375,1480.0,382.3999938964844,1536.199951171875,2550.5,518.9199829101562,321.8500061035156,2736.300048828125,462.75,1916.800048828125,300.20001220703125,6025.5,15190.0,631.7000122070312,3972.39990234375,1155.9000244140625,5324.0,227.13999938964844,360.9500122070313,187.3800048828125,664.7000122070312,181.6000061035156,1398.199951171875,84.19999694824219,1242.0999755859375,2000.5,2634.800048828125,4501.2001953125,1548.300048828125,1569.4000244140625,2135.800048828125,944.8499755859376,713.5999755859375,3853.89990234375,627.1500244140625,386.25,2332.89990234375,408.3500061035156,208.47000122070312,1388.9000244140625,1782.199951171875,581.2000122070312,6.699999809265137,66.20999908447266,189.3800048828125,718.75,552.0499877929688,5101.0,818.2000122070312,388.2000122070313,1507.5999755859375,156.82000732421875,139.99000549316406,156.47999572753906,116.41999816894533,423.5499877929687,855.3499755859375,248.3500061035156,459.8500061035156,957.0,670.2000122070312,519.1500244140625,5665.5,3232.5,1065.4000244140625,420.6199951171875,1244.199951171875,588.7999877929688,574.75,786.9500122070312,1234.300048828125,3443.89990234375,161.52999877929688,,2037.4000244140625,2982.10009765625,228.6199951171875,2408.199951171875,723.2999877929688,12250.0,1127.699951171875,2922.0,1134.0999755859375,1268.199951171875,91.8933334350586,2387.300048828125,2229.60009765625,156.83999633789062,1375.0,92.22000122070312,1162.699951171875,77.97000122070312,64.29000091552734,334.75,1186.5999755859375,193.02999877929688,1534.199951171875,7993.5,403.2999877929687,234.9600067138672,45470.0,586.6333618164062,832.6500244140625,5443.0,307.95001220703125,385.8999938964844,798.4500122070312,1478.9000244140625,1490.0,3639.699951171875,91.97000122070312,1031.0999755859375,1619.9000244140625,5766.5,299.29998779296875,15080.0,207.77000427246097,945.6500244140624,1281.5999755859375,196.82000732421875,384.25,1377.199951171875,323.1000061035156,109.01000213623048,113.72000122070312,874.2000122070312,1699.800048828125,779.25,29230.0,601.4500122070312,2857.199951171875,13487.0,500.5,3004.300048828125,1744.800048828125,3483.800048828125,52.66999816894531,313.1000061035156,614.0999755859375,1113.699951171875,5738.0,371.0,142.77999877929688,665.9500122070312,3440.300048828125,1493.699951171875,2860.300048828125,3510.300048828125,,3141.199951171875,1371.699951171875,5113.0,2663.699951171875,11364.0,122.9000015258789,1531.199951171875,911.8499755859376,674.75,496.25,407.8999938964844,1235.5999755859375,2594.0,242.0099945068359,20.020000457763672,878.6500244140625
2025-05-12,962.0,5587.0,205.5399932861328,894.2999877929688,2425.300048828125,940.5499877929688,1362.0999755859375,5020.5,6237.0,541.6500244140625,248.6999969482422,1712.800048828125,6926.0,115.63999938964844,2356.39990234375,1330.300048828125,703.4000244140625,1205.9000244140625,1203.0,8039.5,2050.39990234375,12094.0,901.8499755859376,163.57000732421875,226.8500061035156,110.08999633789062,1569.9000244140625,322.79998779296875,1199.199951171875,1870.800048828125,232.9499969482422,328.1499938964844,1624.199951171875,31005.0,309.04998779296875,5608.5,2318.5,734.3200073242188,100.86000061035156,1279.0,645.7999877929688,1579.199951171875,1511.5999755859375,395.5,1662.300048828125,2611.60009765625,550.5999755859375,335.5,2862.89990234375,475.0499877929687,1980.9000244140625,311.0,5942.0,16073.0,680.5,4023.5,1195.5999755859375,5520.0,239.5,378.0499877929687,194.4499969482422,676.6500244140625,187.8000030517578,1381.699951171875,88.05999755859375,1289.5,2146.800048828125,2742.800048828125,4439.7001953125,1583.0999755859375,1670.300048828125,2264.550048828125,978.5999755859376,734.5999755859375,3984.89990234375,651.9500122070312,388.7999877929687,2382.5,434.9500122070313,224.47000122070312,1448.5,1836.699951171875,604.0,7.070000171661377,69.08000183105469,194.9499969482422,769.1500244140625,572.0999755859375,5476.5,788.5,397.3999938964844,1626.9000244140625,170.0500030517578,142.35000610351562,168.0,125.52999877929688,435.5,904.75,262.8999938964844,481.1000061035156,1005.2000122070312,696.0999755859375,538.1500244140625,5979.5,3386.0,1117.9000244140625,429.0,1325.0999755859375,593.4500122070312,601.5,815.4500122070312,1305.4000244140625,3587.199951171875,171.1999969482422,,2039.800048828125,3104.699951171875,230.72999572753903,2500.0,738.0999755859375,12616.0,1159.9000244140625,2904.39990234375,1212.300048828125,1293.0,96.7066650390625,2532.39990234375,2256.39990234375,168.9499969482422,1476.0,99.80999755859376,1191.9000244140625,83.30000305175781,68.08000183105469,348.54998779296875,1217.199951171875,198.97000122070312,1617.699951171875,8714.0,416.4500122070313,244.02000427246097,47050.0,606.2999877929688,866.0499877929688,5876.5,314.29998779296875,413.9500122070313,881.4500122070312,1523.800048828125,1538.25,3708.39990234375,95.77999877929688,1070.800048828125,1698.0,5992.5,309.04998779296875,15864.0,212.0,990.5499877929688,1366.0999755859375,205.82000732421875,412.6499938964844,1436.5,359.45001220703125,118.23999786376952,120.01000213623048,898.1500244140625,1751.5,801.6500244140625,30135.0,645.9500122070312,2895.89990234375,13289.0,519.7999877929688,3014.5,1686.199951171875,3580.10009765625,56.95000076293945,320.29998779296875,625.5999755859375,1145.5999755859375,6100.0,391.3999938964844,151.6300048828125,701.0499877929688,3620.39990234375,1573.0999755859375,2961.89990234375,3562.89990234375,,3237.699951171875,1465.199951171875,5441.0,2760.699951171875,11736.0,128.11000061035156,1564.199951171875,959.0499877929688,676.8499755859375,513.8499755859375,436.0499877929687,1265.699951171875,2678.699951171875,257.2799987792969,20.40999984741211,884.8499755859375
2025-05-13,965.5999755859376,5636.5,204.88999938964844,904.2000122070312,2441.199951171875,958.0499877929688,1369.199951171875,5126.5,6214.5,536.9000244140625,248.7599945068359,1725.0999755859375,6917.5,115.16999816894533,2324.60009765625,1344.0999755859375,699.75,1223.800048828125,1193.5999755859375,8063.0,2018.199951171875,11921.0,904.2000122070312,162.3800048828125,232.75,112.55999755859376,1746.699951171875,335.75,1203.9000244140625,1820.5999755859373,238.3800048828125,329.8500061035156,1581.0999755859375,31145.0,306.8999938964844,5485.0,2438.5,725.239990234375,104.77999877929688,1323.300048828125,652.1500244140625,1578.800048828125,1520.0999755859375,395.1499938964844,1653.300048828125,2598.89990234375,551.52001953125,331.04998779296875,2879.39990234375,473.75,2006.699951171875,318.70001220703125,6076.5,16219.0,677.8499755859375,4064.10009765625,1207.0999755859375,5419.0,231.6499938964844,375.1000061035156,198.08999633789065,666.2000122070312,183.8300018310547,1417.4000244140625,87.19000244140625,1266.300048828125,2102.39990234375,2708.699951171875,4609.7998046875,1593.9000244140625,1619.5999755859375,2248.300048828125,961.2999877929688,735.0499877929688,4063.60009765625,634.75,388.8999938964844,2360.0,428.8999938964844,220.47000122070312,1430.5999755859375,1866.5,603.6500244140625,6.940000057220459,69.0,194.8000030517578,761.0999755859375,580.8499755859375,5521.0,770.0999755859375,394.75,1568.5999755859375,169.88999938964844,141.69000244140625,167.0800018310547,124.76000213623048,427.8999938964844,909.7000122070312,267.3999938964844,474.25,989.9000244140624,701.7000122070312,554.5,6285.5,3425.300048828125,1047.800048828125,423.1199951171875,1346.0999755859375,595.25,603.0,826.4000244140625,1273.800048828125,3567.0,171.4499969482422,,2064.39990234375,3053.800048828125,231.1000061035156,2547.300048828125,727.5999755859375,12482.0,1172.0,3002.60009765625,1187.5,1290.0999755859375,94.96666717529295,2490.60009765625,2216.5,165.0399932861328,1464.5,101.69000244140624,1185.0999755859375,83.52999877929688,67.20999908447266,341.5,1253.0999755859375,197.6300048828125,1586.199951171875,8478.0,407.4500122070313,241.1600036621093,46480.0,606.3666381835938,855.8499755859375,5761.0,312.54998779296875,412.3500061035156,846.9000244140625,1538.5,1550.300048828125,3638.60009765625,97.68000030517578,1092.199951171875,1714.300048828125,6007.5,298.45001220703125,15975.0,214.83999633789065,1019.5499877929688,1347.300048828125,207.7400054931641,401.75,1415.699951171875,357.04998779296875,116.0,123.0,887.0999755859375,1740.0,801.75,30145.0,633.5999755859375,2916.699951171875,13592.0,508.1499938964844,2928.199951171875,1700.0,3588.199951171875,57.59999847412109,310.54998779296875,629.4500122070312,1118.5999755859375,5986.0,389.2999877929687,149.42999267578125,704.5,3515.0,1572.5,2994.0,3563.199951171875,,3236.0,1426.800048828125,5326.5,2712.39990234375,11661.0,130.77000427246094,1553.9000244140625,954.2999877929688,642.8499755859375,508.75,435.3999938964844,1257.699951171875,2690.10009765625,251.57000732421875,20.8700008392334,901.8499755859376
2025-05-14,988.2000122070312,5635.0,218.3300018310547,890.7999877929688,2461.89990234375,967.25,1371.800048828125,5127.0,6301.5,543.5999755859375,254.8699951171875,1745.0999755859375,6916.5,117.26499938964844,2282.300048828125,1326.699951171875,690.5,1220.0,1195.5,8102.5,2020.4000244140625,12020.0,908.0999755859376,167.02999877929688,233.57000732421875,113.86000061035156,1766.0999755859375,344.3500061035156,1246.199951171875,1834.199951171875,239.3600006103516,338.20001220703125,1558.9000244140625,31420.0,312.5,5484.0,2449.0,729.7999877929688,105.66999816894533,1336.4000244140625,673.0,1596.5999755859375,1494.800048828125,403.1000061035156,1692.699951171875,2607.800048828125,549.8800048828125,331.3999938964844,2872.0,468.9500122070313,2056.10009765625,323.95001220703125,6215.5,16121.0,688.7000122070312,4049.199951171875,1220.0,5446.5,236.8600006103516,382.8500061035156,198.22999572753903,691.8499755859375,185.92999267578125,1442.9000244140625,87.61000061035156,1282.0,2119.10009765625,2737.199951171875,4768.0,1598.199951171875,1637.699951171875,2284.449951171875,955.2999877929688,741.7000122070312,4067.199951171875,650.5499877929688,396.6000061035156,2350.5,438.9500122070313,217.52000427246097,1426.199951171875,1850.9000244140625,608.25,6.980000019073486,69.47000122070312,197.25,770.2000122070312,584.7000122070312,5451.5,781.3499755859375,396.0,1592.4000244140625,174.24000549316406,143.47000122070312,167.7899932861328,129.9600067138672,429.1000061035156,943.2000122070312,267.5,474.9500122070313,989.2999877929688,693.7999877929688,551.4500122070312,6322.5,3398.39990234375,1050.5,418.4800109863281,1351.5,605.9500122070312,616.5,822.2000122070312,1316.5,3573.10009765625,175.2100067138672,,2071.39990234375,3101.800048828125,232.8999938964844,2554.60009765625,722.5499877929688,12670.0,1176.5999755859375,3078.199951171875,1240.5,1338.199951171875,94.05999755859376,2571.60009765625,2259.89990234375,173.16000366210938,1454.0,106.75,1185.199951171875,85.95999908447266,70.04000091552734,338.54998779296875,1349.5999755859375,197.3500061035156,1613.300048828125,8504.0,418.8500061035156,246.0099945068359,46420.0,594.433349609375,850.7000122070312,5758.5,316.1000061035156,405.5,833.0,1540.5,1554.300048828125,3651.0,97.87999725341795,1082.199951171875,1754.9000244140625,5981.0,295.95001220703125,16735.0,219.0399932861328,1019.9000244140624,1395.300048828125,209.7400054931641,389.5,1424.4000244140625,372.7999877929687,122.68000030517578,124.5199966430664,901.2000122070312,1755.199951171875,800.7000122070312,30620.0,651.9500122070312,3006.800048828125,13724.0,528.2000122070312,2882.60009765625,1708.199951171875,3569.60009765625,59.91999816894531,307.29998779296875,640.8499755859375,1120.4000244140625,6100.5,396.9500122070313,155.30999755859375,706.4500122070312,3548.699951171875,1603.199951171875,3039.0,3587.60009765625,,3244.89990234375,1449.9000244140625,5362.0,2727.300048828125,11672.0,134.92999267578125,1534.4000244140625,984.5499877929688,636.9000244140625,510.1000061035156,442.7000122070313,1248.5,2807.699951171875,252.94000244140625,20.959999084472656,903.5
2025-05-15,1016.5999755859376,5735.0,215.3999938964844,910.7999877929688,2520.0,967.9000244140624,1406.199951171875,5277.0,6346.5,547.5499877929688,256.8599853515625,1775.9000244140625,7072.5,119.68000030517578,2329.89990234375,1344.0,690.0999755859375,1216.9000244140625,1209.0999755859375,8326.0,2041.9000244140625,12630.0,918.8499755859376,168.99000549316406,234.3800048828125,114.0500030517578,1806.5,350.3999938964844,1245.699951171875,1867.199951171875,245.67999267578125,338.6000061035156,1571.4000244140625,31730.0,317.0,5465.0,2382.666748046875,745.280029296875,105.16000366210938,1337.199951171875,678.2000122070312,1609.199951171875,1502.199951171875,404.6499938964844,1692.199951171875,2655.39990234375,552.2000122070312,327.3999938964844,2949.199951171875,469.0,2085.800048828125,324.1000061035156,6214.5,16433.0,709.0499877929688,4073.5,1236.300048828125,5466.0,242.58999633789065,383.8500061035156,198.83999633789065,699.4000244140625,185.02000427246097,1447.0,89.13999938964844,1290.4000244140625,2148.89990234375,2824.800048828125,4864.7998046875,1593.199951171875,1696.0,2351.199951171875,966.9000244140624,751.2000122070312,4325.0,661.3499755859375,402.7000122070313,2355.199951171875,440.75,221.72000122070312,1450.800048828125,1873.0999755859373,613.0,7.230000019073486,69.4800033569336,197.47999572753903,764.3499755859375,588.9000244140625,5589.0,780.5,396.9500122070313,1613.0,178.16000366210938,145.0,166.75,130.24000549316406,432.6499938964844,968.2999877929688,273.70001220703125,487.3999938964844,1038.300048828125,683.75,551.9000244140625,6297.5,3499.0,1041.0,421.2799987792969,1393.199951171875,603.7000122070312,624.9500122070312,840.2999877929688,1371.0,3618.199951171875,178.02999877929688,,2072.89990234375,3144.300048828125,229.3600006103516,2559.89990234375,720.5999755859375,12952.0,1186.5,3182.39990234375,1240.9000244140625,1358.4000244140625,95.7933349609375,2624.300048828125,2104.10009765625,178.55999755859375,1504.0,106.72000122070312,1199.050048828125,86.94999694824219,70.05999755859375,341.95001220703125,1346.0999755859375,197.32000732421875,1633.5,8551.0,422.5,247.6100006103516,46940.0,603.7000122070312,857.2000122070312,5653.5,319.79998779296875,407.1000061035156,809.3499755859375,1555.0999755859375,1555.75,3691.300048828125,98.31999969482422,1074.0,1777.699951171875,6042.0,299.6499938964844,15570.0,208.6100006103516,1035.699951171875,1418.9000244140625,209.6100006103516,394.3500061035156,1454.199951171875,376.25,122.6999969482422,125.81999969482422,911.3499755859376,1784.5999755859375,807.75,31400.0,674.7999877929688,3009.5,13880.0,533.75,2876.60009765625,1740.0999755859375,3642.699951171875,61.220001220703125,316.25,638.3499755859375,1147.199951171875,6180.5,397.9500122070313,157.35000610351562,720.0,3579.89990234375,1629.0999755859375,2910.199951171875,3636.800048828125,,3265.0,1432.699951171875,5577.5,2789.800048828125,11894.0,132.1699981689453,1538.5,994.8499755859376,644.6500244140625,506.6000061035156,443.7999877929687,1262.4000244140625,2867.300048828125,256.57000732421875,21.51000022888184,904.7000122070312
2025-05-16,1000.5499877929688,5820.0,218.2400054931641,915.0499877929688,2555.0,1020.0999755859376,1407.4000244140625,5221.0,6403.5,563.5,280.0599975585937,1785.4000244140625,7015.0,118.66500091552734,2353.60009765625,1359.699951171875,684.8499755859375,1201.199951171875,1208.800048828125,8482.5,2033.5999755859373,13111.0,916.7000122070312,170.08999633789062,236.9199981689453,114.33000183105467,1842.0,363.8999938964844,1263.0,1814.0,250.3500061035156,339.3999938964844,1563.199951171875,31655.0,320.1000061035156,5501.5,2426.333251953125,778.1799926757812,107.76000213623048,1408.800048828125,696.4500122070312,1619.300048828125,1499.9000244140625,404.7999877929687,1685.199951171875,2689.699951171875,584.4000244140625,351.25,3035.60009765625,476.6499938964844,2070.10009765625,320.8500061035156,6279.5,16660.0,715.9000244140625,4189.7001953125,1230.699951171875,5509.5,245.7599945068359,393.0499877929687,199.02999877929688,700.0499877929688,186.27999877929688,1448.5999755859375,91.06999969482422,1299.5,2176.10009765625,2804.199951171875,5127.7001953125,1577.4000244140625,1659.9000244140625,2368.64990234375,967.3499755859376,750.5499877929688,4345.2998046875,657.5499877929688,410.0499877929687,2381.39990234375,442.2999877929687,233.8600006103516,1454.0,1849.5999755859373,615.5999755859375,7.369999885559082,69.26000213623047,199.8600006103516,766.3499755859375,594.5499877929688,5562.5,780.2000122070312,400.4500122070313,1589.9000244140625,179.82000732421875,144.72000122070312,173.2899932861328,138.61000061035156,435.7000122070313,981.5999755859376,277.0,503.8500061035156,1021.7999877929688,674.2999877929688,560.4000244140625,6262.5,3463.199951171875,1065.800048828125,421.6400146484375,1364.800048828125,603.0499877929688,621.0999755859375,857.0,1394.800048828125,3604.699951171875,174.8699951171875,,2068.39990234375,3135.60009765625,229.47999572753903,2572.699951171875,724.4000244140625,12995.0,1167.0999755859375,3522.39990234375,1290.0,1355.199951171875,98.02666473388672,2600.39990234375,2104.800048828125,177.19000244140625,1509.5,111.08000183105467,1204.4000244140625,89.70999908447266,70.2699966430664,343.1000061035156,1341.4000244140625,201.8000030517578,1676.199951171875,8696.5,423.8999938964844,247.27000427246097,47830.0,595.0,852.3499755859375,5699.0,320.6000061035156,417.75,804.0499877929688,1550.9000244140625,1545.5999755859375,3769.699951171875,98.91000366210938,1072.0999755859375,1756.199951171875,6094.5,300.20001220703125,15803.0,204.8699951171875,1125.949951171875,1433.199951171875,212.67999267578125,406.4500122070313,1456.4000244140625,409.6000061035156,122.4800033569336,125.1999969482422,912.0,1773.4000244140625,792.0999755859375,31615.0,665.5,3069.5,14025.0,542.8499755859375,2914.89990234375,1734.9000244140625,3681.89990234375,61.08000183105469,321.20001220703125,645.4000244140625,1168.0,6212.0,405.7999877929687,157.5500030517578,750.9000244140625,3561.300048828125,1617.0,3044.60009765625,3633.699951171875,,3266.800048828125,1442.800048828125,5583.0,2841.5,11905.0,133.02000427246094,1540.300048828125,989.5,644.2000122070312,501.6499938964844,441.2000122070313,1261.4000244140625,2921.10009765625,254.3099975585937,21.549999237060547,902.7000122070312
2025-05-19,1021.25,5838.0,215.19000244140625,888.9000244140625,2540.60009765625,1014.0,1398.300048828125,5324.0,6252.0,565.5499877929688,280.2300109863281,1805.9000244140625,6974.5,120.54499816894533,2331.39990234375,1419.0999755859375,686.6500244140625,1205.9000244140625,1202.800048828125,8851.0,2038.300048828125,13973.0,925.5499877929688,170.5500030517578,239.97999572753903,117.94000244140624,1823.9000244140625,363.75,1257.300048828125,1818.300048828125,243.77999877929688,341.6000061035156,1618.0,31560.0,317.20001220703125,5519.5,2486.333251953125,790.3200073242188,107.95999908447266,1450.800048828125,696.6500244140625,1634.4000244140625,1491.5999755859375,402.7000122070313,1655.0999755859375,2711.5,597.5599975585938,351.3500061035156,2994.10009765625,483.4500122070313,2063.89990234375,351.25,6580.0,16574.0,737.6500244140625,4206.7998046875,1219.0,5530.0,238.02999877929688,392.7999877929687,201.8999938964844,685.8499755859375,189.47999572753903,1438.5,87.43000030517578,1291.5,2231.10009765625,2727.0,5016.2998046875,1585.0,1649.5999755859375,2406.35009765625,969.3499755859376,750.9500122070312,4387.7001953125,658.3499755859375,404.8999938964844,2382.699951171875,448.2000122070313,234.77000427246097,1449.0,1884.699951171875,623.4500122070312,6.71999979019165,68.66000366210938,197.6300048828125,771.9500122070312,611.5,5574.5,784.0499877929688,389.1000061035156,1559.800048828125,185.6100006103516,144.69000244140625,174.22999572753906,141.49000549316406,435.3500061035156,973.0499877929688,277.04998779296875,515.3499755859375,1019.5999755859376,694.5,559.3499755859375,6104.5,3461.699951171875,1077.9000244140625,422.239990234375,1345.5999755859375,607.3499755859375,601.6500244140625,855.0499877929688,1422.0,3600.199951171875,175.2899932861328,,2029.5999755859373,3128.0,228.6699981689453,2564.199951171875,716.5999755859375,12989.0,1188.0,3409.89990234375,1295.300048828125,1390.9000244140625,98.42666625976562,2534.5,2085.10009765625,181.92999267578125,1467.0,115.93000030517578,1203.9000244140625,88.98999786376953,70.26000213623047,345.1499938964844,1363.5999755859375,196.6499938964844,1734.5999755859375,8621.0,422.9500122070313,246.5800018310547,48090.0,577.3666381835938,870.9500122070312,5669.5,320.79998779296875,419.2000122070313,787.4500122070312,1606.5,1534.050048828125,3759.0,100.91000366210938,1054.9000244140625,1694.5,6102.5,304.04998779296875,15990.0,205.42999267578125,1090.0999755859375,1439.800048828125,211.8000030517578,407.0499877929687,1440.800048828125,431.5,122.11000061035156,126.3000030517578,914.5999755859376,1770.0,795.0,31600.0,677.7999877929688,3104.39990234375,13704.0,536.0999755859375,2977.0,1730.199951171875,3839.39990234375,61.52999877929688,323.5,642.0,1149.300048828125,6245.0,408.1000061035156,157.57000732421875,759.7999877929688,3518.800048828125,1597.800048828125,3126.39990234375,3617.699951171875,,3302.800048828125,1424.300048828125,5551.0,2825.10009765625,11929.0,136.97000122070312,1556.0,1009.4000244140624,645.5,494.7999877929687,442.0499877929687,1270.0,2948.39990234375,251.75,21.200000762939453,911.25
2025-05-20,994.4000244140624,5738.5,213.83999633789065,869.75,2501.60009765625,983.9500122070312,1384.5999755859375,5259.0,6444.0,562.0499877929688,277.70001220703125,1794.5,6912.0,120.95999908447266,2295.60009765625,1365.199951171875,687.5,1191.800048828125,1195.800048828125,8565.0,2005.0999755859373,12932.0,907.9000244140624,164.89999389648438,236.42999267578125,116.16999816894533,1797.800048828125,363.7999877929687,1227.4000244140625,1808.9000244140625,244.42999267578125,332.5,1610.199951171875,31515.0,312.8999938964844,5428.0,2461.833251953125,773.4000244140625,107.04000091552734,1448.5999755859375,691.0,1609.300048828125,1454.4000244140625,408.1000061035156,1641.0999755859375,2629.39990234375,581.5599975585938,345.79998779296875,2949.699951171875,475.6499938964844,2057.199951171875,349.54998779296875,6452.5,16566.0,753.5,4071.5,1224.199951171875,5387.5,228.27999877929688,383.3500061035156,198.1600036621093,679.1500244140625,191.1000061035156,1436.199951171875,85.80999755859375,1260.800048828125,2169.0,2720.800048828125,4851.2998046875,1559.800048828125,1638.300048828125,2382.699951171875,957.4500122070312,747.0499877929688,4241.60009765625,662.75,397.3999938964844,2341.10009765625,435.2999877929687,226.0399932861328,1438.199951171875,1875.199951171875,613.0,6.550000190734863,67.18000030517578,197.4499969482422,752.75,610.75,5442.0,782.25,386.5,1560.5999755859375,185.4499969482422,141.9199981689453,169.52999877929688,136.7100067138672,434.8999938964844,957.5999755859376,271.45001220703125,504.7000122070313,1012.7000122070312,679.3499755859375,546.1500244140625,6003.5,3461.199951171875,1064.9000244140625,418.0199890136719,1317.699951171875,593.25,588.3499755859375,850.7000122070312,1380.199951171875,3567.800048828125,171.1699981689453,,1966.9000244140625,3063.5,228.1100006103516,2549.199951171875,704.0499877929688,12638.0,1164.699951171875,3330.300048828125,1266.9000244140625,1377.4000244140625,97.2866668701172,2532.39990234375,2030.699951171875,179.07000732421875,1438.5,110.88999938964844,1179.25,86.61000061035156,69.27999877929688,342.6000061035156,1363.5,199.02999877929688,1699.199951171875,8436.5,423.2999877929687,249.2599945068359,47365.0,568.933349609375,850.75,5647.0,316.79998779296875,406.25,822.25,1579.4000244140625,1501.4000244140625,3730.199951171875,100.48999786376952,1041.5,1649.699951171875,6013.5,297.8999938964844,15888.0,205.77999877929688,1068.0,1419.5999755859375,208.22999572753903,393.6000061035156,1424.5999755859375,415.0499877929687,122.5199966430664,122.18000030517578,898.8499755859375,1757.800048828125,785.6500244140625,31525.0,658.3499755859375,3127.699951171875,13489.0,524.4500122070312,2950.300048828125,1707.800048828125,3723.800048828125,60.34999847412109,311.3500061035156,628.5,1128.5,6195.5,398.9500122070313,158.69000244140625,743.75,3498.300048828125,1576.0,2999.5,3580.60009765625,,3241.5,1390.4000244140625,5449.5,2751.199951171875,11697.0,138.44000244140625,1556.5999755859375,982.5999755859376,628.7000122070312,480.2999877929687,435.3500061035156,1239.4000244140625,2915.800048828125,249.7100067138672,20.81999969482422,883.2999877929688
2025-05-21,1012.2000122070312,5886.5,221.4600067138672,872.1500244140625,2500.39990234375,996.5,1384.5999755859375,5374.0,6611.0,567.7999877929688,286.6199951171875,1814.4000244140625,6984.0,122.30500030517578,2312.39990234375,1377.699951171875,692.9000244140625,1204.0999755859375,1197.800048828125,8687.5,2037.300048828125,13142.0,919.75,168.22000122070312,241.3000030517578,117.95999908447266,1879.199951171875,383.0,1229.0,1822.5,247.4199981689453,340.6499938964844,1579.300048828125,31655.0,315.8500061035156,5493.5,2435.0,777.5,107.83999633789062,1450.300048828125,694.0,1656.0,1482.4000244140625,405.3500061035156,1653.199951171875,2659.300048828125,585.239990234375,349.04998779296875,2980.89990234375,481.75,2089.300048828125,348.1000061035156,6552.0,15612.0,775.1500244140625,4112.7001953125,1224.699951171875,5409.0,229.97000122070312,384.7999877929687,200.82000732421875,672.0499877929688,190.63999938964844,1440.0999755859375,87.62999725341797,1280.0,2181.0,2706.89990234375,5001.10009765625,1577.199951171875,1652.0,2407.75,963.4000244140624,759.7000122070312,4263.7998046875,663.0,404.8999938964844,2363.89990234375,442.0499877929687,229.33999633789065,1444.699951171875,1878.0999755859373,618.1500244140625,6.760000228881836,66.66999816894531,199.17999267578125,773.0999755859375,601.7000122070312,5461.5,769.9500122070312,387.9500122070313,1568.5,185.7599945068359,143.38999938964844,172.2100067138672,138.0800018310547,433.0,968.5,274.3500061035156,504.7999877929687,1000.9000244140624,674.4000244140625,552.0499877929688,5951.0,3431.39990234375,1056.9000244140625,414.260009765625,1331.5999755859375,597.0499877929688,595.75,853.7999877929688,1409.0,3589.0,173.5800018310547,,1996.0,3090.699951171875,228.0599975585937,2531.39990234375,709.6500244140625,12615.0,1142.0999755859375,3411.5,1274.0999755859375,1396.699951171875,98.82666778564452,2557.60009765625,2089.60009765625,181.75,1475.5,113.20999908447266,1196.300048828125,87.62000274658203,70.1500015258789,346.1499938964844,1379.0,200.47999572753903,1731.9000244140625,8383.5,426.5,248.67999267578125,47620.0,575.0,843.0999755859375,5670.0,321.75,412.7000122070313,792.5999755859375,1617.800048828125,1493.0999755859375,3709.89990234375,101.9000015258789,1050.800048828125,1726.699951171875,6055.0,296.1499938964844,16601.0,206.1499938964844,1083.0999755859375,1432.5999755859375,207.83999633789065,400.2000122070313,1429.199951171875,412.0499877929687,124.87999725341795,120.98999786376952,903.1500244140624,1763.9000244140625,787.0999755859375,31490.0,658.0,3290.800048828125,14192.0,525.0499877929688,2951.300048828125,1731.800048828125,3826.0,61.27999877929688,313.79998779296875,639.3499755859375,1138.800048828125,6184.5,401.8500061035156,161.63999938964844,757.2000122070312,3525.800048828125,1598.199951171875,3002.699951171875,3580.5,,3289.0,1398.699951171875,5443.5,2767.300048828125,11666.0,139.4600067138672,1557.4000244140625,998.5499877929688,638.4000244140625,479.1499938964844,437.75,1268.5999755859375,2982.39990234375,250.9199981689453,20.979999542236328,889.6500244140625
2025-05-22,992.0999755859376,5924.0,221.4499969482422,879.0,2487.60009765625,985.8499755859376,1371.4000244140625,5299.0,6561.5,567.75,291.3599853515625,1829.5,6954.5,119.4000015258789,2299.199951171875,1442.4000244140625,689.1500244140625,1188.199951171875,1188.5,8733.5,2001.0,13198.0,913.9000244140624,165.60000610351562,241.22999572753903,116.4499969482422,1924.5999755859373,383.3999938964844,1239.5999755859375,1831.4000244140625,247.57000732421875,333.1000061035156,1558.9000244140625,31740.0,313.04998779296875,5437.5,2332.166748046875,776.52001953125,106.83999633789062,1455.5,696.4500122070312,1626.9000244140625,1468.5,398.8500061035156,1652.4000244140625,2487.10009765625,590.3599853515625,346.0,2977.5,477.0499877929687,2106.89990234375,350.8999938964844,6538.0,15170.0,775.7999877929688,4082.699951171875,1222.199951171875,5387.0,229.02000427246097,382.3999938964844,201.1699981689453,723.7999877929688,192.6100006103516,1431.4000244140625,88.94999694824219,1264.0,2164.5,2674.60009765625,5040.0,1566.4000244140625,1633.0,2392.300048828125,959.9500122070312,755.8499755859375,4276.2998046875,649.5499877929688,401.25,2330.699951171875,442.3999938964844,227.5599975585937,1442.0999755859375,1868.5999755859373,619.75,6.75,66.87000274658203,194.8300018310547,769.5499877929688,592.4000244140625,5503.0,785.0,383.9500122070313,1547.5,184.17999267578125,143.2899932861328,170.6999969482422,136.8300018310547,426.1000061035156,959.9500122070312,274.54998779296875,499.9500122070313,1005.5999755859376,674.25,554.0999755859375,5932.5,3458.199951171875,1049.800048828125,413.1600036621094,1320.199951171875,590.6500244140625,593.2999877929688,845.7000122070312,1409.699951171875,3551.39990234375,173.7100067138672,,1968.699951171875,3006.300048828125,229.6600036621093,2439.199951171875,698.25,12445.0,1148.199951171875,3500.0,1274.0,1414.0,98.8000030517578,2543.699951171875,2096.5,184.9499969482422,1461.0,113.11000061035156,1180.8499755859375,87.5,71.19000244140625,341.3999938964844,1360.4000244140625,201.44000244140625,1728.0,8294.0,418.3500061035156,241.6699981689453,47865.0,570.433349609375,828.4500122070312,5582.5,320.25,406.6000061035156,756.0999755859375,1592.9000244140625,1497.25,3644.39990234375,100.37000274658205,1044.300048828125,1763.699951171875,5948.0,290.8999938964844,17320.0,206.32000732421875,1083.5,1419.699951171875,207.88999938964844,401.7999877929687,1409.4000244140625,404.8999938964844,125.73999786376952,126.06999969482422,885.25,1759.300048828125,785.25,31410.0,649.75,3304.60009765625,15008.0,528.0499877929688,2905.199951171875,1718.699951171875,3822.0,61.0099983215332,315.04998779296875,635.0999755859375,1126.699951171875,6202.5,395.6000061035156,161.2899932861328,763.6500244140625,3477.0,1565.5999755859375,2984.89990234375,3541.0,,3212.0,1394.5999755859375,5342.0,2802.800048828125,11680.0,139.94000244140625,1568.4000244140625,1028.5,631.9500122070312,469.5499877929687,435.1000061035156,1272.0,2996.89990234375,245.94000244140625,20.96999931335449,903.4500122070312
2025-05-23,1017.4500122070312,5961.0,222.2899932861328,876.5499877929688,2540.0,986.9500122070312,1395.4000244140625,5288.0,6405.5,570.9000244140625,307.95001220703125,1830.199951171875,7064.5,119.80500030517578,2315.5,1456.699951171875,696.2000122070312,1197.0999755859375,1210.0999755859375,8741.0,2036.5,13748.0,924.3499755859376,165.4600067138672,243.0399932861328,117.05999755859376,1909.0999755859373,383.7999877929687,1245.0999755859375,1831.699951171875,254.8000030517578,330.75,1557.4000244140625,32130.0,318.8999938964844,5486.5,2448.0,776.9000244140625,107.20999908447266,1462.300048828125,696.4500122070312,1628.0,1484.199951171875,401.5,1664.300048828125,2479.39990234375,576.719970703125,351.54998779296875,2940.39990234375,481.9500122070313,2143.0,354.5,6483.0,15019.0,776.5,4140.7998046875,1230.0999755859375,5400.0,237.5500030517578,382.1499938964844,203.42999267578125,719.0499877929688,191.27999877929688,1420.199951171875,86.86000061035156,1277.4000244140625,2182.39990234375,2659.39990234375,4961.60009765625,1573.5999755859375,1648.199951171875,2407.050048828125,966.7999877929688,780.4000244140625,4308.7998046875,650.0999755859375,408.1000061035156,2359.199951171875,447.0499877929687,227.77999877929688,1449.800048828125,1895.0999755859373,642.2000122070312,6.760000228881836,67.08999633789062,195.02999877929688,770.4500122070312,594.0999755859375,5521.0,793.4000244140625,383.6000061035156,1564.800048828125,184.97999572753903,144.05999755859375,171.85000610351562,136.7100067138672,436.2999877929687,953.4000244140624,281.75,496.6000061035156,1008.5,664.4500122070312,553.5999755859375,6024.5,3440.5,1072.199951171875,420.1600036621094,1329.0,593.2999877929688,596.9500122070312,860.25,1412.800048828125,3599.89990234375,175.10000610351562,,1978.9000244140625,3012.699951171875,230.72999572753903,2432.39990234375,700.8499755859375,12453.0,1177.0999755859375,3502.300048828125,1298.5,1470.0,98.81999969482422,2541.39990234375,2090.0,183.83999633789065,1489.0,112.48999786376952,1207.199951171875,85.97000122070312,72.48999786376953,344.6000061035156,1361.199951171875,203.2899932861328,1738.300048828125,8366.5,425.9500122070313,244.2400054931641,47495.0,566.933349609375,843.9500122070312,5662.0,319.8999938964844,405.7999877929687,774.4000244140625,1598.5,1515.8499755859375,3680.800048828125,100.37999725341795,1043.199951171875,1777.5999755859375,5883.5,298.1000061035156,17156.0,205.3300018310547,1062.25,1436.199951171875,209.9499969482422,402.5,1426.800048828125,398.6499938964844,125.91999816894533,126.98999786376952,897.7000122070312,1798.699951171875,790.5,31495.0,659.8499755859375,3277.300048828125,15334.0,537.2999877929688,2900.199951171875,1683.5999755859375,3914.199951171875,62.209999084472656,323.6499938964844,637.25,1140.800048828125,6290.5,402.0499877929687,162.97000122070312,764.75,3514.60009765625,1580.300048828125,3046.800048828125,3579.699951171875,,3174.699951171875,1401.9000244140625,5435.5,2780.60009765625,11746.0,140.42999267578125,1578.9000244140625,1009.25,630.5,488.75,440.0499877929687,1260.300048828125,2765.0,247.3600006103516,21.14999961853028,908.5999755859376
2025-05-26,1016.75,5996.5,221.9499969482422,878.7000122070312,2547.699951171875,1011.8499755859376,1400.199951171875,5249.0,6425.0,567.1500244140625,298.8999938964844,1838.300048828125,7096.5,119.94499969482422,2327.199951171875,1508.699951171875,698.9000244140625,1180.9000244140625,1215.199951171875,8958.5,2052.60009765625,13978.0,926.9500122070312,165.6199951171875,241.52000427246097,117.30999755859376,1909.4000244140625,384.5499877929687,1249.699951171875,1847.4000244140625,261.8599853515625,332.3500061035156,1551.9000244140625,32485.0,322.95001220703125,5525.0,2450.0,795.5399780273438,107.4800033569336,1468.9000244140625,697.75,1644.800048828125,1484.199951171875,402.7000122070313,1691.0999755859375,2510.300048828125,593.9199829101562,356.95001220703125,2944.60009765625,480.2999877929687,2056.10009765625,362.5499877929687,6737.0,15085.0,777.7999877929688,4138.39990234375,1240.9000244140625,5427.5,226.8000030517578,386.7999877929687,201.8999938964844,708.2000122070312,193.1499938964844,1390.0999755859375,86.51000213623047,1284.5,2246.89990234375,2656.39990234375,5003.2001953125,1567.4000244140625,1673.5999755859375,2415.39990234375,970.0999755859376,780.0,4359.39990234375,661.4500122070312,414.6000061035156,2394.10009765625,450.9500122070313,238.2599945068359,1460.5999755859375,1843.300048828125,650.0,6.929999828338623,66.62000274658203,194.5,774.7999877929688,594.8499755859375,5420.0,800.0999755859375,380.5,1580.5,190.6300048828125,143.5800018310547,173.5500030517578,140.17999267578125,442.8999938964844,954.7999877929688,281.75,504.8999938964844,1032.300048828125,661.5499877929688,568.3499755859375,5975.0,3496.39990234375,1072.5999755859375,417.8599853515625,1335.5,595.0499877929688,603.3499755859375,870.0499877929688,1439.0999755859375,3648.699951171875,174.2899932861328,,1987.300048828125,3080.199951171875,230.3600006103516,2430.300048828125,711.3499755859375,12421.0,1174.0999755859375,3550.199951171875,1291.4000244140625,1476.5,99.99333190917967,2546.0,2095.0,183.5399932861328,1473.5,114.2699966430664,1227.0,87.05999755859375,73.23999786376953,343.5,1377.199951171875,200.2599945068359,1741.4000244140625,8451.5,427.7000122070313,245.94000244140625,47230.0,579.9666748046875,870.0,5691.0,318.29998779296875,412.5,771.5499877929688,1596.9000244140625,1522.5999755859375,3683.60009765625,100.95999908447266,1046.800048828125,1788.4000244140625,5949.5,296.70001220703125,16339.0,205.27000427246097,1043.699951171875,1438.699951171875,204.6199951171875,406.7999877929687,1434.800048828125,412.0499877929687,127.79000091552734,123.22000122070312,906.5,1801.5999755859373,794.4000244140625,31100.0,664.5,3248.699951171875,15885.0,545.0,2891.39990234375,1676.0999755859375,4036.199951171875,64.37000274658203,320.8500061035156,650.1500244140625,1146.300048828125,6431.5,402.6000061035156,162.50999450683594,763.4000244140625,3537.300048828125,1601.4000244140625,3057.10009765625,3610.300048828125,,3187.39990234375,1426.0999755859375,5526.0,2776.800048828125,11689.0,140.41000366210938,1555.5,1013.0,632.0499877929688,482.7000122070313,445.5499877929687,1253.800048828125,2804.39990234375,250.2400054931641,20.989999771118164,912.8499755859376
2025-05-27,1009.2999877929688,6014.5,221.02999877929688,879.1500244140625,2540.300048828125,1013.0,1404.199951171875,5266.0,6472.0,562.7000122070312,301.2900085449219,1843.5,7073.5,119.80999755859376,2327.60009765625,1527.4000244140625,701.2000122070312,1191.199951171875,1195.5999755859375,8963.0,2029.9000244140625,13803.0,917.0999755859376,168.9499969482422,241.5099945068359,116.72000122070312,1960.0999755859373,385.3999938964844,1250.4000244140625,1843.800048828125,260.1700134277344,335.04998779296875,1551.300048828125,32485.0,317.0,5496.5,2404.0,795.280029296875,108.43000030517578,1465.800048828125,694.7000122070312,1665.199951171875,1480.5,399.9500122070313,1691.9000244140625,2513.10009765625,614.9600219726562,357.0,2973.89990234375,484.1000061035156,2064.199951171875,363.0499877929687,6698.0,15091.0,774.0499877929688,4094.0,1243.199951171875,5389.5,224.7899932861328,385.2000122070313,202.47999572753903,704.9500122070312,193.97999572753903,1385.0,86.79000091552734,1269.5999755859375,2245.60009765625,2614.199951171875,5029.10009765625,1572.800048828125,1652.0999755859375,2404.199951171875,963.1500244140624,775.7999877929688,4338.2001953125,659.4500122070312,412.1499938964844,2380.199951171875,451.5,240.1499938964844,1446.4000244140625,1841.0,652.3499755859375,6.960000038146973,68.12000274658203,199.4499969482422,771.0499877929688,597.5499877929688,5313.5,820.7000122070312,383.8500061035156,1570.0999755859375,192.57000732421875,143.41000366210938,175.24000549316406,139.64999389648438,433.8999938964844,947.5,291.3999938964844,497.3500061035156,1013.7000122070312,665.5,562.75,5978.0,3533.60009765625,1079.199951171875,415.4800109863281,1329.800048828125,601.7999877929688,600.8499755859375,871.25,1453.4000244140625,3640.0,172.3000030517578,,1970.199951171875,3039.800048828125,231.8099975585937,2454.800048828125,715.6500244140625,12414.0,1159.4000244140625,3623.10009765625,1284.699951171875,1484.0999755859375,98.88666534423828,2537.800048828125,2062.60009765625,181.9499969482422,1452.5,114.97000122070312,1230.449951171875,87.22000122070312,72.73999786376953,338.54998779296875,1385.5,201.1300048828125,1751.199951171875,8402.5,431.2999877929687,244.5399932861328,46785.0,580.0999755859375,866.5499877929688,5645.5,316.8500061035156,413.1000061035156,765.2000122070312,1613.699951171875,1513.800048828125,3752.0,102.0199966430664,1040.5999755859375,1783.300048828125,5964.0,294.54998779296875,17302.0,203.3300018310547,1037.199951171875,1444.5,210.94000244140625,405.1499938964844,1422.0999755859375,415.4500122070313,128.5800018310547,121.01000213623048,915.9500122070312,1803.300048828125,793.7000122070312,30950.0,661.9000244140625,3299.10009765625,15890.0,544.9500122070312,2880.300048828125,1683.4000244140625,4200.39990234375,65.38999938964844,320.1499938964844,654.1500244140625,1138.4000244140625,6410.0,402.2000122070313,161.66000366210938,773.0499877929688,3498.699951171875,1592.4000244140625,3044.199951171875,3589.39990234375,,3175.699951171875,1425.4000244140625,5573.0,2799.699951171875,11421.0,141.08999633789062,1533.0999755859375,1010.3499755859376,630.3499755859375,485.5499877929687,448.0,1261.699951171875,2796.699951171875,248.25,21.1299991607666,918.0999755859376
2025-05-28,1024.949951171875,6015.0,219.02000427246097,869.0,2515.0,1001.8499755859376,1411.0,5264.5,6446.0,561.6500244140625,301.82000732421875,1835.300048828125,6956.5,119.31500244140624,2303.199951171875,1524.9000244140625,706.4500122070312,1147.800048828125,1194.699951171875,8849.0,2022.4000244140625,13617.0,926.75,169.2100067138672,243.02999877929688,119.94000244140624,1917.0999755859373,390.4500122070313,1249.199951171875,1856.0999755859373,266.6099853515625,334.3500061035156,1555.5,31630.0,321.70001220703125,5473.0,2404.0,796.47998046875,110.94000244140624,1519.300048828125,687.75,1647.0,1468.5,398.2000122070313,1693.4000244140625,2506.800048828125,622.47998046875,352.6499938964844,2976.10009765625,484.7000122070313,2049.89990234375,358.54998779296875,6636.0,14816.0,772.0,4042.300048828125,1242.5999755859375,5326.5,224.17999267578125,386.7000122070313,201.6199951171875,710.5999755859375,194.33999633789065,1380.0,86.27999877929688,1259.0,2232.10009765625,2577.60009765625,5017.7998046875,1548.800048828125,1657.300048828125,2413.699951171875,961.75,789.4500122070312,4362.2001953125,649.9500122070312,418.1000061035156,2362.0,452.6000061035156,237.2400054931641,1453.800048828125,1848.199951171875,658.0,7.119999885559082,67.98999786376953,197.8099975585937,761.2000122070312,608.1500244140625,5330.5,805.1500244140625,391.2999877929687,1571.800048828125,193.8800048828125,144.1999969482422,173.60000610351562,140.33999633789062,420.2000122070313,945.1500244140624,290.3500061035156,496.2999877929687,1001.0,659.75,570.5999755859375,5992.0,3638.10009765625,1078.199951171875,414.8599853515625,1331.699951171875,610.5,594.1500244140625,942.0,1467.800048828125,3646.300048828125,174.33999633789062,,1941.5999755859373,2997.800048828125,232.0800018310547,2483.800048828125,719.2999877929688,12331.0,1149.0,3663.89990234375,1292.800048828125,1503.5,99.13333129882812,2531.5,2092.39990234375,183.27000427246097,1433.0,115.5999984741211,1209.5,86.73999786376953,70.86000061035156,340.04998779296875,1384.699951171875,200.8300018310547,1725.9000244140625,8516.0,430.1499938964844,242.6699981689453,46095.0,582.3333129882812,852.5999755859375,5584.0,312.8500061035156,411.75,779.9000244140625,1590.0999755859375,1500.5,3855.5,102.29000091552734,1045.800048828125,1746.5,6057.5,291.1499938964844,18327.0,202.8800048828125,1040.449951171875,1451.800048828125,207.4900054931641,403.25,1412.9000244140625,416.1499938964844,128.9600067138672,122.37999725341795,908.25,1807.4000244140625,796.5499877929688,29895.0,655.7000122070312,3337.60009765625,16113.0,539.2000122070312,2897.39990234375,1666.4000244140625,4253.7998046875,66.31999969482422,320.20001220703125,650.25,1121.4000244140625,6471.0,396.3500061035156,161.24000549316406,757.5999755859375,3497.699951171875,1580.300048828125,3016.199951171875,3574.699951171875,,3165.89990234375,1396.199951171875,5559.0,2801.5,11238.0,143.02000427246094,1522.699951171875,1002.0,630.75,483.8999938964844,446.8500061035156,1257.800048828125,2797.10009765625,247.42999267578125,21.11000061035156,925.5999755859376
2025-05-29,1025.050048828125,6043.5,221.27000427246097,880.9500122070312,2540.800048828125,1019.0499877929688,1438.5999755859375,5294.5,6362.5,561.4500122070312,300.2200012207031,1827.0,6923.0,120.36499786376952,2294.300048828125,1501.800048828125,698.25,1172.9000244140625,1201.699951171875,8874.5,2010.9000244140625,13327.0,920.4000244140624,170.92999267578125,243.2400054931641,119.20999908447266,1973.5999755859373,386.7999877929687,1255.9000244140625,1863.5999755859373,266.4100036621094,335.6000061035156,1551.0999755859375,31255.0,319.1499938964844,5495.5,2464.5,794.5399780273438,110.7300033569336,1513.0,697.0499877929688,1607.800048828125,1476.9000244140625,398.2000122070313,1726.0999755859375,2486.89990234375,628.760009765625,359.29998779296875,3169.39990234375,482.1000061035156,2052.699951171875,360.1499938964844,6631.5,14808.0,793.75,4042.300048828125,1248.199951171875,5379.0,228.3699951171875,388.7999877929687,201.08999633789065,716.2999877929688,191.75,1406.4000244140625,86.4800033569336,1246.0999755859375,2239.39990234375,2573.60009765625,5000.7001953125,1550.699951171875,1664.699951171875,2422.449951171875,963.75,780.9000244140625,4356.60009765625,650.0,414.75,2366.699951171875,464.75,239.7100067138672,1456.5,1855.199951171875,668.4500122070312,7.139999866485596,67.9000015258789,199.8099975585937,762.3499755859375,601.0499877929688,5322.0,824.1500244140625,391.25,1585.5999755859375,191.3000030517578,143.6999969482422,176.64999389648438,139.9600067138672,418.75,971.3499755859376,287.8500061035156,500.8999938964844,1006.2000122070312,670.3499755859375,565.4000244140625,6027.0,3665.300048828125,1070.199951171875,416.3200073242187,1346.300048828125,614.5,596.0499877929688,944.4500122070312,1457.0,3655.300048828125,171.64999389648438,,1970.0999755859373,3009.0,231.8099975585937,2461.800048828125,723.4500122070312,12392.0,1135.199951171875,3751.199951171875,1314.5,1489.5999755859375,101.3933334350586,2566.39990234375,2065.199951171875,183.6199951171875,1448.0,116.1999969482422,1217.5,87.08000183105469,72.29000091552734,339.3500061035156,1391.9000244140625,204.5099945068359,1740.9000244140625,8499.5,444.25,243.0399932861328,46345.0,585.7000122070312,877.0999755859375,5670.0,314.0,413.5,770.4500122070312,1578.5,1514.800048828125,3875.5,102.30999755859376,1042.5999755859375,1784.300048828125,6002.5,293.1000061035156,18959.0,205.08999633789065,1063.8499755859375,1500.9000244140625,215.8000030517578,408.25,1417.800048828125,418.1000061035156,129.9600067138672,122.22000122070312,914.25,1825.0,797.3499755859375,29915.0,652.25,3349.199951171875,16249.0,542.6500244140625,2892.300048828125,1699.800048828125,4247.39990234375,65.41999816894531,328.8500061035156,647.75,1109.800048828125,6499.5,397.2999877929687,163.1199951171875,771.2000122070312,3498.10009765625,1600.0,3054.89990234375,3588.300048828125,,3161.10009765625,1400.4000244140625,5657.0,2808.60009765625,11269.0,141.11000061035156,1522.5999755859375,1007.5,631.0,483.0499877929687,451.6499938964844,1262.0999755859375,3017.10009765625,250.13999938964844,21.309999465942383,924.75
2025-05-30,997.4500122070312,5971.0,222.5099945068359,867.2000122070312,2519.89990234375,1014.3499755859376,1432.800048828125,5098.5,6491.5,553.5,303.5599975585937,1811.699951171875,6880.5,118.01499938964844,2259.10009765625,1498.0999755859375,693.0499877929688,1147.800048828125,1192.199951171875,8607.0,2017.4000244140625,13414.0,918.0499877929688,170.19000244140625,249.5500030517578,121.94000244140624,2015.5,384.6000061035156,1240.9000244140625,1856.199951171875,259.8299865722656,335.8500061035156,1532.300048828125,31415.0,318.3999938964844,5510.5,2674.0,792.219970703125,114.76000213623048,1529.699951171875,686.7000122070312,1601.0,1465.699951171875,397.2999877929687,1710.0999755859375,2455.89990234375,627.52001953125,352.8999938964844,3268.10009765625,482.9500122070313,2016.4000244140625,358.0,6612.0,14692.0,797.8499755859375,4002.10009765625,1251.199951171875,5333.5,238.3099975585937,386.8500061035156,202.0599975585937,706.2999877929688,189.8000030517578,1457.0999755859375,84.08000183105469,1231.4000244140625,2243.800048828125,2545.800048828125,4974.10009765625,1527.0,1636.5999755859375,2391.5,972.4500122070312,776.8499755859375,4309.2998046875,633.5,411.0499877929687,2348.300048828125,458.2000122070313,241.2400054931641,1445.800048828125,1875.4000244140625,662.4000244140625,6.920000076293945,67.97000122070312,200.5500030517578,769.8499755859375,616.5999755859375,5330.0,816.9500122070312,384.1499938964844,1562.699951171875,195.0,141.97000122070312,174.72999572753906,138.9499969482422,418.0499877929687,948.9000244140624,286.6499938964844,487.9500122070313,993.5,655.5499877929688,560.4000244140625,5980.0,3610.199951171875,1078.699951171875,414.9400024414063,1337.800048828125,609.5999755859375,596.4500122070312,954.4500122070312,1425.5,3675.10009765625,171.2899932861328,,1957.699951171875,2976.800048828125,238.6600036621093,2467.699951171875,716.4500122070312,12319.0,1125.199951171875,3478.199951171875,1320.4000244140625,1502.699951171875,102.08000183105467,2558.800048828125,2215.39990234375,180.3500061035156,1427.5,123.36000061035156,1198.0999755859375,87.41000366210938,71.16999816894531,333.8999938964844,1438.9000244140625,203.2599945068359,1746.300048828125,8462.5,426.7999877929687,239.3999938964844,46380.0,557.0999755859375,890.4500122070312,5638.0,307.29998779296875,405.9500122070313,771.4500122070312,1537.0999755859375,1553.5999755859375,3823.699951171875,105.81999969482422,1044.9000244140625,1761.5999755859375,5991.0,289.75,19298.0,206.3000030517578,1061.5999755859375,1466.5999755859375,213.07000732421875,402.2999877929687,1420.9000244140625,405.5499877929687,129.17999267578125,124.12000274658205,921.0499877929688,1812.199951171875,812.2999877929688,29595.0,639.3499755859375,3265.60009765625,16104.0,543.9500122070312,2861.0,1677.5999755859375,4146.2001953125,71.4800033569336,333.04998779296875,646.5499877929688,1106.300048828125,6439.5,392.7999877929687,161.02000427246094,773.5999755859375,3463.39990234375,1573.9000244140625,3062.10009765625,3555.0,,3174.699951171875,1374.0,5643.5,2780.800048828125,11210.0,146.7899932861328,1520.0999755859375,1006.6500244140624,627.9000244140625,475.9500122070313,435.5499877929687,1262.800048828125,2978.89990234375,249.6699981689453,21.479999542236328,930.0
2025-06-02,1019.5,5974.5,224.1600036621093,874.8499755859375,2518.800048828125,1009.0999755859376,1468.0,5096.5,6382.0,555.5499877929688,314.94000244140625,1808.9000244140625,6915.5,118.125,2266.699951171875,1509.5999755859375,718.6500244140625,1136.800048828125,1194.4000244140625,8513.5,2029.0,13418.0,911.8499755859376,172.75,254.77000427246097,125.25,1974.5999755859373,387.5,1256.9000244140625,1854.0999755859373,261.3999938964844,334.0,1545.800048828125,31230.0,316.6000061035156,5605.0,2693.300048828125,827.8400268554688,116.83999633789062,1682.9000244140625,679.0999755859375,1581.0,1470.199951171875,399.7000122070313,1717.0999755859375,2474.300048828125,622.47998046875,354.45001220703125,3319.300048828125,484.4500122070313,2076.0,366.6000061035156,6539.0,14612.0,810.7000122070312,4025.5,1247.699951171875,5361.0,241.1999969482422,387.3500061035156,206.25,722.3499755859375,191.7100067138672,1497.5,85.54000091552734,1266.0999755859375,2281.60009765625,2524.10009765625,5017.10009765625,1514.800048828125,1631.5,2410.60009765625,966.0499877929688,766.7000122070312,4232.2998046875,631.0999755859375,408.2000122070313,2371.60009765625,453.1499938964844,247.6600036621093,1450.5,1863.699951171875,664.1500244140625,7.03000020980835,68.69000244140625,200.6300048828125,783.5999755859375,646.25,5333.0,812.7000122070312,382.5,1553.800048828125,185.3699951171875,143.3800048828125,175.2100067138672,142.02000427246094,419.2999877929687,943.6500244140624,286.45001220703125,497.5499877929687,978.7999877929688,660.4000244140625,556.6500244140625,5821.0,3596.0,1124.4000244140625,412.7200012207031,1331.5999755859375,611.0999755859375,602.4000244140625,962.4000244140624,1433.9000244140625,3679.60009765625,175.0,,1961.0999755859373,3025.89990234375,237.3500061035156,2414.300048828125,704.3499755859375,12290.0,1151.5999755859375,3384.5,1339.800048828125,1522.300048828125,100.6266632080078,2491.10009765625,2222.300048828125,180.77000427246097,1430.800048828125,124.8000030517578,1203.1500244140625,87.31999969482422,70.7699966430664,332.54998779296875,1466.199951171875,194.5500030517578,1768.0999755859375,8396.5,423.6000061035156,238.3099975585937,45915.0,565.7333374023438,924.3499755859376,5519.0,304.8500061035156,409.3500061035156,790.25,1581.5,1540.0999755859375,3827.89990234375,108.45999908447266,1073.300048828125,1757.699951171875,5926.5,293.04998779296875,19221.0,205.67999267578125,1077.300048828125,1539.5999755859375,213.8600006103516,403.8999938964844,1413.699951171875,406.8999938964844,130.69000244140625,123.83999633789062,923.6500244140624,1802.5,813.6500244140625,29410.0,642.5499877929688,3292.0,16294.0,541.4000244140625,2898.89990234375,1674.5999755859375,4206.2001953125,71.19000244140625,333.29998779296875,649.0,1120.4000244140625,6417.0,396.8500061035156,159.0399932861328,774.2999877929688,3449.800048828125,1549.0999755859375,3055.699951171875,3525.5,,3127.800048828125,1396.5,5621.5,2763.39990234375,11195.0,153.1699981689453,1549.199951171875,1018.5,636.3499755859375,481.6499938964844,432.3999938964844,1246.0,2920.5,247.67999267578125,23.280000686645508,928.0
2025-06-03,1014.1500244140624,5995.0,222.52000427246097,856.5499877929688,2470.89990234375,992.5999755859376,1432.300048828125,4996.5,6327.5,552.4000244140625,310.5799865722656,1815.5999755859373,6812.5,118.05500030517578,2255.699951171875,1495.699951171875,728.2999877929688,1143.800048828125,1181.5,8563.0,1991.9000244140625,13158.0,897.9000244140625,170.02000427246094,253.6600036621093,124.58999633789062,1976.9000244140625,386.0,1270.4000244140625,1841.300048828125,252.9499969482422,337.20001220703125,1543.199951171875,31355.0,309.75,5575.5,2764.89990234375,838.8800048828125,115.91000366210938,1708.9000244140625,678.3499755859375,1566.300048828125,1473.199951171875,392.8500061035156,1699.800048828125,2475.199951171875,628.719970703125,349.20001220703125,3318.60009765625,485.6499938964844,2062.0,369.7000122070313,6530.0,14453.0,804.5499877929688,4055.199951171875,1248.300048828125,5354.0,237.6999969482422,386.2000122070313,211.3000030517578,729.6500244140625,191.9100036621093,1514.0,85.33999633789062,1238.5,2284.39990234375,2552.39990234375,4989.2001953125,1502.300048828125,1630.4000244140625,2394.75,962.2999877929688,757.9000244140625,4208.60009765625,632.0,402.0,2352.300048828125,468.75,247.07000732421875,1437.9000244140625,1861.0999755859373,640.9000244140625,6.769999980926514,66.9800033569336,201.1699981689453,760.9500122070312,632.4000244140625,5383.5,800.8499755859375,380.8500061035156,1543.0,181.33999633789065,141.0399932861328,172.72999572753906,140.80999755859375,416.9500122070313,946.4000244140624,283.8999938964844,499.0499877929687,973.7999877929688,656.2000122070312,556.6500244140625,5788.0,3535.5,1135.300048828125,408.8999938964844,1321.0999755859375,619.5999755859375,608.0999755859375,953.6500244140624,1446.5999755859375,3644.800048828125,173.52000427246094,,1954.0,3046.5,237.1699981689453,2352.39990234375,703.5999755859375,12128.0,1138.9000244140625,3438.60009765625,1366.5,1513.199951171875,100.27333068847656,2501.39990234375,2234.39990234375,182.1000061035156,1425.300048828125,123.41999816894533,1195.699951171875,85.08999633789062,70.69000244140625,328.25,1449.5999755859375,195.47999572753903,1797.300048828125,8369.5,418.1499938964844,237.27000427246097,45930.0,562.9000244140625,928.25,5485.0,305.20001220703125,407.25,764.6500244140625,1616.5999755859375,1548.050048828125,3812.10009765625,109.44000244140624,1050.699951171875,1739.9000244140625,5871.0,288.25,19482.0,203.7599945068359,1082.699951171875,1584.5999755859375,211.0800018310547,400.4500122070313,1405.5,403.75,130.2100067138672,123.6999969482422,916.2999877929688,1775.300048828125,809.7999877929688,29375.0,648.25,3314.0,16619.0,533.75,2954.300048828125,1667.5,4192.7001953125,68.1500015258789,333.20001220703125,641.0499877929688,1114.5999755859375,6407.0,391.5,157.35000610351562,767.5,3405.199951171875,1543.800048828125,3033.300048828125,3519.800048828125,,3135.0,1403.300048828125,5590.0,2744.800048828125,11035.0,151.63999938964844,1579.5999755859375,1025.5999755859375,635.3499755859375,474.3999938964844,434.0,1228.0999755859375,2887.10009765625,246.22000122070312,20.86000061035156,926.4000244140624
2025-06-04,1024.25,6041.5,225.08999633789065,866.0,2489.39990234375,1004.7999877929688,1436.199951171875,4868.5,6240.0,552.4500122070312,312.8599853515625,1894.4000244140625,6855.0,117.80999755859376,2249.0,1522.4000244140625,725.2000122070312,1138.699951171875,1171.0,8563.5,1956.0999755859373,13414.0,898.7000122070312,169.02000427246094,254.6100006103516,124.88999938964844,1947.4000244140625,390.6000061035156,1270.699951171875,1875.4000244140625,253.75,336.3999938964844,1551.5,31415.0,311.54998779296875,5542.0,2797.10009765625,834.6799926757812,117.31999969482422,1701.300048828125,689.9500122070312,1512.699951171875,1471.9000244140625,394.6000061035156,1724.5,2482.10009765625,644.0,347.5,3346.89990234375,491.8500061035156,2060.0,369.3999938964844,6618.0,14956.0,803.4000244140625,4074.5,1251.9000244140625,5319.5,245.67999267578125,388.8999938964844,210.97000122070312,738.8499755859375,189.52000427246097,1512.800048828125,83.98999786376953,1227.199951171875,2263.800048828125,2549.699951171875,4959.7998046875,1500.0,1626.0999755859375,2369.800048828125,970.5999755859376,758.7999877929688,4200.60009765625,635.8499755859375,406.6000061035156,2364.5,468.0,247.5399932861328,1431.0,1873.4000244140625,643.5999755859375,6.909999847412109,67.48999786376953,202.0099945068359,770.75,633.6500244140625,5416.0,814.3499755859375,383.3500061035156,1551.199951171875,184.44000244140625,140.6699981689453,174.0,144.9499969482422,417.0,951.7000122070312,290.3500061035156,509.0499877929687,968.5499877929688,686.2000122070312,556.7000122070312,5737.5,3628.60009765625,1170.300048828125,409.260009765625,1318.300048828125,623.3499755859375,603.3499755859375,953.25,1444.800048828125,3626.5,175.2100067138672,,1944.0,3053.39990234375,232.3699951171875,2345.89990234375,703.0499877929688,12163.0,1148.5999755859375,3412.699951171875,1374.0999755859375,1505.5,101.8066635131836,2503.300048828125,2272.300048828125,182.72000122070312,1410.5999755859375,124.87999725341795,1198.75,87.11000061035156,70.3499984741211,329.25,1464.5,195.0500030517578,1777.300048828125,8665.5,425.0,238.0500030517578,46345.0,560.066650390625,939.5499877929688,5504.0,307.45001220703125,404.7999877929687,759.5499877929688,1588.4000244140625,1547.6500244140625,3970.300048828125,109.54000091552734,1057.0,1841.4000244140625,5897.0,288.54998779296875,19801.0,205.94000244140625,1058.0,1581.5999755859375,212.47000122070312,400.8999938964844,1423.5,429.9500122070313,131.8300018310547,123.5,942.0499877929688,1775.9000244140625,806.5,29440.0,641.2000122070312,3309.300048828125,16809.0,538.0499877929688,3046.89990234375,1664.9000244140625,4286.5,66.72000122070312,362.75,647.4000244140625,1124.4000244140625,6447.5,393.6499938964844,158.17999267578125,759.5499877929688,3380.89990234375,1556.699951171875,3078.0,3499.800048828125,,3137.10009765625,1419.0999755859375,5506.5,2760.39990234375,11033.0,153.14999389648438,1584.0999755859375,1054.800048828125,642.5499877929688,467.7999877929687,436.8500061035156,1229.4000244140625,2880.89990234375,246.8600006103516,21.13999938964844,931.5
2025-06-05,1074.0,6031.5,225.1999969482422,872.2000122070312,2504.39990234375,1003.5999755859376,1456.699951171875,4843.5,6301.5,550.1500244140625,327.1700134277344,1914.9000244140625,6876.0,116.96499633789062,2243.5,1510.199951171875,720.0499877929688,1159.5,1159.0,8557.5,1944.0,13482.0,893.4000244140625,166.86000061035156,250.63999938964844,124.25,1968.800048828125,393.5,1269.5999755859375,1878.800048828125,252.0,330.6000061035156,1585.0,31455.0,309.79998779296875,5600.0,2909.800048828125,849.6599731445312,116.37999725341795,1778.800048828125,696.5,1511.5999755859375,1489.800048828125,394.8999938964844,1766.0,2453.199951171875,643.4000244140625,350.45001220703125,3349.199951171875,488.7000122070313,2089.199951171875,369.25,6628.5,14694.0,825.7000122070312,4153.5,1290.5999755859375,5308.5,256.5599975585937,391.1499938964844,207.07000732421875,754.75,190.6199951171875,1584.800048828125,84.91000366210938,1214.9000244140625,2312.0,2554.39990234375,5071.60009765625,1488.0,1632.4000244140625,2442.89990234375,974.7999877929688,761.5999755859375,4178.89990234375,637.25,401.0,2376.39990234375,491.6000061035156,241.94000244140625,1454.800048828125,1877.5,637.9000244140625,6.820000171661377,66.80000305175781,199.3300018310547,771.75,629.7000122070312,5482.0,803.2000122070312,384.3999938964844,1554.300048828125,184.0399932861328,139.24000549316406,176.44000244140625,145.27000427246094,419.1000061035156,949.8499755859376,291.5,508.1000061035156,968.75,686.0999755859375,554.0999755859375,5658.5,3641.39990234375,1206.0999755859375,407.9800109863281,1320.5,640.6500244140625,601.2000122070312,956.5999755859376,1461.699951171875,3642.60009765625,183.3600006103516,,1995.199951171875,3041.60009765625,234.5800018310547,2359.199951171875,703.1500244140625,12126.0,1137.4000244140625,3430.199951171875,1419.800048828125,1504.199951171875,103.75333404541016,2529.800048828125,2294.60009765625,182.3999938964844,1474.4000244140625,127.04000091552734,1200.6500244140625,87.62999725341797,70.80000305175781,328.6499938964844,1442.699951171875,198.1300048828125,1800.800048828125,8740.0,422.5,237.77000427246097,45835.0,560.5333251953125,941.2999877929688,5623.0,308.29998779296875,407.8999938964844,778.4000244140625,1561.800048828125,1526.5999755859375,3904.39990234375,109.0199966430664,1063.9000244140625,1886.699951171875,5980.5,294.25,19515.0,208.0800018310547,1048.9000244140625,1626.0999755859375,206.88999938964844,403.0,1442.4000244140625,429.6000061035156,133.11000061035156,122.5,944.3499755859376,1774.800048828125,806.0,29515.0,651.4500122070312,3280.5,17023.0,528.0999755859375,3106.699951171875,1683.0999755859375,4353.10009765625,66.7699966430664,364.1499938964844,646.7000122070312,1111.9000244140625,6491.5,393.5499877929687,157.97000122070312,764.5999755859375,3371.10009765625,1562.800048828125,3085.39990234375,3504.0,,3141.699951171875,1410.5,5673.0,2717.60009765625,11159.0,152.5500030517578,1610.0,1072.9000244140625,646.9000244140625,468.1000061035156,439.1499938964844,1247.5,2852.39990234375,247.94000244140625,20.93000030517578,955.7000122070312
2025-06-06,1064.800048828125,6051.5,233.4100036621093,884.0999755859375,2534.199951171875,1018.7999877929688,1471.699951171875,4862.5,6396.5,555.1500244140625,321.70001220703125,1920.9000244140625,6942.5,121.0199966430664,2245.199951171875,1526.300048828125,749.5499877929688,1161.0999755859375,1194.5999755859375,8637.0,1990.0,14251.0,937.1500244140624,173.5500030517578,246.17999267578125,124.37999725341795,1933.5999755859373,390.7000122070313,1296.4000244140625,1870.199951171875,255.6999969482422,330.04998779296875,1589.199951171875,31595.0,316.70001220703125,5607.5,2933.199951171875,852.4199829101562,115.70999908447266,1776.0,681.5999755859375,1593.199951171875,1504.199951171875,398.9500122070313,1775.5,2432.5,647.5999755859375,351.6499938964844,3384.10009765625,481.25,2116.199951171875,367.0499877929687,6544.5,14855.0,880.3499755859375,4201.60009765625,1320.9000244140625,5394.0,261.8599853515625,393.2999877929687,207.77999877929688,763.2999877929688,191.1499938964844,1590.199951171875,86.26000213623047,1210.0999755859375,2467.0,2574.39990234375,4989.2998046875,1523.199951171875,1637.699951171875,2543.75,989.3499755859376,755.0999755859375,4268.0,650.1500244140625,407.0499877929687,2389.800048828125,502.25,246.3300018310547,1459.699951171875,2006.199951171875,636.0499877929688,6.920000076293945,71.55000305175781,202.1300048828125,776.8499755859375,634.0499877929688,5480.5,822.8499755859375,391.1000061035156,1563.800048828125,184.0,140.77999877929688,174.8699951171875,146.41000366210938,421.0499877929687,962.75,294.0,522.8499755859375,1004.9000244140624,695.2000122070312,563.0999755859375,5731.5,3747.800048828125,1248.300048828125,414.6799926757813,1318.699951171875,642.0499877929688,613.4500122070312,959.8499755859376,1516.0,3656.300048828125,189.7899932861328,,1999.5999755859373,3106.5,247.5599975585937,2352.39990234375,698.6500244140625,12462.0,1168.199951171875,3404.699951171875,1483.5999755859375,1508.0999755859375,104.99333190917967,2545.199951171875,2446.199951171875,188.47000122070312,1507.199951171875,127.72000122070312,1208.5999755859375,89.30999755859375,72.48999786376953,332.8500061035156,1473.0999755859375,197.1999969482422,1908.199951171875,8786.0,424.4500122070313,240.0599975585937,46100.0,570.1666870117188,961.9500122070312,5676.5,305.95001220703125,418.3999938964844,772.5499877929688,1598.0999755859375,1524.9000244140625,3897.89990234375,110.18000030517578,1104.9000244140625,1916.699951171875,6108.5,295.79998779296875,18203.0,206.3300018310547,1053.699951171875,1714.5999755859375,217.6300048828125,415.0,1443.5,428.6499938964844,135.0399932861328,126.54000091552734,993.0999755859376,1780.5999755859375,813.0499877929688,29600.0,688.25,3297.5,16523.0,510.1499938964844,3123.5,1679.199951171875,4345.7001953125,66.70999908447266,374.4500122070313,646.0499877929688,1115.5999755859375,6473.0,399.5499877929687,157.49000549316406,758.4500122070312,3384.199951171875,1571.0999755859375,3067.0,3559.89990234375,,3154.300048828125,1408.0,5777.0,2747.800048828125,11253.0,153.27999877929688,1593.4000244140625,1089.5,642.8499755859375,477.0,448.0499877929687,1271.0999755859375,2828.300048828125,248.58999633789065,20.850000381469727,960.1500244140624
2025-06-09,1065.5999755859375,6215.0,240.22999572753903,901.4000244140624,2582.10009765625,1034.300048828125,1467.0999755859375,4873.5,6638.0,560.0,320.2300109863281,1883.0,6932.0,121.58999633789062,2247.89990234375,1534.9000244140625,772.0,1161.0999755859375,1219.9000244140625,8641.0,2017.4000244140625,14251.0,960.75,186.2400054931641,248.02000427246097,129.30999755859375,1948.5999755859373,392.4500122070313,1344.5999755859375,1865.0999755859373,258.1499938964844,338.1499938964844,1569.4000244140625,31690.0,320.3999938964844,5697.0,2994.39990234375,854.260009765625,117.69000244140624,1793.5,694.6500244140625,1644.5999755859375,1506.5999755859375,401.0,1794.0,2451.0,640.7999877929688,354.3500061035156,3411.800048828125,485.6000061035156,2121.60009765625,371.8500061035156,6633.0,14914.0,878.5999755859375,4179.10009765625,1319.0999755859375,5391.0,256.8399963378906,400.7999877929687,212.6999969482422,767.2000122070312,193.63999938964844,1599.199951171875,86.37000274658203,1217.5999755859375,2467.300048828125,2608.5,5008.60009765625,1543.800048828125,1648.300048828125,2608.60009765625,989.4500122070312,760.4000244140625,4349.39990234375,650.7999877929688,408.4500122070313,2393.199951171875,525.0,247.33999633789065,1434.800048828125,2021.4000244140625,637.5499877929688,7.050000190734863,72.30999755859375,209.3099975585937,780.0499877929688,651.7999877929688,5695.0,836.6500244140625,395.7000122070313,1572.9000244140625,184.2400054931641,143.32000732421875,183.2400054931641,146.9600067138672,423.0499877929687,974.5499877929688,304.25,534.9000244140625,1008.0,699.25,551.6500244140625,5654.0,3812.800048828125,1253.5,427.6400146484375,1353.4000244140625,667.3499755859375,622.1500244140625,962.9000244140624,1511.699951171875,3678.89990234375,193.0,,1994.5999755859373,3087.39990234375,264.7799987792969,2356.699951171875,704.3499755859375,12637.0,1194.5999755859375,3369.10009765625,1591.0999755859375,1524.5,107.33333587646484,2603.0,2539.89990234375,187.2400054931641,1519.699951171875,128.6999969482422,1207.6500244140625,90.93000030517578,74.0,337.1000061035156,1519.800048828125,202.02999877929688,1903.0999755859373,9161.5,434.2000122070313,242.8000030517578,46325.0,566.9000244140625,969.0499877929688,5790.5,310.6499938964844,431.0,769.25,1615.800048828125,1527.9000244140625,3935.800048828125,112.1999969482422,1126.0999755859375,1904.300048828125,6144.0,300.5,18141.0,211.02999877929688,1062.199951171875,1708.5,230.2899932861328,426.2000122070313,1448.800048828125,431.75,133.8300018310547,126.9800033569336,1017.0,1790.800048828125,820.0499877929688,29825.0,698.0,3383.300048828125,16827.0,521.3499755859375,3126.300048828125,1694.4000244140625,4400.60009765625,67.12999725341797,364.6000061035156,656.4500122070312,1121.199951171875,6631.5,406.2000122070313,157.32000732421875,775.7999877929688,3421.89990234375,1579.0999755859375,3039.60009765625,3533.89990234375,,3180.699951171875,1407.199951171875,5913.5,2743.199951171875,11260.0,155.38999938964844,1592.699951171875,1093.0,639.0999755859375,476.6000061035156,457.8999938964844,1286.5,2806.300048828125,251.2899932861328,21.020000457763672,973.6500244140624
2025-06-10,1062.300048828125,6168.0,242.6600036621093,915.5,2613.10009765625,1060.5,1473.800048828125,4959.0,6601.0,561.0999755859375,314.5400085449219,1892.0999755859373,6918.5,120.62000274658205,2218.89990234375,1520.699951171875,765.4000244140625,1170.9000244140625,1232.800048828125,8626.0,1998.0999755859373,14382.0,949.75,181.08999633789065,246.92999267578125,126.27999877929688,1967.199951171875,397.3999938964844,1338.699951171875,1857.0999755859373,260.54998779296875,341.20001220703125,1624.5,31545.0,320.1000061035156,5667.0,3005.39990234375,852.219970703125,117.76000213623048,1787.199951171875,690.5499877929688,1637.699951171875,1510.800048828125,399.5499877929687,1830.5,2449.89990234375,639.9600219726562,355.0,3388.699951171875,489.5499877929687,2159.800048828125,366.5,6674.0,14982.0,868.0,4080.0,1348.800048828125,5377.5,255.67999267578125,403.7999877929687,211.0099945068359,778.9000244140625,195.6699981689453,1615.5999755859375,85.08000183105469,1213.9000244140625,2458.0,2708.0,5112.10009765625,1569.5999755859375,1668.0999755859375,2560.449951171875,982.6500244140624,762.4500122070312,4379.0,658.3499755859375,405.1000061035156,2395.199951171875,534.0499877929688,243.6000061035156,1422.9000244140625,1977.699951171875,637.5499877929688,6.96999979019165,71.41999816894531,210.0099945068359,779.6500244140625,628.75,5599.0,845.0499877929688,393.3500061035156,1596.0,186.67999267578125,142.19000244140625,182.4600067138672,145.22999572753906,427.0,973.7000122070312,302.79998779296875,533.2000122070312,1003.0999755859376,695.2000122070312,547.0999755859375,5583.5,3794.199951171875,1265.699951171875,430.2200012207031,1369.699951171875,666.4500122070312,618.1500244140625,947.4500122070312,1467.4000244140625,3679.800048828125,194.77000427246097,,2004.800048828125,3067.5,265.3500061035156,2376.39990234375,698.6500244140625,12520.0,1182.5,3397.699951171875,1578.0999755859375,1522.9000244140625,105.88666534423828,2671.39990234375,2553.60009765625,191.6999969482422,1534.9000244140625,124.77999877929688,1215.699951171875,89.70999908447266,74.33000183105469,339.20001220703125,1511.199951171875,199.3000030517578,1917.699951171875,9492.0,437.3999938964844,244.67999267578125,46670.0,563.3333129882812,961.2999877929688,5946.0,308.04998779296875,431.4500122070313,763.25,1627.0999755859375,1539.6500244140625,3924.300048828125,111.7699966430664,1126.199951171875,1872.5,6138.0,301.04998779296875,17855.0,206.07000732421875,1084.4000244140625,1663.5999755859375,221.8699951171875,423.0499877929687,1438.5,426.7000122070313,132.92999267578125,126.0,1002.25,1785.5,817.0499877929688,29825.0,700.4000244140625,3371.699951171875,16907.0,516.5999755859375,3091.800048828125,1688.800048828125,4406.39990234375,68.29000091552734,361.6000061035156,658.2000122070312,1115.0999755859375,6705.0,413.2000122070313,155.67999267578125,787.5999755859375,3462.89990234375,1610.9000244140625,3088.699951171875,3524.199951171875,,3221.0,1451.5999755859375,5814.0,2745.0,11391.0,154.30999755859375,1609.9000244140625,1096.5999755859375,639.5999755859375,476.25,461.5499877929687,1317.699951171875,2837.89990234375,254.8699951171875,20.82999992370605,981.7999877929688
2025-06-11,1087.0999755859375,6077.0,246.25,904.5,2581.199951171875,1046.800048828125,1456.4000244140625,4885.5,6639.0,561.25,311.45001220703125,1887.199951171875,6927.5,120.0,2208.800048828125,1525.5999755859375,773.9500122070312,1161.0,1231.4000244140625,8719.0,2012.9000244140625,14361.0,942.5,182.47000122070312,242.58999633789065,123.9499969482422,1894.4000244140625,392.8999938964844,1333.5999755859375,1860.199951171875,257.0,354.45001220703125,1633.0,31895.0,333.8500061035156,5650.0,2882.39990234375,845.760009765625,117.08999633789062,1739.4000244140625,695.75,1608.199951171875,1521.699951171875,402.1000061035156,1816.5,2432.10009765625,631.5599975585938,352.54998779296875,3373.300048828125,486.5,2143.10009765625,365.3999938964844,6719.0,14790.0,868.5499877929688,4078.199951171875,1351.0999755859375,5352.0,257.07000732421875,405.5499877929687,208.1199951171875,764.25,200.08999633789065,1635.4000244140625,84.44999694824219,1223.800048828125,2447.699951171875,2722.199951171875,5039.7998046875,1579.0999755859375,1721.9000244140625,2561.949951171875,975.2000122070312,764.2000122070312,4410.2998046875,655.2000122070312,414.8500061035156,2376.39990234375,520.5499877929688,238.97000122070312,1431.0,1942.0,642.2000122070312,6.940000057220459,71.30000305175781,193.67999267578125,765.7999877929688,625.0,5631.0,836.2999877929688,387.8999938964844,1631.0999755859375,184.9199981689453,145.14999389648438,182.33999633789065,145.4499969482422,426.1499938964844,955.0499877929688,302.6499938964844,535.5,1007.0999755859376,685.5999755859375,535.2000122070312,5576.0,3793.5,1217.0,429.05999755859375,1382.0,676.4500122070312,620.2000122070312,964.7999877929688,1475.800048828125,3684.800048828125,190.8000030517578,,2026.5999755859373,3080.699951171875,268.32000732421875,2378.800048828125,700.25,12452.0,1187.0999755859375,3314.60009765625,1535.199951171875,1536.0999755859375,106.37999725341795,2679.89990234375,2538.60009765625,190.0099945068359,1505.9000244140625,124.30999755859376,1209.5999755859375,90.27999877929688,73.94999694824219,338.1000061035156,1482.9000244140625,199.0599975585937,1901.0,9429.5,465.2999877929687,247.32000732421875,46710.0,558.2333374023438,960.4500122070312,5965.5,309.3500061035156,428.6499938964844,764.7999877929688,1650.0,1530.0999755859375,3975.0,110.3000030517578,1121.800048828125,1887.0,6166.5,295.45001220703125,17534.0,204.5,1058.0,1666.5,220.3099975585937,419.2999877929687,1448.9000244140625,427.7999877929687,133.14999389648438,130.13999938964844,991.9500122070312,1799.300048828125,815.0499877929688,29830.0,686.0499877929688,3349.89990234375,16587.0,519.0,3085.199951171875,1690.5999755859375,4350.7001953125,67.58999633789062,356.04998779296875,662.5499877929688,1104.300048828125,6624.5,412.0499877929687,156.41000366210938,784.9500122070312,3471.89990234375,1637.5,3027.60009765625,3541.60009765625,,3205.800048828125,1432.4000244140625,5776.5,2771.0,11464.0,152.82000732421875,1503.800048828125,1104.0,635.8499755859375,475.1000061035156,469.2999877929687,1312.300048828125,2884.0,258.9200134277344,20.709999084472656,978.7999877929688
2025-06-12,1081.4000244140625,6021.0,242.97000122070312,876.9500122070312,2543.699951171875,1015.7999877929688,1445.800048828125,4846.5,6525.0,548.3499755859375,301.760009765625,1836.0999755859373,6996.5,117.61499786376952,2219.39990234375,1499.199951171875,778.7000122070312,1155.199951171875,1212.9000244140625,8567.0,2028.800048828125,14090.0,936.8499755859376,177.67999267578125,240.6600036621093,122.7699966430664,1871.0,387.3999938964844,1305.0,1844.199951171875,253.8000030517578,352.25,1622.0999755859375,31520.0,318.6499938964844,5569.5,2754.10009765625,814.5399780273438,115.63999938964844,1644.199951171875,675.9000244140625,1581.699951171875,1502.800048828125,392.7000122070313,1784.5,2406.39990234375,618.0800170898438,343.75,3322.5,472.9500122070313,2104.0,357.6000061035156,6725.0,14518.0,847.8499755859375,4074.0,1362.699951171875,5315.5,251.5599975585937,394.3500061035156,206.4600067138672,760.0,192.17999267578125,1639.5999755859375,81.91000366210938,1203.9000244140625,2388.699951171875,2689.10009765625,4956.0,1556.800048828125,1701.199951171875,2515.60009765625,971.7000122070312,754.5,4362.7998046875,651.0499877929688,392.5499877929687,2332.699951171875,517.25,230.3500061035156,1425.199951171875,1901.9000244140625,631.6500244140625,6.78000020980835,70.8499984741211,190.2100067138672,744.7999877929688,625.0999755859375,5476.5,829.9000244140625,382.75,1608.5999755859375,176.5399932861328,142.99000549316406,175.5500030517578,140.47000122070312,421.0,939.0999755859376,296.0,516.7999877929688,995.6500244140624,667.8499755859375,518.5499877929688,5476.5,3676.800048828125,1194.0,425.3599853515625,1361.300048828125,666.75,604.5999755859375,943.7000122070312,1449.0999755859375,3603.89990234375,187.8000030517578,,2023.199951171875,3019.199951171875,270.8099975585937,2390.0,692.4500122070312,12390.0,1202.199951171875,3210.39990234375,1502.199951171875,1514.4000244140625,103.49333190917967,2664.300048828125,2555.0,187.0599975585937,1468.4000244140625,120.69000244140624,1192.800048828125,87.62000274658203,72.41999816894531,333.70001220703125,1447.699951171875,194.4900054931641,1890.199951171875,9407.0,468.3500061035156,247.8800048828125,46235.0,560.0,895.4000244140625,5922.0,303.6000061035156,415.75,757.6500244140625,1605.0999755859375,1523.449951171875,3948.300048828125,108.0199966430664,1089.199951171875,1871.5,6050.0,289.0,17034.0,199.92999267578125,1024.199951171875,1640.199951171875,222.9600067138672,405.1000061035156,1441.5999755859375,412.9500122070313,129.97000122070312,129.5500030517578,1002.1500244140624,1766.0,805.9500122070312,29690.0,668.0499877929688,3267.5,16652.0,510.8500061035156,3105.699951171875,1687.4000244140625,4282.2001953125,65.68000030517578,356.1000061035156,663.1500244140625,1085.0999755859375,6473.5,401.6499938964844,152.88999938964844,763.4000244140625,3434.199951171875,1644.4000244140625,2978.199951171875,3452.699951171875,,3258.800048828125,1398.9000244140625,5627.5,2739.39990234375,11323.0,150.5,1485.0999755859375,1074.0,632.4000244140625,476.6000061035156,460.5,1289.9000244140625,2839.800048828125,259.6099853515625,20.420000076293945,978.7999877929688
2025-06-13,1140.5,5999.0,240.3699951171875,861.0,2507.89990234375,989.5,1405.0,4847.5,6468.0,542.5,292.489990234375,1846.0,6994.5,117.4000015258789,2214.199951171875,1528.0999755859375,768.5999755859375,1150.199951171875,1205.800048828125,8463.5,2011.0,14084.0,933.0999755859376,175.19000244140625,239.22000122070312,121.19000244140624,1900.0,394.2000122070313,1309.300048828125,1840.4000244140625,253.5500030517578,355.3999938964844,1644.9000244140625,31585.0,312.29998779296875,5570.0,2711.199951171875,796.1400146484375,111.45999908447266,1659.699951171875,672.2000122070312,1553.800048828125,1505.199951171875,391.2000122070313,1792.5,2371.199951171875,609.1599731445312,343.8999938964844,3310.0,466.5,2089.300048828125,360.04998779296875,6667.0,14311.0,851.25,4051.89990234375,1362.5,5319.0,249.0800018310547,384.8500061035156,205.3000030517578,754.0,191.33999633789065,1669.9000244140625,80.9000015258789,1188.800048828125,2402.0,2663.800048828125,5026.0,1541.0999755859375,1695.300048828125,2484.60009765625,958.7999877929688,752.8499755859375,4333.7998046875,641.7999877929688,386.25,2319.0,514.25,228.2400054931641,1416.0999755859375,1940.699951171875,629.5,6.670000076293945,70.44000244140625,187.22000122070312,735.1500244140625,624.8499755859375,5262.0,816.8499755859375,380.3500061035156,1602.0,172.4600067138672,140.33999633789062,167.25999450683594,138.3300018310547,413.8999938964844,920.75,294.04998779296875,506.8500061035156,987.25,681.4500122070312,518.9500122070312,5475.5,3670.699951171875,1208.0,421.4800109863281,1352.5,666.5999755859375,600.0,937.9500122070312,1452.5999755859375,3587.39990234375,185.69000244140625,,1999.5999755859373,3006.0,279.5400085449219,2381.300048828125,691.2000122070312,12408.0,1232.800048828125,3200.39990234375,1511.5,1526.0,102.67333221435548,2644.199951171875,2598.699951171875,185.67999267578125,1459.800048828125,120.63999938964844,1188.4000244140625,86.05999755859375,70.37000274658203,331.95001220703125,1417.5999755859375,194.72999572753903,1903.0999755859373,9478.5,477.75,251.5099945068359,46165.0,557.6666870117188,882.25,5882.5,301.0,406.4500122070313,751.5499877929688,1595.9000244140625,1506.25,3972.60009765625,106.61000061035156,1055.5999755859375,1890.4000244140625,6030.5,285.5,17780.0,200.22000122070312,1011.9000244140624,1656.0999755859375,220.22999572753903,402.7000122070313,1427.9000244140625,407.0,129.35000610351562,127.91000366210938,1007.0,1755.199951171875,792.3499755859375,29610.0,667.1500244140625,3260.0,16850.0,501.8500061035156,3099.60009765625,1687.800048828125,4349.7998046875,64.7300033569336,354.20001220703125,653.0999755859375,1078.4000244140625,6392.5,397.2000122070313,152.1300048828125,753.5,3445.699951171875,1659.0,2936.199951171875,3421.89990234375,,3252.5,1414.0,5590.0,2740.89990234375,11224.0,146.24000549316406,1453.0999755859375,1062.9000244140625,632.5,469.8999938964844,458.1000061035156,1277.199951171875,2824.699951171875,260.2099914550781,20.15999984741211,974.9500122070312
2025-06-16,1169.5999755859375,6014.0,248.75,865.7000122070312,2544.0,992.0,1400.5999755859375,4868.0,6470.0,550.1500244140625,293.04998779296875,1852.9000244140625,7114.0,117.87999725341795,2244.800048828125,1552.5,781.4500122070312,1145.4000244140625,1215.4000244140625,8529.5,2028.199951171875,13978.0,938.0,178.4600067138672,240.6199951171875,121.5500030517578,1888.0,403.8500061035156,1321.5999755859375,1861.300048828125,254.4499969482422,357.25,1675.199951171875,32280.0,316.3999938964844,5560.5,2697.39990234375,823.780029296875,111.23999786376952,1682.5999755859375,682.2000122070312,1566.5999755859375,1527.0,394.3500061035156,1829.5,2385.39990234375,611.6799926757812,348.6499938964844,3307.60009765625,471.7000122070313,2095.699951171875,365.2999877929687,6687.5,14313.0,859.0,4087.0,1346.800048828125,5365.0,252.1499938964844,384.2999877929687,205.6100006103516,764.8499755859375,191.6300048828125,1683.4000244140625,83.56999969482422,1188.0,2434.39990234375,2704.89990234375,5063.7001953125,1553.0999755859375,1723.0,2485.14990234375,967.7000122070312,770.5499877929688,4364.5,649.5999755859375,395.3500061035156,2327.39990234375,512.9500122070312,229.8000030517578,1426.9000244140625,1944.699951171875,638.75,6.690000057220459,70.9000015258789,190.1000061035156,754.9000244140625,632.7000122070312,5382.5,821.25,391.0499877929687,1623.800048828125,172.5500030517578,141.85000610351562,167.92999267578125,139.94000244140625,418.2000122070313,922.5999755859376,294.1499938964844,512.8499755859375,1003.7999877929688,692.5499877929688,521.3499755859375,5597.5,3685.199951171875,1225.0,427.7999877929687,1405.800048828125,680.25,605.5,949.4000244140624,1470.5999755859375,3628.699951171875,191.6600036621093,,2010.9000244140625,3023.60009765625,278.8099975585937,2370.0,690.7999877929688,12530.0,1246.800048828125,3165.60009765625,1565.5,1577.0,102.12000274658205,2707.39990234375,2633.300048828125,188.02999877929688,1488.4000244140625,122.25,1194.9000244140625,86.5,70.51000213623047,333.70001220703125,1412.4000244140625,195.1000061035156,1928.9000244140625,9683.0,480.8500061035156,256.7900085449219,45630.0,560.0,877.3499755859375,6019.0,300.6000061035156,406.5499877929687,761.7999877929688,1616.5999755859375,1499.4000244140625,4146.5,106.79000091552734,1063.0999755859375,1908.800048828125,6107.0,288.6499938964844,17589.0,199.25,1031.0999755859375,1699.300048828125,217.13999938964844,401.5,1437.800048828125,409.5,128.9199981689453,127.7300033569336,1008.7000122070312,1797.800048828125,792.5,29805.0,676.1500244140625,3271.5,17009.0,500.2000122070313,3098.199951171875,1685.300048828125,4557.2998046875,65.41000366210938,360.9500122070313,660.3499755859375,1083.4000244140625,6377.0,399.3999938964844,154.1699981689453,749.9500122070312,3496.300048828125,1693.9000244140625,2987.300048828125,3438.10009765625,,3275.800048828125,1421.0,5679.5,2796.5,11495.0,146.97000122070312,1485.4000244140625,1055.9000244140625,643.75,473.1499938964844,463.8999938964844,1313.5999755859375,2887.60009765625,262.8900146484375,20.239999771118164,974.4000244140624
2025-06-17,1146.199951171875,6034.5,255.1100006103516,848.8499755859375,2488.5,977.5,1392.300048828125,4813.0,6529.5,550.9000244140625,287.3599853515625,1833.4000244140625,7006.5,117.26000213623048,2264.800048828125,1564.0,773.1500244140625,1109.699951171875,1215.0999755859375,8494.5,2003.300048828125,13789.0,923.0,175.00999450683594,238.0399932861328,119.6500015258789,1903.4000244140625,401.75,1300.5,1854.800048828125,252.3500061035156,352.6499938964844,1669.9000244140625,32215.0,312.79998779296875,5568.5,2664.39990234375,836.280029296875,109.2300033569336,1686.800048828125,694.0999755859375,1555.199951171875,1503.5,391.2999877929687,1840.5,2382.0,600.5999755859375,349.54998779296875,3316.5,472.0499877929687,2062.0,358.75,6538.0,14243.0,851.4500122070312,4059.10009765625,1318.800048828125,5341.0,247.25,382.9500122070313,204.77000427246097,761.5499877929688,190.47000122070312,1653.199951171875,82.76000213623047,1195.5999755859375,2455.699951171875,2671.39990234375,5047.2998046875,1528.5999755859375,1729.5999755859375,2491.949951171875,964.7999877929688,773.9500122070312,4371.0,641.7000122070312,393.25,2328.60009765625,486.3500061035156,224.6999969482422,1423.199951171875,1916.5999755859373,640.2999877929688,6.599999904632568,70.1500015258789,186.7599945068359,756.6500244140625,634.0499877929688,5310.5,809.1500244140625,392.1000061035156,1639.9000244140625,169.1699981689453,141.67999267578125,164.97000122070312,137.8300018310547,417.3999938964844,891.0,289.79998779296875,503.3500061035156,999.6500244140624,677.6500244140625,514.5499877929688,5644.0,3612.699951171875,1209.5,427.3599853515625,1400.5999755859375,660.5499877929688,600.75,947.4500122070312,1446.0,3622.300048828125,190.0399932861328,,1944.0,3007.199951171875,269.9200134277344,2353.199951171875,686.8499755859375,12595.0,1226.800048828125,3305.89990234375,1585.0999755859375,1585.800048828125,100.53333282470705,2693.39990234375,2645.699951171875,185.1699981689453,1475.4000244140625,120.13999938964844,1181.0,85.06999969482422,68.62999725341797,335.20001220703125,1479.0,194.0599975585937,1911.199951171875,9732.5,478.2000122070313,252.3099975585937,45830.0,552.5999755859375,865.1500244140625,6068.0,297.1000061035156,403.1000061035156,765.2000122070312,1613.5,1509.1500244140625,4172.2998046875,105.87999725341795,1061.199951171875,1950.0999755859373,6041.5,288.54998779296875,18654.0,195.2599945068359,1005.0999755859376,1694.699951171875,218.6499938964844,399.1499938964844,1431.199951171875,400.6499938964844,126.91000366210938,125.7699966430664,991.0,1800.199951171875,792.2999877929688,29620.0,665.0,3321.60009765625,17155.0,479.9500122070313,3096.39990234375,1650.199951171875,4644.39990234375,64.5199966430664,355.75,649.1500244140625,1071.5999755859375,6418.0,396.0499877929687,152.60000610351562,739.2999877929688,3515.300048828125,1718.5999755859375,2904.10009765625,3405.699951171875,,3255.39990234375,1406.800048828125,5626.5,2777.199951171875,11383.0,144.9600067138672,1474.800048828125,1049.5,646.0999755859375,470.3500061035156,458.9500122070313,1294.199951171875,2790.39990234375,262.9100036621094,19.940000534057617,957.6500244140624
2025-06-18,1118.6500244140625,6044.0,256.2300109863281,846.4500122070312,2459.10009765625,968.9000244140624,1372.5999755859375,4805.0,6693.0,545.0499877929688,286.69000244140625,1798.800048828125,6933.5,116.99500274658205,2281.39990234375,1571.800048828125,794.5,1105.300048828125,1221.0,8468.0,1981.4000244140625,13684.0,919.0,180.75,236.5099945068359,119.68000030517578,1906.0999755859373,400.5,1297.800048828125,1865.9000244140625,251.8000030517578,342.0,1631.5999755859375,32390.0,315.8500061035156,5572.5,2633.199951171875,829.219970703125,108.22000122070312,1680.300048828125,683.9500122070312,1586.800048828125,1498.0999755859375,390.3500061035156,1833.5,2398.39990234375,596.5999755859375,346.6499938964844,3277.800048828125,470.2000122070313,2049.0,365.3500061035156,6549.0,14367.0,844.7999877929688,4228.39990234375,1313.300048828125,5393.0,248.4100036621093,378.1499938964844,207.0800018310547,759.0,185.72000122070312,1660.4000244140625,82.75,1196.5999755859375,2461.39990234375,2675.39990234375,4994.0,1535.699951171875,1715.9000244140625,2471.5,966.9500122070312,766.2000122070312,4357.89990234375,645.3499755859375,393.9500122070313,2297.300048828125,452.7999877929687,223.6100006103516,1412.5999755859375,1932.300048828125,631.4500122070312,6.559999942779541,70.77999877929688,183.3099975585937,763.2999877929688,628.6500244140625,5273.0,850.5,391.8999938964844,1632.9000244140625,169.72000122070312,140.82000732421875,165.2100067138672,136.02000427246094,415.8999938964844,893.9000244140625,288.1499938964844,504.0499877929687,986.3499755859376,681.5499877929688,519.9000244140625,5720.0,3590.699951171875,1222.9000244140625,426.4800109863281,1421.800048828125,664.3499755859375,604.0,934.5999755859376,1443.199951171875,3601.5,188.77000427246097,,1954.0,3041.10009765625,264.75,2358.300048828125,689.7000122070312,12748.0,1181.699951171875,3257.39990234375,1587.300048828125,1586.5999755859375,99.8733367919922,2687.39990234375,2634.39990234375,186.19000244140625,1467.5999755859375,118.91999816894533,1170.4000244140625,82.52999877929688,68.5,332.3999938964844,1454.4000244140625,196.2100067138672,1896.199951171875,9656.0,469.6499938964844,250.3600006103516,45185.0,553.8666381835938,891.5,6025.5,297.1499938964844,397.0499877929687,763.0499877929688,1605.5999755859375,1484.0999755859375,4138.7001953125,105.4800033569336,1057.5,1893.800048828125,5989.0,287.29998779296875,18461.0,193.3699951171875,1000.2999877929688,1692.5,228.42999267578125,392.5,1430.0999755859375,398.0,127.02999877929688,123.4499969482422,972.5999755859376,1797.199951171875,791.9000244140625,29305.0,662.0999755859375,3355.800048828125,17098.0,478.6000061035156,3074.39990234375,1648.0,4616.60009765625,64.06999969482422,365.3999938964844,644.5499877929688,1065.199951171875,6449.5,393.3999938964844,152.11000061035156,732.0,3451.39990234375,1710.699951171875,2898.60009765625,3467.800048828125,,3227.0,1387.4000244140625,5735.0,2775.89990234375,11406.0,144.1199951171875,1461.800048828125,1063.5999755859375,638.25,469.3999938964844,456.5,1291.5,2698.800048828125,261.5899963378906,19.88999938964844,958.2999877929688
2025-06-19,1114.4000244140625,5869.0,255.67999267578125,823.5999755859375,2420.60009765625,934.0,1338.0,4782.0,6422.5,532.7999877929688,278.1600036621094,1771.9000244140625,7009.5,116.43000030517578,2268.0,1519.5,790.0999755859375,1082.5,1217.5,8496.0,1967.5999755859373,13465.0,900.5,178.25,231.6600036621093,115.68000030517578,1884.300048828125,398.5499877929687,1277.0,1877.0,247.1999969482422,348.6000061035156,1591.699951171875,32375.0,313.45001220703125,5558.0,2595.39990234375,802.9600219726562,104.88999938964844,1637.800048828125,666.7000122070312,1544.4000244140625,1484.0,384.25,1794.0,2399.699951171875,582.3599853515625,339.54998779296875,3237.300048828125,465.1000061035156,2043.300048828125,355.25,6493.0,14004.0,839.9000244140625,4203.10009765625,1326.0999755859375,5493.5,249.4199981689453,374.75,203.9199981689453,748.0999755859375,180.4100036621093,1639.199951171875,80.55000305175781,1194.0,2380.10009765625,2693.199951171875,4902.2998046875,1518.300048828125,1713.9000244140625,2438.75,967.6500244140624,761.8499755859375,4384.2998046875,641.3499755859375,390.0,2294.199951171875,437.4500122070313,217.6600036621093,1411.300048828125,1927.5,623.3499755859375,6.329999923706055,69.70999908447266,178.85000610351562,747.2999877929688,615.1500244140625,5271.0,837.5,389.6499938964844,1618.4000244140625,166.0800018310547,138.6699981689453,158.75,132.35000610351562,416.0,887.4500122070312,284.1000061035156,480.5499877929687,996.0499877929688,683.2999877929688,511.0499877929687,5612.0,3600.800048828125,1198.0,429.2799987792969,1393.0,646.25,581.75,927.9000244140624,1425.4000244140625,3621.10009765625,187.5099945068359,,1931.800048828125,3094.800048828125,263.6000061035156,2325.199951171875,690.5999755859375,12806.0,1163.0,3223.5,1552.699951171875,1576.300048828125,98.49333190917967,2648.300048828125,2637.10009765625,181.92999267578125,1469.300048828125,114.29000091552734,1159.449951171875,80.87000274658203,67.04000091552734,330.04998779296875,1393.199951171875,193.9900054931641,1880.300048828125,9327.0,469.8500061035156,251.5599975585937,44875.0,545.2000122070312,868.2000122070312,5898.5,291.1000061035156,390.3500061035156,746.3499755859375,1566.300048828125,1483.6500244140625,4108.39990234375,102.9800033569336,1038.5,1865.5999755859373,5822.0,286.45001220703125,18397.0,192.02999877929688,968.0,1678.0,223.83999633789065,383.6499938964844,1433.300048828125,381.9500122070313,125.1500015258789,119.51000213623048,939.7000122070312,1789.4000244140625,785.0999755859375,29310.0,652.2000122070312,3284.800048828125,16882.0,478.0499877929687,3013.199951171875,1647.5999755859375,4441.2998046875,62.52999877929688,374.1499938964844,627.25,1088.300048828125,6220.0,384.5499877929687,151.0,717.2000122070312,3424.0,1684.0,2850.300048828125,3505.39990234375,,3164.0,1366.800048828125,5723.5,2779.89990234375,11420.0,139.67999267578125,1460.800048828125,1037.300048828125,630.9500122070312,448.6499938964844,439.5,1261.0,2671.199951171875,265.5799865722656,19.40999984741211,950.0499877929688
2025-06-20,1137.25,5968.5,260.2799987792969,828.0999755859375,2448.39990234375,947.7000122070312,1349.300048828125,4773.5,6519.0,533.4500122070312,282.7699890136719,1769.800048828125,7063.5,117.5749969482422,2285.699951171875,1558.5,795.3499755859375,1097.199951171875,1220.699951171875,8371.0,1986.199951171875,13614.0,905.0,180.0500030517578,234.1499938964844,113.18000030517578,1902.0,408.25,1278.300048828125,1936.699951171875,250.4499969482422,351.3500061035156,1610.0,32290.0,313.5,5587.0,2688.10009765625,833.47998046875,107.22000122070312,1685.800048828125,688.25,1557.5,1499.699951171875,389.0499877929687,1832.0,2402.300048828125,590.5999755859375,344.6000061035156,3271.5,466.8999938964844,2040.199951171875,357.8500061035156,6592.0,14047.0,854.25,4300.2998046875,1325.300048828125,5525.0,253.3300018310547,380.25,207.5099945068359,755.25,181.8500061035156,1636.699951171875,80.97000122070312,1189.4000244140625,2432.0,2712.60009765625,4973.10009765625,1533.5,1739.9000244140625,2479.300048828125,982.3499755859376,778.9500122070312,4338.5,649.1500244140625,392.25,2306.199951171875,438.6000061035156,227.1499938964844,1427.0999755859375,1971.0,633.75,6.559999942779541,70.19000244140625,182.5099945068359,765.6500244140625,615.6500244140625,5390.0,840.25,404.2999877929687,1622.9000244140625,170.64999389648438,138.64999389648438,165.07000732421875,134.1999969482422,418.5499877929687,899.0499877929688,294.25,499.2999877929687,1005.5499877929688,695.7999877929688,518.3499755859375,5864.5,3574.5,1272.5,433.9599914550781,1394.5,651.0,594.5499877929688,936.5499877929688,1483.199951171875,3662.0,190.0500030517578,,1948.0,3184.39990234375,271.45001220703125,2288.800048828125,693.2999877929688,12791.0,1213.800048828125,3256.39990234375,1617.0,1595.300048828125,100.13333129882812,2696.10009765625,2606.39990234375,183.9900054931641,1505.0999755859375,117.08000183105467,1180.199951171875,82.30999755859375,67.94000244140625,335.20001220703125,1376.5,197.07000732421875,1910.9000244140625,9395.5,464.8999938964844,251.88999938964844,44925.0,549.8666381835938,871.2000122070312,6106.5,295.3999938964844,409.0499877929687,739.4000244140625,1616.0999755859375,1478.050048828125,4121.5,103.04000091552734,1049.800048828125,1901.300048828125,6000.5,293.1000061035156,18684.0,195.1000061035156,1028.4000244140625,1716.300048828125,228.02999877929688,394.4500122070313,1466.199951171875,390.6000061035156,127.4800033569336,118.87999725341795,945.5999755859376,1810.9000244140625,796.1500244140625,28875.0,666.3499755859375,3214.199951171875,16996.0,486.9500122070313,3030.10009765625,1665.0999755859375,4465.7998046875,63.22999954223633,389.5,631.2000122070312,1100.199951171875,6319.0,390.1000061035156,151.97000122070312,706.6500244140625,3435.699951171875,1696.0999755859375,2926.300048828125,3519.0,,3167.199951171875,1390.0999755859375,5897.5,2812.10009765625,11458.0,143.47999572753906,1458.9000244140625,1061.5999755859375,633.5,459.6000061035156,447.1000061035156,1293.9000244140625,2989.0,266.5400085449219,19.729999542236328,957.0999755859376
2025-06-23,1157.449951171875,5923.5,264.6199951171875,837.2000122070312,2472.0,960.5,1354.800048828125,4760.0,6681.5,535.5499877929688,293.5,1792.0999755859375,7007.5,118.33499908447266,2264.10009765625,1498.699951171875,796.5499877929688,1099.699951171875,1214.0999755859375,8286.5,1997.5999755859373,13459.0,915.5,180.2100067138672,233.8500061035156,114.41000366210938,1931.199951171875,420.8999938964844,1295.800048828125,1936.300048828125,253.8000030517578,352.20001220703125,1611.699951171875,31575.0,313.45001220703125,5569.5,2775.300048828125,840.7000122070312,107.81999969482422,1723.300048828125,683.2999877929688,1583.5999755859375,1499.0999755859375,392.5,1831.0,2409.800048828125,588.280029296875,347.45001220703125,3260.89990234375,467.5,2071.699951171875,360.5499877929687,6636.0,14571.0,852.4500122070312,4335.7998046875,1317.9000244140625,5552.5,254.63999938964844,378.2999877929687,206.9499969482422,754.6500244140625,184.7599945068359,1684.800048828125,81.38999938964844,1171.0,2401.10009765625,2723.699951171875,5028.2001953125,1563.0999755859375,1703.199951171875,2469.25,974.2000122070312,774.1500244140625,4253.10009765625,661.4000244140625,393.25,2275.10009765625,440.5499877929687,232.0399932861328,1420.0999755859375,1972.5999755859373,628.3499755859375,6.550000190734863,71.01000213623047,182.5800018310547,760.0999755859375,617.25,5467.0,839.9000244140625,401.8999938964844,1584.0,169.8000030517578,139.9199981689453,165.47000122070312,136.97999572753906,413.8999938964844,910.7000122070312,293.1499938964844,500.5499877929687,997.0,693.4000244140625,515.6500244140625,5782.5,3758.89990234375,1314.199951171875,436.8200073242187,1390.300048828125,666.2999877929688,591.2999877929688,939.9500122070312,1473.300048828125,3583.699951171875,193.2899932861328,,1927.199951171875,3135.0,270.3500061035156,2300.60009765625,693.9000244140625,12699.0,1190.199951171875,3342.60009765625,1658.4000244140625,1599.9000244140625,98.6999969482422,2673.199951171875,2601.699951171875,188.27999877929688,1482.199951171875,119.91000366210938,1179.550048828125,85.20999908447266,68.0,332.6000061035156,1412.0999755859375,203.52999877929688,1936.0,9160.0,472.2000122070313,251.3800048828125,45430.0,538.2999877929688,883.4500122070312,6080.0,296.3500061035156,410.8999938964844,735.2999877929688,1621.4000244140625,1475.8499755859375,4152.2001953125,103.91000366210938,1059.699951171875,1901.300048828125,6289.5,290.25,18863.0,194.2899932861328,1019.2999877929688,1719.199951171875,233.9900054931641,397.2999877929687,1456.800048828125,391.3999938964844,126.5999984741211,123.41000366210938,955.9000244140624,1818.5999755859373,790.2000122070312,28565.0,661.6500244140625,3091.60009765625,17056.0,477.3500061035156,3032.5,1662.5,4482.0,62.790000915527344,389.0,636.0499877929688,1109.4000244140625,6313.0,393.0,152.42999267578125,699.5,3393.60009765625,1681.800048828125,2868.699951171875,3505.699951171875,,3165.5,1416.699951171875,6120.0,2778.60009765625,11449.0,142.83999633789062,1419.9000244140625,1056.0,638.8499755859375,461.7999877929687,449.8500061035156,1294.199951171875,2928.60009765625,263.239990234375,19.8799991607666,952.0999755859376
2025-06-24,1147.6500244140625,6003.5,271.19000244140625,851.8499755859375,2505.60009765625,987.2999877929688,1389.5,4811.0,6731.0,554.2000122070312,295.7300109863281,1793.199951171875,7006.0,120.38999938964844,2275.300048828125,1501.0,800.7000122070312,1104.199951171875,1221.199951171875,8377.0,2009.199951171875,13774.0,916.5,180.22000122070312,237.82000732421875,115.2699966430664,1851.699951171875,418.5,1295.300048828125,1933.5999755859373,259.95001220703125,349.20001220703125,1631.0,31500.0,319.25,5617.0,2785.60009765625,845.4000244140625,110.61000061035156,1748.5,682.4500122070312,1598.5,1502.4000244140625,392.6499938964844,1862.0,2424.800048828125,596.2000122070312,348.04998779296875,3311.800048828125,475.1000061035156,2075.199951171875,377.0499877929687,6565.5,14506.0,849.5,4250.60009765625,1337.300048828125,5629.0,255.07000732421875,384.6000061035156,209.22000122070312,765.4000244140625,185.4900054931641,1683.0999755859375,83.19999694824219,1173.800048828125,2398.699951171875,2780.89990234375,4886.5,1573.300048828125,1691.800048828125,2531.699951171875,980.4500122070312,779.7000122070312,4292.5,669.4000244140625,406.25,2263.10009765625,442.8999938964844,233.5,1424.0999755859375,1986.800048828125,634.5999755859375,6.860000133514404,72.0199966430664,187.77000427246097,764.0999755859375,623.2999877929688,5606.5,831.9500122070312,415.0499877929687,1581.5999755859375,173.8800048828125,142.83999633789062,166.1699981689453,138.6199951171875,414.3500061035156,924.2000122070312,300.79998779296875,504.8999938964844,1007.0,695.5499877929688,520.7999877929688,5798.0,3839.60009765625,1338.5999755859375,444.7200012207031,1306.0999755859375,669.5499877929688,602.9500122070312,945.6500244140624,1470.5,3604.800048828125,200.0599975585937,,1930.800048828125,3150.10009765625,269.44000244140625,2307.5,703.5,12611.0,1198.300048828125,3281.39990234375,1643.199951171875,1618.4000244140625,100.96666717529295,2682.800048828125,2566.0,189.75,1505.5,121.0500030517578,1182.9000244140625,85.44999694824219,69.47000122070312,329.95001220703125,1429.9000244140625,198.3600006103516,1988.0,9157.0,445.8500061035156,243.9199981689453,46270.0,537.6666870117188,898.5,6082.5,299.20001220703125,413.7000122070313,764.4500122070312,1601.800048828125,1501.1500244140625,4175.2001953125,105.22000122070312,1066.0,1868.800048828125,6343.5,285.95001220703125,19311.0,199.97000122070312,1021.4000244140624,1728.5,236.8099975585937,398.6000061035156,1450.800048828125,398.0,130.74000549316406,124.68000030517578,982.0999755859376,1843.0,795.4000244140625,28505.0,676.0499877929688,3159.800048828125,17097.0,481.75,3053.699951171875,1661.699951171875,4472.89990234375,64.38999938964844,391.1499938964844,638.8499755859375,1107.699951171875,6266.0,398.4500122070313,154.7899932861328,698.0999755859375,3390.39990234375,1677.0999755859375,2856.699951171875,3526.0,,3180.89990234375,1451.0999755859375,6057.5,2837.10009765625,11579.0,147.08999633789062,1443.300048828125,1052.0999755859375,644.4500122070312,462.75,445.7999877929687,1306.199951171875,2971.199951171875,264.9700012207031,19.96999931335449,964.5499877929688
2025-06-25,1190.0,5966.5,272.3299865722656,850.2000122070312,2527.199951171875,981.0999755859376,1393.0999755859375,4854.0,6836.5,559.4000244140625,286.1300048828125,1795.9000244140625,7042.0,122.30500030517578,2279.89990234375,1505.4000244140625,807.0499877929688,1120.199951171875,1213.300048828125,8389.5,2011.800048828125,13721.0,928.0,181.9900054931641,239.0599975585937,116.1500015258789,1814.9000244140625,406.0499877929687,1275.0999755859375,1965.5999755859373,261.8500061035156,351.3999938964844,1645.5,31755.0,319.6000061035156,5708.0,2789.0,844.8400268554688,110.70999908447266,1744.300048828125,676.5999755859375,1608.800048828125,1510.0,391.75,1880.0,2419.800048828125,604.9199829101562,354.8500061035156,3318.89990234375,480.25,2094.199951171875,388.1499938964844,6586.5,14165.0,854.3499755859375,4276.39990234375,1341.5999755859375,5576.0,258.8599853515625,385.7999877929687,210.3999938964844,779.7999877929688,183.97999572753903,1717.0999755859375,83.58000183105469,1185.300048828125,2403.300048828125,2831.800048828125,4792.7001953125,1569.300048828125,1717.0999755859375,2546.14990234375,990.0999755859376,785.0999755859375,4300.7998046875,672.6500244140625,408.1499938964844,2278.699951171875,442.1000061035156,239.6100006103516,1425.800048828125,2010.800048828125,634.6500244140625,7.130000114440918,72.0999984741211,189.0099945068359,781.9000244140625,620.7000122070312,5639.0,829.7999877929688,415.5,1614.9000244140625,175.36000061035156,141.97999572753906,171.60000610351562,139.57000732421875,416.3500061035156,919.9000244140624,303.29998779296875,507.7000122070313,1024.449951171875,713.0,540.3499755859375,5850.0,3806.0,1336.699951171875,439.6600036621094,1295.4000244140625,669.9500122070312,610.0499877929688,951.0999755859376,1456.5999755859375,3619.800048828125,201.5099945068359,,1935.300048828125,3215.5,272.8999938964844,2308.800048828125,704.9000244140625,12767.0,1239.0,3192.699951171875,1732.4000244140625,1627.800048828125,102.23999786376952,2752.60009765625,2574.0,187.94000244140625,1509.5999755859375,124.9000015258789,1202.199951171875,84.97000122070312,69.0199966430664,330.8500061035156,1500.9000244140625,204.13999938964844,1989.0,9177.5,441.1000061035156,241.9100036621093,48285.0,544.3666381835938,894.7000122070312,6108.5,296.3999938964844,412.8999938964844,762.7000122070312,1619.300048828125,1502.949951171875,4168.0,105.94000244140624,1083.0999755859375,1839.800048828125,6441.0,290.45001220703125,19636.0,201.9499969482422,1019.0,1748.5999755859375,235.72000122070312,398.5,1467.300048828125,399.3999938964844,128.25999450683594,143.5,969.7999877929688,1842.699951171875,800.0499877929688,29075.0,675.0999755859375,3149.10009765625,17000.0,480.7999877929687,3080.5,1669.5999755859375,4412.0,64.31999969482422,399.9500122070313,651.4000244140625,1126.5,6266.5,403.0499877929687,156.38999938964844,699.9000244140625,3444.800048828125,1705.0,2856.199951171875,3652.199951171875,,3226.699951171875,1461.9000244140625,6124.5,2916.800048828125,11733.0,144.3000030517578,1454.9000244140625,1072.699951171875,650.7000122070312,460.2999877929687,441.9500122070313,1311.0,2942.10009765625,269.4100036621094,20.229999542236328,974.75
2025-06-26,1164.8499755859375,6012.5,276.79998779296875,864.75,2586.199951171875,992.0,1429.300048828125,4841.0,6786.5,566.75,290.29998779296875,1795.9000244140625,7101.5,124.45999908447266,2289.800048828125,1522.300048828125,819.7000122070312,1123.199951171875,1233.5,8433.0,2053.60009765625,13870.0,951.5,185.0599975585937,239.33999633789065,116.9499969482422,1827.300048828125,410.1000061035156,1286.5,2014.300048828125,264.45001220703125,350.5,1660.9000244140625,32215.0,329.75,5828.0,2803.0,842.5599975585938,111.06999969482422,1746.800048828125,674.75,1627.0,1513.800048828125,394.1499938964844,1888.0,2375.699951171875,603.3599853515625,357.75,3364.60009765625,481.5499877929687,2191.800048828125,384.7999877929687,6616.0,14315.0,847.0999755859375,4315.39990234375,1321.5,5611.5,265.17999267578125,388.8500061035156,210.02000427246097,790.7000122070312,186.7899932861328,1732.0,84.87000274658203,1184.300048828125,2391.60009765625,2883.300048828125,4817.10009765625,1574.0,1724.0999755859375,2537.5,1010.9000244140624,799.4500122070312,4278.0,690.5999755859375,420.2999877929687,2280.800048828125,448.8999938964844,240.42999267578125,1439.0999755859375,2017.0,647.2999877929688,7.239999771118164,71.9000015258789,190.13999938964844,782.9500122070312,635.9500122070312,5691.5,836.0999755859375,415.3500061035156,1616.0,173.88999938964844,146.27999877929688,170.92999267578125,139.8699951171875,420.2999877929687,954.9000244140624,312.5,516.9500122070312,1032.550048828125,711.1500244140625,553.3499755859375,5769.0,3774.5,1323.4000244140625,440.7799987792969,1275.9000244140625,680.3499755859375,622.0499877929688,957.5499877929688,1441.4000244140625,3659.60009765625,206.13999938964844,,1928.699951171875,3215.800048828125,274.1000061035156,2303.5,726.25,12715.0,1266.5,3121.89990234375,1767.800048828125,1634.300048828125,102.92666625976562,2802.5,2583.199951171875,193.58999633789065,1516.4000244140625,123.91000366210938,1215.699951171875,85.37999725341797,70.55000305175781,337.1499938964844,1580.199951171875,206.8500061035156,1982.300048828125,9074.5,442.2999877929687,244.72999572753903,48700.0,550.7999877929688,915.75,6055.5,299.79998779296875,420.25,753.3499755859375,1627.4000244140625,1510.0,4138.39990234375,106.25,1110.199951171875,1834.0999755859373,6468.5,293.5,19441.0,200.9900054931641,1043.9000244140625,1699.0,237.4100036621093,403.5499877929687,1495.300048828125,399.5499877929687,133.6199951171875,143.3699951171875,975.2999877929688,1860.800048828125,797.0499877929688,30105.0,703.2000122070312,3164.89990234375,17266.0,480.7999877929687,3134.5,1669.800048828125,4374.5,64.52999877929688,405.25,645.7000122070312,1145.4000244140625,6274.5,405.6499938964844,160.5399932861328,703.5499877929688,3441.800048828125,1690.199951171875,3005.300048828125,3694.699951171875,,3222.5,1460.699951171875,6107.0,2928.89990234375,11951.0,148.1199951171875,1444.5,1080.699951171875,636.5,458.3999938964844,455.5,1317.0999755859375,2946.800048828125,268.5199890136719,20.07999992370605,981.9500122070312
2025-06-27,1195.699951171875,6069.5,269.3299865722656,883.7000122070312,2646.300048828125,1015.5999755859376,1440.199951171875,4906.5,6848.5,574.9500122070312,291.1199951171875,1755.9000244140625,7308.5,124.86499786376952,2358.699951171875,1500.4000244140625,809.0,1121.0,1225.0999755859375,8436.0,2044.0,14134.0,947.0,185.6100006103516,241.3300018310547,116.7699966430664,1890.0999755859373,414.5,1309.699951171875,2027.0999755859373,264.1000061035156,354.3999938964844,1624.0,32260.0,333.0,5794.5,2775.60009765625,858.5800170898438,110.9800033569336,1760.5,672.2000122070312,1654.0999755859375,1502.4000244140625,394.1499938964844,1899.5,2379.300048828125,605.0800170898438,357.1499938964844,3337.199951171875,486.3500061035156,2208.60009765625,382.6499938964844,6658.0,14473.0,845.7999877929688,4313.5,1301.0,5660.0,261.8599853515625,388.4500122070313,208.38999938964844,784.0,191.02000427246097,1711.199951171875,84.76000213623047,1176.4000244140625,2362.300048828125,2861.10009765625,4897.89990234375,1566.800048828125,1723.300048828125,2574.25,1007.4500122070312,806.9500122070312,4320.2998046875,697.3499755859375,439.0,2306.89990234375,451.1499938964844,236.0399932861328,1462.199951171875,2017.0999755859373,647.8499755859375,7.380000114440918,72.36000061035156,189.27999877929688,767.4000244140625,626.7999877929688,5816.0,857.7000122070312,412.2000122070313,1608.0,175.77999877929688,147.22000122070312,169.5,139.99000549316406,418.6499938964844,939.3499755859376,323.45001220703125,522.5,1028.9000244140625,709.9500122070312,544.75,5867.5,3780.0,1346.4000244140625,441.5799865722656,1267.0999755859375,701.7999877929688,612.6500244140625,957.7000122070312,1422.199951171875,3679.199951171875,203.02000427246097,,1935.199951171875,3203.300048828125,276.8900146484375,2333.39990234375,731.6500244140625,12642.0,1279.300048828125,3174.0,1771.300048828125,1641.0999755859375,102.75333404541016,2800.0,2570.699951171875,190.8300018310547,1508.0999755859375,123.1999969482422,1229.3499755859375,85.55000305175781,69.91000366210938,338.29998779296875,1657.5,209.8600006103516,1918.800048828125,8991.0,433.3999938964844,242.8300018310547,49440.0,549.2333374023438,919.3499755859376,6010.5,302.3999938964844,421.5499877929687,760.9000244140625,1570.5999755859375,1525.8499755859375,4157.2998046875,106.33999633789062,1107.0999755859375,1819.9000244140625,6486.0,299.25,19942.0,202.8300018310547,1044.5,1665.4000244140625,239.3800048828125,402.8999938964844,1515.4000244140625,395.0499877929687,131.6999969482422,140.69000244140625,991.3499755859376,1850.5999755859373,805.4000244140625,31030.0,699.9500122070312,3178.39990234375,17484.0,479.25,3174.800048828125,1687.5999755859375,4342.0,67.31999969482422,406.9500122070313,642.6500244140625,1124.300048828125,6345.0,408.8500061035156,161.4499969482422,715.2000122070312,3441.10009765625,1674.4000244140625,3082.10009765625,3666.199951171875,,3341.39990234375,1473.199951171875,6019.5,2939.300048828125,12213.0,149.05999755859375,1442.199951171875,1109.800048828125,644.9000244140625,461.6000061035156,463.75,1305.300048828125,2947.5,265.04998779296875,20.18000030517578,981.7999877929688
2025-06-30,1194.5,6080.5,276.6000061035156,881.75,2619.39990234375,1025.5999755859375,1450.199951171875,4939.0,6769.5,577.4500122070312,292.2799987792969,1739.0999755859375,7242.0,125.45500183105467,2341.10009765625,1506.800048828125,817.5,1134.800048828125,1199.199951171875,8376.0,2056.0,14379.0,936.5,189.63999938964844,248.77999877929688,118.55999755859376,1943.199951171875,421.5,1308.0999755859375,2009.5999755859373,266.29998779296875,355.70001220703125,1635.5999755859375,32680.0,331.95001220703125,5851.0,2770.10009765625,858.0399780273438,114.1999969482422,1794.0,682.1500244140625,1628.0,1505.9000244140625,391.9500122070313,1924.5,2407.10009765625,607.8400268554688,355.1499938964844,3399.39990234375,485.25,2207.60009765625,382.7999877929687,6809.5,14983.0,837.7999877929688,4372.2998046875,1283.300048828125,5656.5,264.1499938964844,387.75,213.1199951171875,794.5,190.83999633789065,1753.800048828125,85.19000244140625,1178.4000244140625,2343.10009765625,2844.5,4869.7998046875,1551.0999755859375,1728.5999755859375,2595.89990234375,1000.75,814.2999877929688,4237.10009765625,692.8499755859375,438.0499877929687,2294.60009765625,450.8500061035156,237.5599975585937,1445.800048828125,2040.199951171875,657.9000244140625,7.429999828338623,72.83999633789062,193.1100006103516,760.2999877929688,643.4500122070312,5976.5,872.0999755859375,421.1000061035156,1601.800048828125,175.33999633789062,146.9600067138672,170.1300048828125,141.72000122070312,416.4500122070313,941.7000122070312,326.75,522.0999755859375,1020.5,701.7999877929688,555.8499755859375,6095.0,3792.60009765625,1347.699951171875,432.7000122070313,1258.699951171875,724.8499755859375,618.8499755859375,972.7999877929688,1384.199951171875,3669.800048828125,206.0099945068359,,1938.0,3183.199951171875,275.3699951171875,2319.800048828125,722.3499755859375,12400.0,1276.0,3244.300048828125,1788.800048828125,1647.0999755859375,103.22000122070312,2845.39990234375,2623.89990234375,192.6999969482422,1488.300048828125,122.72000122070312,1232.6500244140625,85.80999755859375,70.0,334.8999938964844,1646.199951171875,208.38999938964844,1905.5999755859373,8986.0,434.25,244.2100067138672,49410.0,550.2000122070312,924.0,6041.5,301.8999938964844,427.3999938964844,754.6500244140625,1561.699951171875,1527.199951171875,4104.7001953125,110.5,1109.4000244140625,1823.9000244140625,6551.0,299.8999938964844,20007.0,203.3800048828125,1061.0999755859375,1657.4000244140625,248.47999572753903,402.3999938964844,1500.5999755859375,397.7000122070313,131.99000549316406,142.3699951171875,953.0999755859376,1838.300048828125,820.3499755859375,31030.0,706.8499755859375,3251.5,17598.0,481.3500061035156,3242.10009765625,1675.699951171875,4391.39990234375,67.72000122070312,400.3999938964844,638.9000244140625,1098.9000244140625,6310.0,405.4500122070313,159.75999450683594,711.0,3462.0,1687.0,3109.0,3690.199951171875,,3408.199951171875,1467.5999755859375,6217.5,2918.0,12093.0,153.60000610351562,1428.0999755859375,1104.300048828125,661.25,457.5499877929687,460.8500061035156,1314.0999755859375,3139.39990234375,265.9800109863281,20.34000015258789,989.9500122070312
2025-07-01,1175.5,5949.5,280.79998779296875,872.4000244140625,2621.800048828125,1015.7000122070312,1447.0,4849.0,7083.0,580.25,296.42999267578125,1759.5,7496.0,125.8000030517578,2369.5,1494.4000244140625,838.3499755859375,1132.5,1173.300048828125,8399.0,2053.800048828125,14341.0,936.6500244140624,187.19000244140625,247.5399932861328,121.08999633789062,1980.300048828125,432.25,1284.199951171875,2019.4000244140625,264.6499938964844,362.5,1704.9000244140625,32315.0,332.04998779296875,5743.5,2775.10009765625,848.6199951171875,115.41999816894533,1797.5,683.0499877929688,1599.800048828125,1515.699951171875,389.75,1922.5,2409.699951171875,596.5999755859375,351.25,3348.300048828125,482.3999938964844,2188.89990234375,383.9500122070313,6856.5,14716.0,843.4500122070312,4452.39990234375,1276.800048828125,5715.5,261.0,385.8500061035156,218.72000122070312,774.75,189.6199951171875,1754.300048828125,86.01000213623047,1168.5999755859375,2314.5,2848.10009765625,4912.2001953125,1547.9000244140625,1718.300048828125,2571.5,1006.0499877929688,809.9000244140625,4226.0,694.2999877929688,440.4500122070313,2295.5,450.3500061035156,240.3999938964844,1432.0,2063.60009765625,660.75,7.449999809265137,77.23999786376953,193.08999633789065,762.0499877929688,649.6500244140625,5965.0,879.0999755859375,420.3500061035156,1606.800048828125,172.97000122070312,147.13999938964844,170.38999938964844,141.5,415.1000061035156,951.25,329.6000061035156,527.1500244140625,1029.5999755859375,709.75,570.3499755859375,6140.5,3810.800048828125,1333.800048828125,436.7200012207031,1247.300048828125,746.0499877929688,611.3499755859375,970.9500122070312,1391.5,3666.699951171875,207.83999633789065,,1960.9000244140625,3176.10009765625,278.1000061035156,2287.0,717.2999877929688,12442.0,1279.699951171875,3275.0,1812.0999755859373,1653.9000244140625,101.43333435058594,2881.5,2641.89990234375,190.27000427246097,1449.5,123.20999908447266,1205.050048828125,85.47000122070312,67.94999694824219,332.6000061035156,1652.199951171875,207.0500030517578,1913.4000244140625,8957.5,434.4500122070313,243.3699951171875,48195.0,543.0333251953125,930.25,6038.5,299.95001220703125,423.6499938964844,723.0,1546.300048828125,1522.9000244140625,4154.2998046875,113.06999969482422,1104.0,1832.9000244140625,6664.0,297.54998779296875,19290.0,204.72999572753903,1056.9000244140625,1637.0999755859375,260.0199890136719,400.4500122070313,1528.4000244140625,395.8500061035156,133.33999633789062,140.41000366210938,931.7999877929688,1862.5,820.2999877929688,31185.0,696.4500122070312,3323.10009765625,17196.0,475.8999938964844,3200.0,1667.199951171875,4375.7998046875,67.19999694824219,393.4500122070313,636.5999755859375,1095.5999755859375,6208.5,406.5499877929687,160.05999755859375,710.4500122070312,3429.699951171875,1671.199951171875,3087.0,3700.5,,3416.699951171875,1456.699951171875,6144.0,2893.60009765625,12210.0,154.63999938964844,1400.4000244140625,1079.300048828125,671.0499877929688,451.6000061035156,465.8999938964844,1326.5,3063.10009765625,264.54998779296875,20.43000030517578,1002.5
2025-07-02,1177.199951171875,5906.0,273.70001220703125,878.7999877929688,2630.199951171875,1019.0,1443.9000244140625,4874.7998046875,7224.5,594.2000122070312,291.3399963378906,1743.199951171875,7441.0,125.8249969482422,2419.39990234375,1494.199951171875,818.25,1158.0,1175.300048828125,8356.5,2007.9000244140625,14417.0,923.0,187.8800048828125,243.0500030517578,119.26000213623048,1975.199951171875,426.9500122070313,1311.4000244140625,2033.300048828125,260.6000061035156,368.5499877929687,1756.0999755859375,32445.0,331.79998779296875,5790.0,2752.39990234375,846.2000122070312,114.2300033569336,1779.0,666.0999755859375,1554.5999755859375,1497.5999755859375,386.8999938964844,1926.0999755859373,2434.60009765625,595.4000244140625,347.1000061035156,3338.0,487.5499877929687,2220.10009765625,386.3500061035156,6859.5,15163.0,831.9000244140625,4391.89990234375,1270.800048828125,5722.5,259.75,382.8500061035156,217.75,792.5499877929688,190.7599945068359,1770.0,88.4000015258789,1174.5999755859375,2290.199951171875,2849.800048828125,4898.2998046875,1550.5,1718.5999755859375,2538.0,993.0,789.7000122070312,4243.7001953125,698.3499755859375,436.5499877929687,2307.10009765625,447.2000122070313,233.97000122070312,1427.800048828125,2044.4000244140625,658.7999877929688,7.519999980926514,77.25,195.2400054931641,756.0,650.6500244140625,5956.0,857.6500244140625,423.25,1610.5,176.89999389648438,147.91000366210938,168.22999572753906,140.30999755859375,412.9500122070313,968.7000122070312,326.70001220703125,518.0499877929688,1059.9000244140625,708.7000122070312,585.5999755859375,6286.5,3764.0,1320.9000244140625,433.8200073242187,1241.5999755859375,756.75,609.2000122070312,958.0,1398.800048828125,3596.800048828125,206.22000122070312,,1968.4000244140625,3165.199951171875,271.45001220703125,2384.699951171875,712.4000244140625,12622.0,1284.800048828125,3278.199951171875,1787.0,1644.0,101.94666290283205,2888.5,2625.39990234375,192.4100036621093,1451.9000244140625,120.08000183105467,1194.0,84.70999908447266,68.0199966430664,333.75,1614.0,211.58999633789065,1897.9000244140625,8942.5,435.8999938964844,241.07000732421875,47500.0,546.0333251953125,926.7000122070312,6014.5,302.0,418.3999938964844,745.9500122070312,1495.0,1538.300048828125,4167.7998046875,113.8499984741211,1084.5999755859375,1821.5,6768.0,294.8500061035156,19960.0,204.27000427246097,1056.300048828125,1601.5999755859375,249.27000427246097,395.5,1518.800048828125,392.6499938964844,137.47999572753906,136.0,913.0999755859376,1856.800048828125,812.9000244140625,31640.0,676.9000244140625,3287.699951171875,16939.0,475.2999877929687,3255.60009765625,1677.5,4302.39990234375,64.79000091552734,381.5499877929687,638.75,1095.800048828125,6185.0,406.6499938964844,165.8800048828125,705.7000122070312,3423.300048828125,1677.0999755859375,2995.199951171875,3708.0,,3349.39990234375,1469.4000244140625,6222.5,2898.300048828125,12436.0,153.38999938964844,1383.4000244140625,1098.5999755859375,672.6500244140625,453.0499877929687,469.4500122070313,1332.800048828125,2965.699951171875,267.0,20.280000686645508,995.4000244140624
2025-07-03,1226.5999755859375,5871.5,272.6000061035156,875.25,2611.199951171875,1008.5,1431.0999755859375,4822.0,7345.0,588.75,295.0599975585937,1729.199951171875,7565.0,125.25,2430.89990234375,1493.0999755859375,811.8499755859375,1156.0999755859375,1171.0999755859375,8382.5,1980.699951171875,14184.0,910.1500244140624,183.92999267578125,242.32000732421875,118.48999786376952,1965.300048828125,426.25,1298.699951171875,2019.300048828125,257.6000061035156,374.4500122070313,1842.300048828125,34405.0,331.5,5794.5,2820.10009765625,851.6799926757812,114.16000366210938,1804.9000244140625,667.4500122070312,1527.0999755859375,1508.699951171875,386.4500122070313,1938.300048828125,2445.300048828125,596.2000122070312,350.25,3332.89990234375,491.6000061035156,2209.800048828125,388.8500061035156,6876.0,15074.0,829.7000122070312,4348.7001953125,1291.300048828125,5716.0,260.8500061035156,382.8999938964844,216.9900054931641,794.0499877929688,192.7400054931641,1783.5,88.47000122070312,1171.199951171875,2266.10009765625,2817.60009765625,4931.2001953125,1572.5999755859375,1711.9000244140625,2522.5,993.5499877929688,785.8499755859375,4310.60009765625,692.8499755859375,436.6000061035156,2313.39990234375,445.5499877929687,231.0099945068359,1425.9000244140625,2034.0999755859373,639.9000244140625,7.489999771118164,77.66000366210938,197.75,748.25,645.9500122070312,5766.0,862.4000244140625,425.75,1618.699951171875,176.63999938964844,147.8699951171875,167.52000427246094,139.6999969482422,413.3500061035156,956.5,325.04998779296875,510.3500061035156,1046.0999755859375,706.9500122070312,582.8499755859375,6175.5,3840.699951171875,1329.699951171875,425.3200073242187,1261.5999755859375,758.5499877929688,609.3499755859375,946.0,1368.9000244140625,3582.89990234375,203.2899932861328,,1954.800048828125,3174.39990234375,274.8500061035156,2361.699951171875,713.3499755859375,12752.0,1301.4000244140625,3287.60009765625,1800.5,1618.9000244140625,102.85333251953124,2882.800048828125,2635.10009765625,192.25,1445.199951171875,117.51000213623048,1194.199951171875,84.97000122070312,69.05999755859375,334.6000061035156,1635.0999755859375,202.3099975585937,1871.0,9030.0,452.9500122070313,244.0500030517578,48145.0,553.7333374023438,925.2999877929688,5950.5,300.8999938964844,415.4500122070313,762.25,1512.5,1557.25,4238.60009765625,110.2300033569336,1084.4000244140625,1809.0,6807.5,293.70001220703125,19760.0,202.42999267578125,1053.0999755859375,1600.800048828125,252.6600036621093,393.1499938964844,1517.800048828125,390.6499938964844,136.5,135.72999572753906,911.4000244140624,1810.199951171875,807.0999755859375,31420.0,675.4000244140625,3311.699951171875,16822.0,479.3500061035156,3232.0,1679.699951171875,4261.60009765625,65.2699966430664,386.0,640.3499755859375,1089.4000244140625,6215.0,399.8999938964844,165.91000366210938,706.1500244140625,3400.800048828125,1671.9000244140625,2952.800048828125,3678.699951171875,,3334.10009765625,1442.4000244140625,6191.0,2899.199951171875,12398.0,151.58999633789062,1381.699951171875,1099.4000244140625,684.1500244140625,450.7000122070313,458.2999877929687,1367.0,2992.89990234375,267.04998779296875,20.14999961853028,999.4000244140624
2025-07-04,1245.4000244140625,5862.0,275.04998779296875,877.2000122070312,2599.10009765625,996.7999877929688,1424.4000244140625,4886.2998046875,7349.5,595.75,277.6000061035156,1717.5999755859375,7553.5,124.9250030517578,2424.199951171875,1482.199951171875,819.5,1191.300048828125,1177.5999755859375,8433.0,1994.4000244140625,14227.0,925.2999877929688,179.97999572753906,240.77999877929688,117.80999755859376,1977.5999755859373,427.5499877929687,1314.5,2017.199951171875,260.1499938964844,380.0499877929687,1841.199951171875,35930.0,346.20001220703125,5771.5,2635.199951171875,846.3599853515625,114.37000274658205,1762.5,676.5999755859375,1526.699951171875,1513.300048828125,386.1000061035156,1950.5999755859373,2446.699951171875,599.6500244140625,355.04998779296875,3342.0,495.1000061035156,2179.300048828125,390.1000061035156,6906.5,15202.0,836.0,4261.10009765625,1307.4000244140625,5629.0,261.3999938964844,383.4500122070313,215.32000732421875,807.0499877929688,193.4100036621093,1830.4000244140625,89.91000366210938,1192.9000244140625,2304.0,2805.89990234375,4993.2001953125,1577.5999755859375,1725.9000244140625,2516.75,994.6500244140624,785.0999755859375,4345.0,699.4500122070312,444.6000061035156,2339.300048828125,445.1000061035156,231.4199981689453,1442.800048828125,2035.4000244140625,650.9500122070312,7.360000133514404,77.87999725341797,197.6300048828125,747.5499877929688,650.5,5753.0,856.25,424.9500122070313,1640.699951171875,179.97999572753906,151.6199951171875,166.6699981689453,139.24000549316406,412.5499877929687,953.0,324.95001220703125,512.0,1041.4000244140625,710.0499877929688,585.6500244140625,6156.5,3781.800048828125,1294.9000244140625,425.9599914550781,1263.800048828125,776.0,610.7999877929688,940.7000122070312,1368.0999755859375,3594.60009765625,205.6300048828125,,1980.9000244140625,3162.5,276.6499938964844,2439.5,728.5999755859375,12646.0,1298.199951171875,3329.0,1776.9000244140625,1589.9000244140625,102.5999984741211,2924.199951171875,2662.800048828125,192.08999633789065,1486.4000244140625,117.87000274658205,1196.4000244140625,85.04000091552734,68.77999877929688,335.5,1452.199951171875,198.22999572753903,1869.5,9109.0,445.75,245.2400054931641,48710.0,553.5999755859375,930.8499755859376,5896.0,299.75,413.25,754.5,1542.199951171875,1540.0999755859375,4220.0,110.8499984741211,1081.0,1794.0,6717.5,294.0,19965.0,203.6600036621093,1058.300048828125,1613.0,253.83999633789065,393.6499938964844,1527.300048828125,391.3999938964844,134.72000122070312,123.19000244140624,909.5999755859376,1799.699951171875,811.8499755859375,31315.0,676.1500244140625,3292.39990234375,16856.0,478.3999938964844,3230.5,1676.300048828125,4265.2001953125,65.52999877929688,383.5,644.2000122070312,1089.699951171875,6209.0,401.0,163.00999450683594,708.1500244140625,3419.800048828125,1655.199951171875,2988.0,3686.89990234375,,3368.0,1439.800048828125,5456.0,2880.10009765625,12506.0,153.08999633789062,1378.199951171875,1098.5999755859375,681.2999877929688,456.1499938964844,459.0499877929687,1364.4000244140625,2978.10009765625,270.04998779296875,20.049999237060547,1001.0
2025-07-07,1253.0,5844.0,276.25,883.3499755859375,2576.10009765625,991.0999755859376,1435.5999755859375,4877.2998046875,7431.0,592.0,279.44000244140625,1734.0999755859375,7616.0,124.9000015258789,2442.800048828125,1488.699951171875,813.8499755859375,1185.0999755859375,1175.0999755859375,8463.5,2006.4000244140625,14288.0,924.6500244140624,177.49000549316406,241.08999633789065,117.72000122070312,1943.300048828125,417.1000061035156,1306.199951171875,2033.9000244140625,256.3500061035156,372.1000061035156,1826.699951171875,36045.0,350.5,5884.0,2636.199951171875,828.4000244140625,114.30999755859376,1778.5,680.4500122070312,1514.300048828125,1510.5,384.25,1941.699951171875,2465.39990234375,597.1500244140625,351.54998779296875,3436.10009765625,512.75,2154.39990234375,396.1000061035156,6888.5,15433.0,832.5,4236.2998046875,1310.5,5682.5,258.54998779296875,386.1499938964844,215.0500030517578,806.0,193.1499938964844,1860.0999755859373,90.06999969482422,1268.4000244140625,2299.0,2779.10009765625,5012.60009765625,1537.5999755859375,1710.4000244140625,2499.5,993.7000122070312,789.4500122070312,4307.0,692.0999755859375,447.8999938964844,2410.39990234375,437.5,227.3300018310547,1435.699951171875,2025.5,666.0499877929688,7.289999961853027,77.70999908447266,199.3300018310547,737.1500244140625,644.1500244140625,5748.0,854.4500122070312,408.3999938964844,1627.0,176.3000030517578,153.75,167.1300048828125,138.5399932861328,416.1499938964844,953.5,328.04998779296875,509.6499938964844,1042.5999755859375,684.0999755859375,584.0499877929688,6175.0,3806.60009765625,1262.5999755859375,429.9599914550781,1268.800048828125,776.25,607.7999877929688,943.7000122070312,1377.300048828125,3581.39990234375,207.77000427246097,,1978.5999755859373,3160.199951171875,271.04998779296875,2410.39990234375,729.3499755859375,12520.0,1299.5999755859375,3276.800048828125,1749.300048828125,1568.5,103.49333190917967,2874.60009765625,2660.60009765625,188.5599975585937,1431.0999755859375,115.93000030517578,1211.050048828125,84.44000244140625,68.29000091552734,337.45001220703125,1499.5999755859375,201.52000427246097,1844.300048828125,9005.0,440.6000061035156,241.52000427246097,48910.0,553.7000122070312,920.7999877929688,5840.5,307.5,411.5,759.1500244140625,1549.5,1536.199951171875,4162.10009765625,112.51000213623048,1088.199951171875,1824.800048828125,6700.0,295.8999938964844,19555.0,202.4900054931641,1042.0,1630.5,254.6199951171875,391.6000061035156,1541.5,389.4500122070313,133.47000122070312,123.88999938964844,908.9500122070312,1808.300048828125,806.8499755859375,31105.0,671.2999877929688,3278.199951171875,16717.0,468.2999877929687,3239.39990234375,1679.9000244140625,4273.60009765625,65.87999725341797,376.6499938964844,635.25,1101.9000244140625,6175.0,401.2000122070313,162.39999389648438,704.2999877929688,3411.699951171875,1623.9000244140625,2940.199951171875,3666.10009765625,,3352.300048828125,1440.800048828125,5499.0,2876.89990234375,12345.0,152.1699981689453,1382.5999755859375,1093.800048828125,680.25,464.0499877929687,454.2000122070313,1365.699951171875,2917.0,267.75,20.0,998.7999877929688
2025-07-08,1220.4000244140625,5840.0,277.3999938964844,881.25,2591.300048828125,992.0,1448.5,4800.89990234375,7510.5,591.5499877929688,269.260009765625,1741.4000244140625,7565.0,124.9250030517578,2484.60009765625,1486.0,819.8499755859375,1147.699951171875,1165.4000244140625,8339.5,2018.300048828125,13882.0,927.6500244140624,174.6999969482422,239.7599945068359,116.95999908447266,1969.5999755859373,422.0,1281.0999755859375,2030.0,258.1000061035156,369.3500061035156,1810.0999755859373,35490.0,355.6000061035156,5839.0,2477.0,824.3599853515625,113.73999786376952,1754.0999755859375,675.7999877929688,1521.699951171875,1488.300048828125,382.8500061035156,1949.5999755859373,2451.0,598.3499755859375,343.45001220703125,3478.0,513.0999755859375,2154.0,408.7999877929687,6938.0,15473.0,842.9000244140625,4213.0,1283.800048828125,5679.5,263.5,388.7000122070313,213.5,790.5,192.6300048828125,1830.5,91.23999786376952,1277.4000244140625,2310.39990234375,2820.800048828125,5002.5,1532.0999755859375,1708.0999755859375,2554.5,1000.7000122070312,794.1500244140625,4300.39990234375,685.5999755859375,452.7000122070313,2392.699951171875,436.2000122070313,229.1699981689453,1442.0,2036.9000244140625,664.5499877929688,7.289999961853027,77.86000061035156,200.9900054931641,739.2999877929688,638.5499877929688,5802.0,850.2999877929688,406.25,1638.699951171875,176.77999877929688,153.82000732421875,166.47999572753906,138.1999969482422,417.2000122070313,951.0999755859376,328.8500061035156,513.5499877929688,1045.0,688.2000122070312,573.75,6007.0,3771.10009765625,1273.300048828125,444.8999938964844,1271.300048828125,778.2999877929688,605.1500244140625,946.8499755859376,1374.9000244140625,3606.39990234375,208.25,,1922.0999755859373,3157.89990234375,269.45001220703125,2431.699951171875,727.9500122070312,12414.0,1295.699951171875,3291.39990234375,1699.199951171875,1572.0,102.6933364868164,2909.60009765625,2649.800048828125,189.9100036621093,1458.9000244140625,115.73999786376952,1208.949951171875,87.95999908447266,68.29000091552734,343.20001220703125,1493.4000244140625,202.58999633789065,1857.5,9006.5,443.1000061035156,243.2400054931641,48965.0,546.066650390625,911.0499877929688,5784.0,305.1499938964844,419.7999877929687,740.5,1574.699951171875,1533.800048828125,4148.5,112.01000213623048,1088.0999755859375,1854.199951171875,6748.5,297.75,19115.0,201.27000427246097,1056.5999755859375,1659.0999755859375,249.9499969482422,395.1000061035156,1537.5999755859375,386.5,135.0500030517578,125.08000183105467,918.75,1816.9000244140625,812.6500244140625,31300.0,668.9500122070312,3296.800048828125,16511.0,461.2999877929687,3286.5,1672.5,4196.10009765625,66.26000213623047,381.4500122070313,632.5999755859375,1099.9000244140625,6171.5,400.8500061035156,161.97000122070312,700.0,3406.199951171875,1635.4000244140625,2925.10009765625,3441.300048828125,,3322.39990234375,1424.0999755859375,5440.0,2830.699951171875,12445.0,150.25,1364.699951171875,1103.199951171875,673.2999877929688,458.1499938964844,456.2999877929687,1371.199951171875,3068.60009765625,269.6499938964844,20.0,983.2000122070312
2025-07-09,1194.5999755859375,5898.0,273.29998779296875,890.1500244140625,2583.0,995.2000122070312,1443.0,4805.39990234375,7691.5,590.3499755859375,273.5400085449219,1708.300048828125,7469.0,125.4499969482422,2498.89990234375,1492.5999755859375,825.75,1142.5999755859375,1164.699951171875,8361.0,2026.4000244140625,13862.0,940.5999755859376,178.02000427246094,241.1300048828125,115.91000366210938,1985.199951171875,417.6499938964844,1261.5,2019.699951171875,262.04998779296875,373.5499877929687,1809.5999755859373,35800.0,348.5,5882.0,2523.800048828125,838.1599731445312,113.95999908447266,1761.5,672.0499877929688,1563.0999755859375,1491.699951171875,387.4500122070313,1931.300048828125,2438.60009765625,615.3499755859375,342.79998779296875,3523.89990234375,522.1500244140625,2175.800048828125,421.2999877929687,6983.5,15710.0,829.6500244140625,4190.89990234375,1269.4000244140625,5695.0,264.54998779296875,387.5,213.88999938964844,784.7000122070312,185.02999877929688,1818.800048828125,92.8000030517578,1293.800048828125,2255.10009765625,2797.89990234375,5007.39990234375,1523.699951171875,1674.0,2570.5,1005.5999755859376,786.2999877929688,4333.10009765625,673.9500122070312,445.4500122070313,2423.39990234375,425.0,229.9600067138672,1431.9000244140625,2020.199951171875,680.3499755859375,7.260000228881836,77.44999694824219,207.9600067138672,750.1500244140625,638.7999877929688,5852.0,840.75,405.1499938964844,1633.699951171875,176.8300018310547,150.25,165.91000366210938,137.58999633789062,419.4500122070313,944.7999877929688,329.8500061035156,514.9000244140625,1040.4000244140625,682.9500122070312,578.7999877929688,6123.0,3694.0,1306.9000244140625,445.8599853515625,1259.5999755859375,794.4000244140625,604.1500244140625,946.0,1390.0999755859375,3579.699951171875,209.1000061035156,,1914.199951171875,3176.300048828125,261.5,2526.60009765625,730.3499755859375,12470.0,1247.4000244140625,3294.300048828125,1688.4000244140625,1563.699951171875,103.27999877929688,2863.89990234375,2645.60009765625,186.22999572753903,1447.0999755859375,114.54000091552734,1213.9000244140625,88.29000091552734,67.9000015258789,344.0,1462.0,213.3699951171875,1831.0999755859373,8938.5,445.3999938964844,243.3500061035156,48590.0,553.5333251953125,907.7000122070312,5724.0,305.6000061035156,417.75,788.75,1518.699951171875,1524.1500244140625,4168.39990234375,111.0,1098.699951171875,1854.5,6716.0,299.6499938964844,19865.0,201.4499969482422,1074.0999755859375,1650.0,260.6099853515625,391.5499877929687,1519.0,385.1000061035156,133.8800048828125,127.9000015258789,934.5,1814.9000244140625,810.9500122070312,31615.0,681.0499877929688,3218.300048828125,16502.0,455.6000061035156,3280.5,1669.4000244140625,4194.7001953125,65.94000244140625,380.1499938964844,639.2000122070312,1097.9000244140625,6152.0,400.6499938964844,159.0,703.9500122070312,3383.800048828125,1614.800048828125,2895.300048828125,3432.10009765625,,3353.699951171875,1427.0,5408.0,2840.10009765625,12562.0,144.58999633789062,1370.9000244140625,1107.699951171875,664.75,465.75,440.75,1366.9000244140625,3119.5,267.79998779296875,19.90999984741211,978.4500122070312
2025-07-10,1194.4000244140625,5893.5,272.0,891.0499877929688,2581.0,995.7999877929688,1443.0999755859375,4732.7998046875,7753.0,585.4000244140625,272.739990234375,1719.199951171875,7359.0,124.9000015258789,2451.199951171875,1491.5999755859375,828.2000122070312,1129.9000244140625,1164.300048828125,8285.0,2039.4000244140625,13875.0,947.6500244140624,178.25999450683594,238.83999633789065,114.41999816894533,1892.800048828125,413.5,1234.800048828125,1964.5,261.29998779296875,372.3999938964844,1796.699951171875,36195.0,350.95001220703125,5878.0,2466.300048828125,837.5800170898438,112.38999938964844,1747.199951171875,677.2999877929688,1546.800048828125,1477.800048828125,384.0499877929687,1887.699951171875,2411.300048828125,627.8499755859375,343.79998779296875,3518.89990234375,522.4000244140625,2171.699951171875,415.1000061035156,6844.5,15849.0,831.5499877929688,4169.0,1262.5999755859375,5652.0,262.8500061035156,388.9500122070313,210.97999572753903,773.4500122070312,185.6699981689453,1904.0,92.3000030517578,1286.699951171875,2256.199951171875,2775.10009765625,4915.60009765625,1529.699951171875,1663.699951171875,2603.75,1003.0999755859376,771.25,4321.2998046875,675.0499877929688,441.25,2408.39990234375,422.7999877929687,231.3600006103516,1424.0999755859375,1994.5999755859373,673.0499877929688,7.329999923706055,76.62999725341797,206.3800048828125,743.3499755859375,631.25,5840.0,852.8499755859375,402.2000122070313,1615.800048828125,178.74000549316406,152.3300018310547,169.63999938964844,137.1300048828125,416.8500061035156,944.5499877929688,331.6499938964844,530.5499877929688,1043.300048828125,688.0,587.7999877929688,6164.5,3696.60009765625,1291.9000244140625,440.760009765625,1253.199951171875,793.5,605.5,926.5499877929688,1411.800048828125,3574.699951171875,206.77000427246097,,1894.800048828125,3162.39990234375,265.5,2544.0,726.9500122070312,12650.0,1251.5999755859375,3263.0,1666.300048828125,1582.800048828125,102.35333251953124,2861.10009765625,2644.800048828125,188.9499969482422,1420.0999755859375,113.97000122070312,1200.699951171875,87.5199966430664,68.69000244140625,341.45001220703125,1474.5,217.13999938964844,1843.0999755859373,8777.0,437.5,243.08999633789065,48245.0,554.5333251953125,940.5499877929688,5680.5,305.04998779296875,429.4500122070313,773.3499755859375,1509.5999755859375,1532.550048828125,4041.89990234375,109.76000213623048,1084.300048828125,1832.0999755859373,6781.0,299.25,19475.0,200.63999938964844,1115.800048828125,1696.5,254.6499938964844,397.5499877929687,1517.199951171875,384.7000122070313,134.77999877929688,132.0,935.5,1810.199951171875,808.0,31175.0,671.75,3191.60009765625,15904.0,454.6499938964844,3259.60009765625,1662.5,4149.2001953125,65.97000122070312,384.3500061035156,634.2999877929688,1088.9000244140625,6137.5,399.8999938964844,160.66000366210938,708.5499877929688,3382.0,1600.0999755859375,2899.5,3419.800048828125,,3339.39990234375,1426.699951171875,5431.0,2830.10009765625,12516.0,143.86000061035156,1384.0,1098.5999755859375,661.6500244140625,459.75,439.2000122070313,1368.9000244140625,3170.60009765625,265.04998779296875,19.809999465942383,972.9500122070312
2025-07-11,1194.0,5756.5,269.45001220703125,874.0499877929688,2558.699951171875,995.2000122070312,1431.699951171875,4806.7001953125,7466.5,587.1500244140625,267.8900146484375,1701.800048828125,7189.5,123.125,2439.199951171875,1475.0999755859375,821.0,1124.800048828125,1173.800048828125,8067.0,2017.199951171875,13752.0,933.5,175.58999633789062,237.44000244140625,114.55999755859376,1856.5999755859373,409.2999877929687,1214.800048828125,1921.9000244140625,258.70001220703125,374.2000122070313,1799.800048828125,36525.0,344.8500061035156,5758.5,2371.10009765625,813.9199829101562,111.91999816894533,1688.699951171875,667.75,1532.5,1485.0,380.9500122070313,1867.800048828125,2376.10009765625,614.9500122070312,335.6499938964844,3546.39990234375,530.8499755859375,2176.39990234375,411.25,6835.0,15786.0,815.0999755859375,4064.199951171875,1254.699951171875,5612.5,263.3500061035156,380.6499938964844,207.3800048828125,764.5499877929688,181.88999938964844,2181.10009765625,90.61000061035156,1285.0,2206.300048828125,2762.0,4866.10009765625,1527.800048828125,1638.300048828125,2558.0,991.8499755859376,759.0,4218.7001953125,670.9500122070312,435.8999938964844,2519.60009765625,424.8999938964844,230.7100067138672,1421.9000244140625,2012.199951171875,660.7000122070312,7.170000076293945,75.2300033569336,206.42999267578125,735.2000122070312,631.5,5917.5,858.8499755859375,404.3999938964844,1594.9000244140625,176.22999572753906,150.64999389648438,160.0,135.27999877929688,416.7999877929687,938.4000244140624,325.79998779296875,523.7000122070312,1037.199951171875,678.5999755859375,582.1500244140625,5998.0,3612.300048828125,1273.0999755859375,444.1199951171875,1268.4000244140625,790.2000122070312,604.6500244140625,922.4000244140624,1400.0999755859375,3540.60009765625,204.58999633789065,,1894.699951171875,3073.199951171875,262.8999938964844,2578.300048828125,725.6500244140625,12574.0,1219.199951171875,3174.5,1609.5999755859375,1567.199951171875,100.5,2838.800048828125,2640.60009765625,189.5,1375.199951171875,112.9000015258789,1201.75,88.05000305175781,69.05000305175781,342.70001220703125,1463.5999755859375,217.22999572753903,1835.5,8636.0,432.2999877929687,241.7599945068359,47930.0,555.066650390625,951.1500244140624,5578.5,299.8500061035156,430.9500122070313,767.7000122070312,1488.9000244140625,1500.4000244140625,4044.800048828125,110.20999908447266,1076.800048828125,1793.800048828125,6705.5,298.54998779296875,18570.0,200.97999572753903,1105.0,1695.0,264.1600036621094,401.0499877929687,1495.199951171875,381.6499938964844,134.3300018310547,127.20999908447266,913.4500122070312,1835.199951171875,808.6500244140625,31210.0,668.25,3117.699951171875,15420.0,447.1499938964844,3182.5,1672.0,4114.2001953125,65.91999816894531,385.1000061035156,626.1500244140625,1076.800048828125,6066.0,396.8500061035156,159.83999633789062,708.7999877929688,3266.0,1602.5,2869.800048828125,3361.60009765625,,3314.199951171875,1408.0999755859375,5364.0,2754.5,12495.0,143.74000549316406,1357.5999755859375,1073.0,652.7999877929688,452.25,442.75,1369.5,3112.10009765625,258.29998779296875,19.65999984741211,979.5999755859376
2025-07-14,1188.199951171875,5647.5,271.5,880.5,2581.300048828125,1025.9000244140625,1433.0,4840.7001953125,7625.0,590.1500244140625,267.8800048828125,1692.5,7220.0,126.4749984741211,2401.60009765625,1495.0,804.9500122070312,1138.5999755859375,1172.699951171875,8087.5,2003.5999755859373,14148.0,918.8499755859376,175.13999938964844,240.9199981689453,114.9800033569336,1824.0999755859373,407.2999877929687,1209.0,1920.9000244140625,257.3500061035156,379.1000061035156,1828.5,37845.0,344.3999938964844,5778.0,2460.699951171875,825.5,113.66999816894533,1677.4000244140625,674.7999877929688,1528.4000244140625,1484.0,383.8500061035156,1875.0,2378.10009765625,615.5499877929688,338.6499938964844,3523.800048828125,526.2000122070312,2159.10009765625,406.3500061035156,6778.5,15898.0,826.9000244140625,4011.300048828125,1250.5999755859375,5540.5,270.6000061035156,383.3500061035156,210.57000732421875,782.2999877929688,183.63999938964844,2219.199951171875,91.66000366210938,1266.5999755859375,2256.89990234375,2784.39990234375,4886.2001953125,1526.4000244140625,1619.800048828125,2545.75,991.5,764.75,4251.7001953125,666.5,429.8999938964844,2516.60009765625,436.3500061035156,231.42999267578125,1423.0,2019.699951171875,672.5,7.710000038146973,74.2699966430664,207.1300048828125,729.1500244140625,635.0999755859375,5940.5,867.5999755859375,404.1000061035156,1570.300048828125,176.5500030517578,150.10000610351562,159.0,134.11000061035156,419.3999938964844,933.0499877929688,319.1000061035156,530.5,1038.9000244140625,679.7999877929688,585.75,6023.0,3732.60009765625,1275.5999755859375,440.760009765625,1267.199951171875,823.8499755859375,606.9000244140625,916.4000244140624,1419.699951171875,3495.89990234375,205.57000732421875,,1926.0999755859373,3092.10009765625,263.1000061035156,2696.5,728.0,12514.0,1249.5999755859375,3113.60009765625,1641.800048828125,1578.5,101.49333190917967,2829.5,2665.39990234375,189.47000122070312,1399.0,113.02999877929688,1196.449951171875,88.77999877929688,69.06999969482422,342.1000061035156,1483.699951171875,220.02999877929688,1804.199951171875,8733.5,445.8500061035156,244.22000122070312,48765.0,557.9000244140625,974.7000122070312,5605.0,303.79998779296875,425.2000122070313,783.6500244140625,1510.9000244140625,1482.199951171875,4050.10009765625,110.72000122070312,1088.0999755859375,1831.199951171875,6796.5,298.20001220703125,18500.0,207.8800048828125,1108.800048828125,1726.300048828125,263.3800048828125,398.8500061035156,1483.699951171875,382.2999877929687,134.19000244140625,124.1999969482422,903.5,1851.300048828125,808.8499755859375,31100.0,669.75,3152.60009765625,15213.0,452.25,3169.39990234375,1682.5999755859375,4112.0,65.44000244140625,393.0499877929687,636.2999877929688,1071.800048828125,6179.0,402.5499877929687,160.44000244140625,716.7999877929688,3222.699951171875,1576.699951171875,2871.0,3404.699951171875,,3404.89990234375,1403.5,5314.5,2802.199951171875,12516.0,147.00999450683594,1364.0,1077.5,659.5,461.2000122070313,448.2000122070313,1376.800048828125,3197.0,254.25,19.989999771118164,968.4500122070312
2025-07-15,1197.300048828125,5608.0,270.75,879.75,2598.199951171875,1033.0999755859375,1445.0999755859375,4933.2001953125,7840.0,593.0999755859375,267.4800109863281,1723.5,7360.5,125.4499969482422,2393.5,1505.0,810.0499877929688,1152.0,1165.9000244140625,8311.0,2036.5,14164.0,928.4000244140624,180.1499938964844,244.32000732421875,115.79000091552734,1819.5999755859373,408.9500122070313,1237.4000244140625,1934.199951171875,257.5,390.4500122070313,1882.300048828125,38320.0,348.04998779296875,5785.5,2546.0,849.6799926757812,114.87000274658205,1701.4000244140625,677.4500122070312,1557.0,1490.9000244140625,386.4500122070313,1893.9000244140625,2402.89990234375,619.7999877929688,351.8500061035156,3576.5,527.0,2182.300048828125,417.5499877929687,6790.0,15823.0,833.5,4026.699951171875,1260.9000244140625,5591.0,266.45001220703125,386.5,211.6699981689453,799.25,184.7100067138672,2226.10009765625,91.87999725341795,1270.0999755859375,2269.699951171875,2778.60009765625,4896.7998046875,1538.0,1566.4000244140625,2641.75,997.75,756.8499755859375,4454.0,670.8499755859375,433.4500122070313,2526.89990234375,437.4500122070313,233.3500061035156,1430.800048828125,2002.699951171875,669.5999755859375,7.659999847412109,72.93000030517578,208.97999572753903,744.0499877929688,633.7000122070312,5930.5,881.0,408.0,1585.5999755859375,164.75,151.39999389648438,159.63999938964844,135.2899932861328,422.1000061035156,943.8499755859376,321.20001220703125,528.9500122070312,1035.0,691.25,588.25,5975.0,3892.39990234375,1299.300048828125,437.6199951171875,1291.9000244140625,827.0499877929688,619.0,925.2000122070312,1434.0,3494.0,205.4499969482422,,1950.699951171875,3128.60009765625,269.3500061035156,2651.0,740.2000122070312,12536.0,1261.0999755859375,3115.39990234375,1664.4000244140625,1582.800048828125,104.00666809082033,2884.800048828125,2655.5,190.47999572753903,1403.199951171875,114.9000015258789,1208.1500244140625,88.0999984741211,67.9800033569336,342.0,1506.300048828125,216.0599975585937,1820.0999755859373,8775.0,445.8500061035156,243.6699981689453,49020.0,581.5,988.4500122070312,5581.5,312.3999938964844,425.1000061035156,808.9000244140625,1491.5999755859375,1499.0999755859375,4172.0,112.23999786376952,1099.5999755859375,1860.4000244140625,6944.5,298.04998779296875,18435.0,216.22000122070312,1072.0,1724.5999755859375,263.260009765625,401.3500061035156,1485.4000244140625,383.1499938964844,134.8800048828125,124.3000030517578,893.75,1824.800048828125,816.4500122070312,31080.0,684.4500122070312,3146.800048828125,15366.0,455.3500061035156,3223.60009765625,1727.5,4240.5,67.16999816894531,388.4500122070313,655.3499755859375,1081.800048828125,6380.0,403.8999938964844,159.0,731.9500122070312,3252.300048828125,1579.0,2930.300048828125,3415.0,,3439.60009765625,1391.5999755859375,5390.0,2885.0,12502.0,146.22999572753906,1370.199951171875,1105.9000244140625,673.7999877929688,469.7999877929687,450.0,1396.5999755859375,3221.300048828125,257.3999938964844,20.459999084472656,967.6500244140624
2025-07-16,1197.5999755859375,5551.0,270.20001220703125,876.5999755859375,2608.5,1038.5999755859375,1456.699951171875,5002.2001953125,7600.5,595.5,271.67999267578125,1714.800048828125,7352.5,124.5999984741211,2410.5,1492.5999755859375,797.75,1152.9000244140625,1168.4000244140625,8302.5,2036.0,14095.0,921.75,183.67999267578125,249.0800018310547,118.0199966430664,1802.0,406.1499938964844,1231.300048828125,1936.5999755859373,254.3500061035156,394.6499938964844,1860.5999755859373,38475.0,347.8500061035156,5786.5,2530.0,841.4400024414062,117.02999877929688,1721.5,675.3499755859375,1559.0,1475.800048828125,386.4500122070313,1882.4000244140625,2380.39990234375,619.9000244140625,350.25,3567.60009765625,527.9500122070312,2164.199951171875,421.1499938964844,6831.0,16099.0,844.2999877929688,4086.0,1259.4000244140625,5626.5,262.3500061035156,385.9500122070313,214.69000244140625,795.1500244140625,184.3300018310547,2204.800048828125,93.88999938964844,1264.800048828125,2289.10009765625,2762.39990234375,4871.60009765625,1525.0,1562.800048828125,2676.75,998.1500244140624,755.9500122070312,4424.5,666.75,446.1000061035156,2517.60009765625,435.2000122070313,232.57000732421875,1426.4000244140625,1970.800048828125,650.5999755859375,7.829999923706055,73.86000061035156,208.3099975585937,751.2000122070312,641.5,5950.0,879.75,405.0,1607.9000244140625,166.4600067138672,152.0399932861328,160.02999877929688,135.4499969482422,424.6000061035156,931.4500122070312,319.54998779296875,531.75,1029.800048828125,693.9500122070312,590.2000122070312,5977.5,3891.10009765625,1282.199951171875,435.8800048828125,1286.4000244140625,822.5499877929688,637.0499877929688,932.6500244140624,1440.199951171875,3503.800048828125,203.3500061035156,,1930.0999755859373,3196.5,270.3500061035156,2625.5,731.6500244140625,12564.0,1266.199951171875,3107.800048828125,1676.0999755859375,1569.300048828125,102.7866668701172,2876.800048828125,2650.199951171875,188.02000427246097,1393.4000244140625,114.98999786376952,1230.0,88.58000183105469,68.63999938964844,342.45001220703125,1500.800048828125,215.6999969482422,1816.5,8814.5,446.4500122070313,242.8500061035156,47145.0,619.8666381835938,1005.0,5592.5,310.45001220703125,423.75,828.0,1480.9000244140625,1494.0,4104.39990234375,114.97000122070312,1106.0999755859375,1812.5,6948.0,297.04998779296875,18560.0,214.8600006103516,1076.5999755859375,1718.5999755859375,269.1400146484375,400.3999938964844,1485.5999755859375,383.2999877929687,133.5800018310547,129.64999389648438,897.3499755859375,1829.0999755859373,831.7000122070312,30955.0,668.3499755859375,3089.300048828125,15190.0,455.0499877929687,3201.199951171875,1701.0,4235.89990234375,67.02999877929688,389.8500061035156,667.75,1081.5,6311.0,414.7000122070313,157.3300018310547,734.5999755859375,3233.10009765625,1607.9000244140625,2939.800048828125,3417.300048828125,,3459.5,1394.0999755859375,5382.0,2897.300048828125,12453.0,148.33999633789062,1377.199951171875,1119.5,671.4500122070312,480.1000061035156,447.4500122070313,1397.300048828125,3290.5,262.79998779296875,20.239999771118164,968.9000244140624
2025-07-17,1205.5999755859375,5637.5,269.0,873.3499755859375,2616.60009765625,1050.0999755859375,1452.5,5018.7001953125,7594.0,594.5999755859375,274.010009765625,1694.800048828125,7350.5,123.75,2398.89990234375,1505.0999755859375,796.9500122070312,1154.199951171875,1159.800048828125,8330.0,2026.5,14100.0,923.2999877929688,185.19000244140625,246.52000427246097,116.0999984741211,1742.9000244140625,404.2000122070313,1224.800048828125,1929.9000244140625,253.25,397.0,1882.5999755859373,38645.0,346.75,5807.5,2474.89990234375,847.9199829101562,115.52999877929688,1714.0999755859375,689.3499755859375,1564.300048828125,1482.4000244140625,385.8999938964844,1865.300048828125,2398.0,621.0499877929688,349.6000061035156,3584.800048828125,528.7000122070312,2189.60009765625,425.2999877929687,6790.5,16107.0,847.0499877929688,4055.89990234375,1263.0999755859375,5650.0,259.6499938964844,383.5499877929687,212.58999633789065,810.25,185.2899932861328,2226.699951171875,94.68000030517578,1278.199951171875,2337.0,2766.300048828125,4789.2998046875,1532.5999755859375,1543.9000244140625,2755.0,993.4500122070312,751.7999877929688,4443.60009765625,674.5499877929688,440.0,2509.800048828125,437.1000061035156,229.2400054931641,1418.699951171875,1948.9000244140625,642.9000244140625,7.760000228881836,73.4800033569336,205.75,753.9500122070312,637.9500122070312,5796.5,865.0999755859375,406.25,1583.5,167.17999267578125,150.9600067138672,159.24000549316406,134.91000366210938,423.9500122070313,950.4500122070312,318.1499938964844,531.5999755859375,1034.199951171875,689.5,600.5,5953.5,3933.300048828125,1268.5999755859375,434.1600036621094,1282.0999755859375,821.5,638.25,928.25,1440.4000244140625,3474.0,199.77999877929688,,1955.699951171875,3195.0,270.70001220703125,2639.300048828125,733.2999877929688,12476.0,1243.5999755859375,3048.0,1651.9000244140625,1537.5999755859375,102.58000183105467,2844.0,2660.0,189.1199951171875,1379.300048828125,114.45999908447266,1224.550048828125,87.83999633789062,69.55999755859375,342.6499938964844,1563.699951171875,217.47000122070312,1838.699951171875,8745.0,446.4500122070313,243.8699951171875,47285.0,636.433349609375,999.4000244140624,5494.5,310.8999938964844,424.1000061035156,826.0499877929688,1502.4000244140625,1496.1500244140625,4135.7998046875,113.79000091552734,1092.5,1790.4000244140625,6886.0,296.6000061035156,19490.0,216.8800048828125,1080.300048828125,1783.199951171875,268.3599853515625,401.2000122070313,1476.4000244140625,381.4500122070313,133.60000610351562,130.92999267578125,908.7999877929688,1802.800048828125,829.0,30845.0,665.4500122070312,3110.300048828125,15147.0,486.0,3202.5,1703.4000244140625,4265.7998046875,66.26000213623047,385.6499938964844,670.4000244140625,1105.800048828125,6196.5,413.4500122070313,159.89999389648438,724.7999877929688,3209.199951171875,1563.699951171875,2941.89990234375,3433.300048828125,,3504.60009765625,1385.800048828125,5417.5,2878.800048828125,12495.0,146.30999755859375,1380.0,1116.800048828125,692.6500244140625,490.1499938964844,444.3500061035156,1390.699951171875,3206.0,260.6000061035156,20.13999938964844,982.75
2025-07-18,1202.199951171875,5646.5,264.3500061035156,869.3499755859375,2596.10009765625,1030.199951171875,1443.0999755859375,4998.5,7603.5,596.7000122070312,267.79998779296875,1666.4000244140625,7303.5,122.25,2382.39990234375,1506.9000244140625,794.9000244140625,1139.5,1099.300048828125,8347.5,2029.5999755859373,13848.0,942.0,187.02000427246097,244.7100067138672,115.0199966430664,1671.5999755859375,394.75,1216.5999755859375,1901.0,250.5,398.75,1845.300048828125,38250.0,343.5,5735.5,2448.5,842.2999877929688,114.4499969482422,1698.5,667.5999755859375,1554.5999755859375,1482.300048828125,388.5,1859.300048828125,2394.199951171875,613.25,343.8500061035156,3536.0,522.5999755859375,2251.800048828125,425.4500122070313,6731.5,15960.0,845.2000122070312,4048.60009765625,1257.5,5627.5,257.20001220703125,384.0499877929687,212.47000122070312,798.5,185.22999572753903,2225.5,94.31999969482422,1251.300048828125,2365.39990234375,2728.5,4651.7001953125,1518.5,1548.800048828125,2795.0,978.7000122070312,739.5,4396.7001953125,675.9000244140625,430.6000061035156,2489.60009765625,435.5,226.1499938964844,1425.800048828125,1912.800048828125,633.7999877929688,7.71999979019165,73.08999633789062,203.13999938964844,766.2000122070312,631.6500244140625,5861.0,870.0499877929688,403.3999938964844,1586.0999755859375,164.5800018310547,150.05999755859375,157.38999938964844,133.83999633789062,422.75,957.1500244140624,316.8500061035156,530.4000244140625,1034.4000244140625,681.7999877929688,590.1500244140625,5853.0,3928.800048828125,1259.699951171875,428.1000061035156,1273.800048828125,827.0,628.25,923.1500244140624,1444.9000244140625,3464.800048828125,203.1499938964844,,1932.199951171875,3192.39990234375,271.29998779296875,2652.300048828125,720.2000122070312,12419.0,1215.699951171875,2982.0,1647.0,1539.0999755859375,100.97000122070312,2832.699951171875,2660.0,188.02000427246097,1364.800048828125,113.0500030517578,1236.0999755859375,87.02999877929688,71.44000244140625,342.1000061035156,1545.699951171875,212.8600006103516,1835.0,8790.5,447.8999938964844,246.3099975585937,46740.0,647.2333374023438,1001.5999755859376,5547.5,303.95001220703125,420.4500122070313,809.0499877929688,1486.4000244140625,1479.050048828125,4120.89990234375,113.3499984741211,1082.199951171875,1762.4000244140625,6926.0,294.1499938964844,19075.0,211.17999267578125,1058.4000244140625,1782.199951171875,263.1400146484375,400.8999938964844,1476.0,376.0,136.4499969482422,136.1199951171875,894.5999755859375,1788.4000244140625,823.3499755859375,30790.0,645.5,3128.39990234375,14906.0,479.75,3187.10009765625,1693.5999755859375,4216.60009765625,65.05999755859375,388.7999877929687,657.25,1095.9000244140625,6166.0,407.8999938964844,162.3699951171875,712.5,3189.89990234375,1548.9000244140625,2918.89990234375,3402.89990234375,,3521.39990234375,1368.5999755859375,5375.0,2849.300048828125,12498.0,146.4600067138672,1362.300048828125,1089.0,686.8499755859375,484.8500061035156,445.7999877929687,1377.0,3122.0,266.95001220703125,20.170000076293945,974.9500122070312
2025-07-21,1221.199951171875,5836.0,271.04998779296875,871.6500244140625,2619.5,1036.5999755859375,1450.5,4999.7001953125,7469.5,613.25,270.6300048828125,1692.5,7254.5,124.8000030517578,2375.39990234375,1501.0,752.9000244140625,1138.5,1099.5999755859375,8438.5,2053.89990234375,14035.0,948.4500122070312,182.25,243.38999938964844,114.66999816894533,1718.4000244140625,399.9500122070313,1220.800048828125,1909.199951171875,254.6499938964844,394.6499938964844,1819.5999755859373,38320.0,342.6000061035156,5681.5,2521.300048828125,849.5399780273438,112.02999877929688,1731.5,680.6500244140625,1573.800048828125,1473.9000244140625,386.7999877929687,1874.300048828125,2392.0,613.4500122070312,341.1499938964844,3617.89990234375,514.5499877929688,2262.199951171875,433.1000061035156,6688.0,16281.0,852.5999755859375,4023.699951171875,1259.300048828125,5558.0,271.70001220703125,389.1000061035156,212.77999877929688,802.25,184.1199951171875,2184.800048828125,93.44000244140624,1238.699951171875,2403.89990234375,2741.89990234375,4751.0,1531.5999755859375,1530.4000244140625,2811.0,1000.25,752.2999877929688,4408.2001953125,682.7000122070312,431.7000122070313,2464.89990234375,444.6499938964844,227.6100006103516,1465.800048828125,1952.199951171875,634.9000244140625,7.630000114440918,73.98999786376953,195.9900054931641,771.7000122070312,634.75,5878.0,858.7999877929688,404.1499938964844,1584.300048828125,164.46902465820312,151.07000732421875,157.3000030517578,134.3699951171875,420.1000061035156,960.0499877929688,317.25,531.7000122070312,1034.800048828125,679.3499755859375,591.2000122070312,5897.0,3972.39990234375,1274.199951171875,433.0400085449219,1264.5999755859375,829.4500122070312,623.6500244140625,928.1500244140624,1448.699951171875,3502.800048828125,210.5800018310547,,1921.0,3246.699951171875,270.29998779296875,2646.0,717.7000122070312,12405.0,1218.199951171875,2951.699951171875,1649.800048828125,1541.699951171875,100.80999755859376,2802.89990234375,2683.199951171875,194.9900054931641,1399.800048828125,115.30999755859376,1236.300048828125,87.52999877929688,71.91000366210938,341.54998779296875,1525.699951171875,215.02999877929688,1834.5999755859373,8821.0,453.25,245.0399932861328,46730.0,647.3333129882812,1017.7000122070312,5779.0,304.0,419.7999877929687,806.9500122070312,1493.699951171875,1482.550048828125,4173.10009765625,112.5999984741211,1084.199951171875,1801.9000244140625,7042.0,297.0,19260.0,211.6999969482422,1053.199951171875,1806.0999755859373,261.1199951171875,398.6499938964844,1428.5999755859375,378.2000122070313,136.94000244140625,136.97999572753906,898.6500244140625,1804.699951171875,824.2000122070312,31535.0,655.6500244140625,3154.800048828125,14926.0,487.8999938964844,3130.39990234375,1692.300048828125,4200.2001953125,66.41999816894531,394.75,671.0499877929688,1090.300048828125,6198.5,401.8500061035156,163.02000427246094,716.3499755859375,3158.199951171875,1543.800048828125,2939.39990234375,3433.0,,3524.0,1367.5999755859375,5376.0,2835.5,12577.0,142.63999938964844,1366.4000244140625,1078.0,713.75,489.2999877929687,453.8500061035156,1385.699951171875,3086.10009765625,260.3500061035156,20.15999984741211,970.0
2025-07-22,1144.0999755859375,5755.0,268.54998779296875,867.2000122070312,2587.800048828125,1013.7000122070312,1420.699951171875,4971.7998046875,7369.0,620.5499877929688,280.5400085449219,1660.4000244140625,7246.5,124.0,2365.199951171875,1475.0,725.7999877929688,1101.4000244140625,1098.0,8295.0,2039.5999755859373,14070.0,952.5499877929688,180.94000244140625,239.47999572753903,113.12999725341795,1717.4000244140625,403.1000061035156,1204.699951171875,1906.800048828125,250.5,387.2000122070313,1764.199951171875,37755.0,340.3500061035156,5708.5,2548.39990234375,849.5,108.0500030517578,1714.699951171875,683.7999877929688,1565.4000244140625,1464.4000244140625,389.1000061035156,1858.4000244140625,2379.5,607.5,335.95001220703125,3587.39990234375,515.0499877929688,2320.199951171875,436.8500061035156,6613.0,16112.0,845.5,4033.300048828125,1240.0,5439.5,299.79998779296875,394.25,212.3999938964844,809.0999755859375,184.02999877929688,2157.89990234375,91.91999816894533,1242.4000244140625,2363.5,2722.699951171875,4758.2001953125,1578.5999755859375,1520.0999755859375,2796.25,1003.5499877929688,763.2999877929688,4342.39990234375,690.0499877929688,429.25,2479.699951171875,443.2000122070313,225.4600067138672,1473.5999755859375,1962.300048828125,625.0999755859375,7.369999885559082,72.44000244140625,192.5599975585937,756.2999877929688,627.9000244140625,5948.0,843.2000122070312,396.2999877929687,1570.9000244140625,163.16786193847656,151.97999572753906,156.22000122070312,130.77000427246094,416.0,965.0,310.79998779296875,531.5499877929688,1030.699951171875,662.0999755859375,593.0499877929688,5783.0,3990.300048828125,1282.4000244140625,432.0400085449219,1256.0,823.3499755859375,620.2000122070312,919.0499877929688,1442.300048828125,3464.60009765625,209.2100067138672,,1903.199951171875,3257.199951171875,272.04998779296875,2670.5,716.3499755859375,12492.0,1218.800048828125,2921.800048828125,1630.699951171875,1562.4000244140625,97.23999786376952,2777.199951171875,2674.300048828125,196.69000244140625,1458.800048828125,114.58000183105467,1221.75,86.33000183105469,72.13999938964844,340.8500061035156,1555.9000244140625,220.02999877929688,1826.199951171875,8707.5,451.3500061035156,246.4100036621093,46295.0,647.3333129882812,1051.050048828125,5713.5,303.25,414.7000122070313,788.9000244140625,1473.5999755859375,1467.1500244140625,4080.0,109.33000183105467,1086.5999755859375,1820.800048828125,6960.5,297.79998779296875,20115.0,205.3000030517578,1051.800048828125,1793.0999755859375,255.47999572753903,393.2999877929687,1412.800048828125,372.25,135.99000549316406,135.19000244140625,896.6500244140625,1809.0,815.0,32345.0,640.1500244140625,3141.800048828125,14938.0,472.9500122070313,3136.5,1678.0,4088.10009765625,66.58000183105469,417.1499938964844,676.0,1084.800048828125,6210.0,399.1499938964844,163.0399932861328,715.5999755859375,3159.60009765625,1547.199951171875,2949.5,3472.39990234375,,3503.5,1342.800048828125,5360.5,2795.39990234375,12452.0,142.92999267578125,1343.5,1061.4000244140625,722.8499755859375,485.25,450.6000061035156,1357.4000244140625,3100.89990234375,259.70001220703125,19.989999771118164,956.75
2025-07-23,1125.0,5711.0,268.6000061035156,863.0999755859375,2614.5,1033.9000244140625,1420.800048828125,4975.10009765625,7312.5,620.4000244140625,282.5799865722656,1679.300048828125,7373.5,124.5999984741211,2375.39990234375,1483.0999755859375,736.75,1117.4000244140625,1104.800048828125,8397.0,2060.5,13973.0,968.2999877929688,181.42999267578125,243.07000732421875,113.2300033569336,1703.9000244140625,400.2000122070313,1223.699951171875,1943.800048828125,251.1999969482422,396.9500122070313,1749.199951171875,37980.0,344.45001220703125,5719.5,2557.199951171875,848.4000244140625,107.8000030517578,1697.300048828125,682.9500122070312,1556.0999755859375,1473.5,390.75,1849.699951171875,2285.300048828125,609.3499755859375,340.0,3616.39990234375,513.8499755859375,2269.699951171875,444.2000122070313,6653.0,16556.0,841.9500122070312,4043.89990234375,1247.4000244140625,5441.5,302.04998779296875,391.75,212.8099975585937,823.7000122070312,186.38999938964844,2138.800048828125,91.37999725341795,1232.5,2324.10009765625,2709.10009765625,4715.7998046875,1572.699951171875,1529.800048828125,2799.5,1012.1500244140624,762.5,4363.7001953125,695.4000244140625,434.5,2450.39990234375,446.8500061035156,225.22000122070312,1488.5999755859375,1936.800048828125,628.9000244140625,7.480000019073486,72.69999694824219,187.88999938964844,754.4000244140625,624.4000244140625,5897.0,851.1500244140625,405.25,1574.5,163.37486267089844,152.35000610351562,156.91000366210938,134.85000610351562,414.9500122070313,977.4000244140624,314.45001220703125,533.8499755859375,1033.800048828125,658.9500122070312,611.7999877929688,5747.5,3970.300048828125,1261.699951171875,434.0799865722656,1274.0999755859375,822.5,619.6500244140625,922.0,1334.0,3484.89990234375,213.5099945068359,,1920.5,3268.800048828125,273.29998779296875,2599.0,720.5999755859375,12627.0,1255.4000244140625,2919.39990234375,1652.300048828125,1549.699951171875,98.83000183105467,2736.39990234375,2690.0,198.08999633789065,1475.0,114.38999938964844,1226.25,86.4800033569336,72.9800033569336,343.04998779296875,1546.9000244140625,218.7100067138672,1769.5999755859375,8779.0,453.3999938964844,245.5500030517578,47410.0,645.0333251953125,1071.1500244140625,5605.5,306.75,419.1499938964844,791.1500244140625,1453.699951171875,1459.449951171875,4074.39990234375,109.91999816894533,1063.5999755859375,1820.699951171875,6885.0,299.25,19870.0,205.0399932861328,1089.9000244140625,1753.800048828125,258.9200134277344,400.0,1424.5999755859375,373.7000122070313,134.7899932861328,134.27999877929688,895.5499877929688,1809.5,820.6500244140625,32115.0,654.0499877929688,3143.10009765625,14826.0,489.0,3193.0,1682.5,4133.39990234375,65.9800033569336,418.7000122070313,680.75,1062.5999755859375,6235.5,402.5,162.77000427246094,716.1500244140625,3179.10009765625,1546.5999755859375,2952.199951171875,3471.39990234375,,3553.699951171875,1357.0,5359.0,2802.60009765625,12372.0,143.3800048828125,1342.300048828125,1071.4000244140625,727.3499755859375,487.75,455.6499938964844,1367.5999755859375,3188.89990234375,261.3999938964844,19.89999961853028,961.9500122070312
2025-07-24,1118.5999755859375,5699.0,270.95001220703125,849.0499877929688,2608.39990234375,1020.7000122070312,1411.5999755859375,4998.60009765625,7375.0,620.4000244140625,279.69000244140625,1686.4000244140625,7363.5,124.8000030517578,2352.10009765625,1472.5999755859375,745.4500122070312,1114.0999755859375,1095.0999755859375,8288.5,2032.300048828125,14165.0,958.9500122070312,184.1499938964844,246.8600006103516,114.69000244140624,1697.0999755859375,398.25,1217.0,1936.0999755859373,251.0500030517578,397.6000061035156,1764.300048828125,37910.0,341.3999938964844,5673.0,2547.800048828125,839.3400268554688,113.51000213623048,1679.300048828125,680.3499755859375,1551.4000244140625,1487.9000244140625,385.5499877929687,1676.0,2259.5,606.0499877929688,334.1499938964844,3563.699951171875,512.5499877929688,2269.10009765625,437.8500061035156,6618.5,16768.0,828.9500122070312,4021.0,1265.5,5469.0,313.1499938964844,391.2000122070313,212.6999969482422,846.5499877929688,187.97000122070312,2144.199951171875,91.83000183105467,1224.4000244140625,2312.60009765625,2735.89990234375,4680.60009765625,1552.199951171875,1507.199951171875,2781.5,1007.0999755859376,757.2999877929688,4301.89990234375,695.5999755859375,434.8999938964844,2437.800048828125,446.1000061035156,225.0599975585937,1483.4000244140625,1906.9000244140625,622.8499755859375,7.369999885559082,72.88999938964844,132.32000732421875,754.0,652.1500244140625,5844.0,847.9000244140625,401.5499877929687,1552.5,159.46151733398438,151.22000122070312,156.2100067138672,135.64999389648438,409.9500122070313,1000.4500122070312,316.45001220703125,532.5499877929688,1033.800048828125,656.0999755859375,613.0,5660.5,3905.800048828125,1232.5999755859375,428.4200134277344,1253.0,836.5,614.7000122070312,917.0,1326.0999755859375,3477.5,210.1000061035156,,1941.4000244140625,3260.89990234375,272.45001220703125,2589.5,706.9000244140625,12557.0,1267.4000244140625,2959.5,1648.5,1525.800048828125,103.0500030517578,2653.5,2662.199951171875,198.8999938964844,1457.199951171875,113.68000030517578,1161.050048828125,85.83999633789062,72.75,338.8999938964844,1553.5,215.6199951171875,1748.800048828125,8939.0,446.9500122070313,244.8300018310547,47115.0,632.8333129882812,1106.25,5174.0,307.6499938964844,422.1499938964844,801.25,1448.0999755859375,1453.949951171875,4113.89990234375,110.66999816894533,1050.199951171875,1791.0,6841.0,299.3500061035156,19780.0,203.19000244140625,1101.5999755859375,1698.0,256.3999938964844,404.8999938964844,1402.9000244140625,376.8999938964844,136.1699981689453,130.85000610351562,885.7999877929688,1793.5999755859375,815.7000122070312,31745.0,633.5499877929688,3129.0,14752.0,490.7999877929687,3150.39990234375,1692.0,4242.7001953125,65.31999969482422,419.25,669.75,1072.800048828125,6226.0,400.7000122070313,163.47999572753906,718.1500244140625,3148.0,1498.5999755859375,2934.699951171875,3484.39990234375,,3519.89990234375,1356.4000244140625,5154.0,2797.699951171875,12304.0,144.97000122070312,1335.199951171875,1081.0,726.5499877929688,486.0,451.3500061035156,1344.0,3242.5,261.8500061035156,20.01000022888184,971.25
2025-07-25,1077.9000244140625,5643.0,260.3500061035156,817.1500244140625,2550.10009765625,975.9000244140624,1396.300048828125,5011.89990234375,7273.5,613.0999755859375,272.010009765625,1543.0999755859375,7468.5,121.9499969482422,2336.199951171875,1440.199951171875,733.4000244140625,1122.800048828125,1086.0999755859375,8075.5,1985.800048828125,13852.0,913.75,178.19000244140625,243.4499969482422,113.13999938964844,1657.5999755859375,395.2000122070313,1204.0,1937.9000244140625,240.1499938964844,394.1499938964844,1747.199951171875,37830.0,332.8999938964844,5594.0,2454.0,806.8599853515625,110.76000213623048,1614.699951171875,662.5499877929688,1503.800048828125,1532.5,380.7999877929687,1688.800048828125,2215.89990234375,598.7000122070312,328.95001220703125,3535.10009765625,511.3500061035156,2230.39990234375,425.3500061035156,6616.5,16700.0,826.2999877929688,3997.0,1277.9000244140625,5433.0,310.54998779296875,380.6000061035156,208.13999938964844,845.5499877929688,183.5099945068359,2145.300048828125,89.93000030517578,1217.0999755859375,2233.800048828125,2708.60009765625,4552.7001953125,1523.5999755859375,1490.0999755859375,2775.75,1002.2999877929688,762.3499755859375,4230.7001953125,693.4500122070312,421.7999877929687,2415.39990234375,439.2000122070313,218.63999938964844,1477.0999755859375,1921.300048828125,618.7000122070312,7.199999809265137,70.69999694824219,145.02000427246094,746.1500244140625,637.5499877929688,5803.0,823.7000122070312,393.5499877929687,1515.699951171875,156.25790405273438,146.9600067138672,153.25,132.02999877929688,409.3999938964844,1000.1500244140624,311.25,518.0999755859375,1026.9000244140625,649.0499877929688,594.0,5693.5,3881.800048828125,1164.5999755859375,424.9200134277344,1227.199951171875,837.75,606.9000244140625,886.8499755859375,1279.4000244140625,3442.89990234375,204.9100036621093,,1951.0,3246.39990234375,265.6499938964844,2603.39990234375,693.9500122070312,12404.0,1280.5,2886.60009765625,1608.0,1526.699951171875,100.33999633789062,2625.0,2660.60009765625,193.6600036621093,1436.5,109.25,1137.300048828125,83.4800033569336,71.6500015258789,333.20001220703125,1469.300048828125,212.22999572753903,1698.199951171875,8609.0,434.75,240.2899932861328,46270.0,626.7666625976562,1067.75,5150.5,301.75,415.1000061035156,800.7000122070312,1525.9000244140625,1444.800048828125,4092.10009765625,108.41000366210938,1010.4000244140624,1781.4000244140625,6734.5,292.1000061035156,19330.0,202.22999572753903,1089.0999755859375,1669.0999755859375,254.47999572753903,400.75,1391.699951171875,365.6000061035156,130.6699981689453,126.68000030517578,888.5,1832.0999755859373,806.5499877929688,30950.0,615.8499755859375,3038.199951171875,14505.0,469.4500122070313,3040.800048828125,1699.0,4311.7001953125,63.619998931884766,407.9500122070313,681.0999755859375,1054.4000244140625,6062.0,395.3500061035156,161.42999267578125,708.3499755859375,3135.800048828125,1461.9000244140625,2889.0,3462.800048828125,,3603.800048828125,1325.5,5043.0,2774.39990234375,12250.0,136.22000122070312,1309.5999755859375,1085.0999755859375,722.2000122070312,477.1499938964844,443.5499877929687,1315.5999755859375,3198.199951171875,259.20001220703125,19.600000381469727,976.4000244140624
2025-07-28,1074.5999755859375,5545.5,253.75,815.9500122070312,2522.300048828125,1003.9000244140624,1376.0,5047.39990234375,7465.5,611.0499877929688,260.79998779296875,1504.800048828125,7356.5,122.75,2359.60009765625,1411.9000244140625,727.3499755859375,1127.0,1073.5999755859375,8089.5,1977.800048828125,13802.0,880.5,175.02999877929688,240.33999633789065,111.5,1621.800048828125,389.25,1188.5,1890.300048828125,236.75,387.4500122070313,1738.699951171875,38235.0,333.3999938964844,5624.5,2449.89990234375,779.219970703125,110.41000366210938,1522.800048828125,658.9500122070312,1490.300048828125,1572.0,378.3500061035156,1724.699951171875,2205.800048828125,590.9000244140625,331.20001220703125,3529.39990234375,522.0,2205.300048828125,428.8500061035156,6584.0,16744.0,787.2000122070312,3949.89990234375,1287.4000244140625,5386.0,307.29998779296875,382.1000061035156,206.0,846.25,180.6300048828125,2144.39990234375,89.6500015258789,1215.0,2115.800048828125,2727.199951171875,4506.60009765625,1507.800048828125,1466.0999755859375,2781.75,1004.25,761.2000122070312,4291.10009765625,689.3499755859375,421.8999938964844,2441.60009765625,432.0499877929687,214.38999938964844,1488.4000244140625,1904.0999755859373,614.7000122070312,7.130000114440918,70.72000122070312,139.1199951171875,744.7999877929688,626.7000122070312,5762.0,802.0499877929688,384.6000061035156,1516.0,155.0060272216797,147.55999755859375,150.49000549316406,130.9199981689453,409.8999938964844,977.7000122070312,307.3500061035156,520.0999755859375,1028.800048828125,645.9500122070312,596.8499755859375,5517.0,3908.699951171875,1149.0,393.3200073242187,1192.800048828125,889.25,590.2999877929688,890.7999877929688,1203.199951171875,3422.199951171875,201.9900054931641,,1960.5,3209.800048828125,259.1000061035156,2541.60009765625,698.4000244140625,12340.0,1257.4000244140625,2789.89990234375,1546.300048828125,1527.5,101.87999725341795,2703.800048828125,2648.0,187.6999969482422,1409.5,108.51000213623048,1114.6500244140625,83.69999694824219,71.0199966430664,332.95001220703125,1446.9000244140625,208.75,1627.199951171875,8681.0,426.2999877929687,240.02000427246097,46510.0,620.433349609375,1094.199951171875,5149.5,301.3999938964844,405.1499938964844,789.3499755859375,1508.800048828125,1439.4000244140625,4113.0,106.79000091552734,1013.5,1782.699951171875,6837.5,291.8999938964844,18880.0,204.3500061035156,1053.4000244140625,1611.300048828125,253.2599945068359,392.6000061035156,1387.5999755859375,354.45001220703125,125.58999633789062,124.45999908447266,837.0999755859375,1850.5,797.1500244140625,30695.0,633.4500122070312,3061.60009765625,14467.0,465.5499877929687,3056.60009765625,1702.199951171875,4295.60009765625,60.84999847412109,407.1000061035156,690.5,1059.9000244140625,6035.5,399.2000122070313,159.67999267578125,699.2999877929688,3079.300048828125,1450.5999755859375,2821.60009765625,3393.0,,3622.89990234375,1338.4000244140625,4994.0,2798.89990234375,12240.0,133.44000244140625,1316.0,1065.0999755859375,729.8499755859375,486.75,437.9500122070313,1320.5,3111.800048828125,250.0500030517578,19.32999992370605,980.0999755859376
2025-07-29,1082.4000244140625,5579.0,252.3500061035156,826.9500122070312,2547.89990234375,1015.5999755859376,1395.9000244140625,5070.7001953125,7810.5,610.0499877929688,263.2099914550781,1514.9000244140625,7456.0,123.3000030517578,2401.5,1419.300048828125,739.9500122070312,1158.0999755859375,1064.199951171875,8127.5,1972.5999755859373,14062.0,886.5499877929688,173.44000244140625,242.2599945068359,112.16999816894533,1623.0999755859375,388.25,1220.4000244140625,1918.300048828125,240.5500030517578,398.1499938964844,1744.9000244140625,39915.0,334.95001220703125,5626.0,2487.10009765625,783.1199951171875,110.08999633789062,1539.699951171875,659.0499877929688,1484.800048828125,1574.0,383.6499938964844,1720.5,2215.0,592.0499877929688,327.70001220703125,3535.199951171875,518.2999877929688,2198.60009765625,421.9500122070313,6676.5,16784.0,800.3499755859375,3999.0,1299.800048828125,5470.5,306.54998779296875,391.7000122070313,205.2100067138672,850.5999755859375,182.97999572753903,2158.0,90.22000122070312,1210.5999755859375,2155.10009765625,2743.0,4498.0,1510.300048828125,1472.4000244140625,2813.75,1010.7999877929688,756.3499755859375,4325.2001953125,692.7000122070312,425.7999877929687,2453.60009765625,437.3999938964844,216.3600006103516,1486.199951171875,1915.5,616.4000244140625,7.190000057220459,70.30999755859375,134.64999389648438,748.2000122070312,630.5,5756.0,808.2000122070312,390.5499877929687,1513.699951171875,156.3000030517578,147.94000244140625,150.49000549316406,132.22000122070312,408.4500122070313,984.3499755859376,321.1000061035156,524.7999877929688,1034.9000244140625,652.6500244140625,604.4000244140625,5542.0,3922.0,1126.300048828125,394.5400085449219,1218.4000244140625,909.8499755859376,598.25,899.0499877929688,1246.5,3495.60009765625,206.02000427246097,,1984.5999755859373,3199.39990234375,258.8500061035156,2554.699951171875,698.2000122070312,12469.0,1274.300048828125,2720.39990234375,1567.9000244140625,1504.9000244140625,102.58999633789062,2774.300048828125,2617.10009765625,189.67999267578125,1409.4000244140625,109.56999969482422,1111.8499755859375,84.04000091552734,71.80000305175781,334.6000061035156,1442.0,210.42999267578125,1664.800048828125,8664.5,440.7000122070313,241.44000244140625,47215.0,629.0333251953125,1073.0999755859375,5176.5,292.8500061035156,410.6000061035156,806.9500122070312,1508.300048828125,1446.449951171875,4249.5,109.29000091552734,1006.2999877929688,1790.0999755859375,6962.5,293.1000061035156,19790.0,205.6100006103516,1052.5999755859375,1640.199951171875,255.75,400.1000061035156,1417.0999755859375,359.5,126.01000213623048,125.26000213623048,821.4000244140625,1833.4000244140625,799.2000122070312,30410.0,638.3499755859375,3068.0,14471.0,470.5,3110.0,1710.5,4325.39990234375,61.790000915527344,413.7999877929687,711.4000244140625,1061.5999755859375,6090.5,399.8500061035156,161.69000244140625,707.4000244140625,3056.0,1453.800048828125,2868.5,3379.199951171875,,3768.10009765625,1324.9000244140625,5001.5,2801.800048828125,12221.0,132.72999572753906,1324.0,1072.4000244140625,726.0499877929688,512.1500244140625,439.5,1335.0999755859375,3172.60009765625,251.8000030517578,19.39999961853028,994.8499755859376
2025-07-30,1060.199951171875,5554.0,248.8000030517578,823.9000244140625,2532.89990234375,1009.7000122070312,1394.0,5099.60009765625,8040.5,617.8499755859375,264.1199951171875,1566.300048828125,7450.0,121.9000015258789,2415.800048828125,1430.699951171875,746.2999877929688,1158.0,1073.300048828125,8043.5,1959.800048828125,14059.0,884.8499755859375,168.27000427246094,239.6699981689453,114.13999938964844,1620.300048828125,386.5,1188.5999755859375,1932.5999755859373,241.6499938964844,397.2999877929687,1754.699951171875,40060.0,337.04998779296875,5747.0,2457.5,778.0399780273438,108.1999969482422,1512.800048828125,660.3499755859375,1478.0999755859375,1559.4000244140625,379.8999938964844,1749.5,2237.10009765625,585.1500244140625,324.1499938964844,3581.89990234375,522.0,2239.5,409.1499938964844,6650.0,16765.0,788.7999877929688,4281.39990234375,1292.0999755859375,5481.0,303.45001220703125,391.0499877929687,204.67999267578125,842.7000122070312,180.57000732421875,2153.60009765625,89.83999633789062,1216.5999755859375,2129.39990234375,2758.60009765625,4545.0,1528.0,1476.5,2835.0,1012.9000244140624,757.4500122070312,4251.2998046875,688.7999877929688,426.25,2437.39990234375,432.4500122070313,217.42999267578125,1482.4000244140625,1920.4000244140625,619.1500244140625,7.0,69.23999786376953,136.0500030517578,744.9000244140625,614.5999755859375,5740.0,801.9000244140625,383.7999877929687,1519.0,156.14999389648438,149.0399932861328,150.22000122070312,131.39999389648438,407.6000061035156,982.8499755859376,320.29998779296875,526.5,1037.9000244140625,656.0,606.6500244140625,5638.0,3901.39990234375,1109.199951171875,391.9400024414063,1268.5,881.4500122070312,590.0499877929688,902.0,1238.199951171875,3665.10009765625,203.3999938964844,,1984.5999755859373,3208.89990234375,256.54998779296875,2575.5,703.0499877929688,12618.0,1264.5999755859375,2759.699951171875,1557.4000244140625,1508.199951171875,98.91999816894533,2806.60009765625,2633.199951171875,187.1300048828125,1395.5999755859375,108.81999969482422,1115.75,84.45999908447266,72.05999755859375,338.79998779296875,1482.5,213.83999633789065,1648.0,8570.0,444.7999877929687,241.8099975585937,48315.0,633.2999877929688,1068.199951171875,5162.5,292.04998779296875,411.8999938964844,805.4000244140625,1501.800048828125,1437.050048828125,4324.2001953125,108.0999984741211,986.7999877929688,1821.4000244140625,6931.0,288.95001220703125,20825.0,201.3699951171875,1070.199951171875,1624.800048828125,261.75,399.5499877929687,1410.0999755859375,358.3999938964844,124.16000366210938,123.87999725341795,814.7000122070312,1839.0999755859373,801.6500244140625,30590.0,632.7999877929688,3071.39990234375,14469.0,461.2999877929687,3086.5,1733.800048828125,4279.2001953125,61.209999084472656,401.1000061035156,722.0499877929688,1073.0999755859375,6101.0,401.3500061035156,161.36000061035156,709.3499755859375,3053.60009765625,1463.199951171875,2855.39990234375,3376.5,,3730.60009765625,1336.5,5043.5,2793.60009765625,12268.0,130.75999450683594,1315.800048828125,1069.800048828125,721.9000244140625,522.0999755859375,434.6000061035156,1336.0,3143.5,250.1999969482422,19.21999931335449,995.1500244140624
2025-07-31,1052.699951171875,5510.0,256.6499938964844,808.4000244140625,2430.699951171875,984.7000122070312,1373.0999755859375,5031.10009765625,7963.5,592.7000122070312,260.0899963378906,1601.199951171875,7498.0,121.0500030517578,2396.10009765625,1401.199951171875,741.5,1139.800048828125,1068.4000244140625,8008.0,1948.0,13963.0,881.2000122070312,168.0800018310547,237.8699951171875,111.37999725341795,1619.0,383.1000061035156,1169.0999755859375,1914.300048828125,238.4499969482422,391.3999938964844,1738.0999755859375,40385.0,329.29998779296875,5771.0,2427.39990234375,747.3599853515625,107.25,1480.800048828125,661.7000122070312,1443.199951171875,1554.5999755859375,376.3500061035156,1748.199951171875,2245.300048828125,578.2000122070312,323.0,3555.5,529.0,2235.5,425.25,6595.5,16841.0,784.25,4267.39990234375,1270.300048828125,5468.5,307.79998779296875,384.2999877929687,202.42999267578125,857.4500122070312,177.67999267578125,2134.10009765625,90.05999755859375,1259.0,2102.89990234375,2746.39990234375,4533.89990234375,1500.5999755859375,1467.9000244140625,2825.0,1009.0999755859376,755.5,4260.7001953125,683.0499877929688,418.4500122070313,2521.199951171875,424.0499877929687,212.27000427246097,1481.4000244140625,1927.0,615.9500122070312,6.909999847412109,68.76000213623047,135.3000030517578,740.75,621.7000122070312,5910.5,798.9000244140625,363.0,1509.0,150.74000549316406,145.6199951171875,147.3800048828125,128.33999633789062,411.9500122070313,965.0,329.25,515.0499877929688,1048.300048828125,655.5,594.7000122070312,6172.0,3844.199951171875,1082.9000244140625,395.7200012207031,1226.4000244140625,874.3499755859375,586.0499877929688,895.0,1231.5999755859375,3636.5,202.58999633789065,,1929.0999755859373,3203.10009765625,253.0500030517578,2567.199951171875,709.7999877929688,12608.0,1246.0,2771.199951171875,1538.5999755859375,1501.4000244140625,97.16999816894533,2790.199951171875,2612.300048828125,185.0599975585937,1392.300048828125,108.18000030517578,1123.8499755859375,83.25,70.79000091552734,334.25,1447.9000244140625,209.6199951171875,1630.0999755859375,8475.0,440.0,241.0,48805.0,624.566650390625,1089.3499755859375,5160.5,288.20001220703125,409.9500122070313,811.6500244140625,1484.0,1434.9000244140625,4250.89990234375,105.37999725341795,986.2000122070312,1812.0999755859373,6821.0,291.0,20095.0,197.02999877929688,1032.0999755859375,1626.5,266.8299865722656,395.2000122070313,1390.199951171875,348.1499938964844,124.1999969482422,126.87999725341795,807.4000244140625,1840.699951171875,796.5499877929688,30810.0,630.8499755859375,3033.39990234375,14220.0,449.5499877929687,3040.800048828125,1706.699951171875,4306.89990234375,61.59999847412109,403.75,714.0,1073.199951171875,6093.5,397.75,157.94000244140625,702.25,3036.800048828125,1463.699951171875,2840.699951171875,3347.300048828125,,3741.89990234375,1310.0,5018.0,2801.800048828125,12249.0,130.9600067138672,1340.199951171875,1041.4000244140625,703.7999877929688,522.5999755859375,425.6499938964844,1327.699951171875,2992.39990234375,248.3000030517578,18.920000076293945,969.7999877929688
2025-08-01,1052.5,5387.5,251.4499969482422,793.0499877929688,2350.89990234375,972.5999755859376,1347.0999755859375,4899.0,7871.0,607.9500122070312,256.9800109863281,1594.0999755859375,7351.5,120.3499984741211,2431.0,1403.0999755859375,741.0499877929688,1079.800048828125,1062.4000244140625,8044.5,1916.300048828125,13848.0,875.5999755859375,163.4199981689453,235.1300048828125,109.29000091552734,1565.199951171875,377.2000122070313,1146.0999755859375,1884.4000244140625,231.6000061035156,383.1000061035156,1697.0,40390.0,317.8500061035156,5798.0,2411.300048828125,728.8800048828125,105.88999938964844,1478.800048828125,651.2999877929688,1422.5,1502.800048828125,372.5,1706.300048828125,2258.0,573.5999755859375,321.20001220703125,3568.699951171875,534.3499755859375,2204.39990234375,429.8500061035156,6361.5,16848.0,777.4000244140625,4196.0,1220.5999755859375,5528.0,304.75,379.25,196.0599975585937,859.25,174.38999938964844,2067.800048828125,89.41999816894531,1266.5,2050.60009765625,2722.199951171875,4438.7001953125,1482.5999755859375,1452.0999755859375,2807.5,1006.0999755859376,741.7000122070312,4311.60009765625,672.4500122070312,403.7999877929687,2553.699951171875,415.3999938964844,210.42999267578125,1471.5999755859375,1867.300048828125,601.0499877929688,6.599999904632568,67.58000183105469,132.08999633789062,741.1500244140625,621.2000122070312,5788.5,783.7000122070312,345.1000061035156,1469.5999755859375,151.75999450683594,141.02999877929688,145.69000244140625,126.88999938964844,416.4500122070313,945.5,329.5,511.6499938964844,1027.800048828125,641.9500122070312,582.8499755859375,6371.5,3816.300048828125,1101.5,398.4800109863281,1206.5,849.3499755859375,570.25,884.8499755859375,1207.9000244140625,3587.300048828125,201.13999938964844,,1867.300048828125,3159.300048828125,247.8999938964844,2566.300048828125,711.2000122070312,12302.0,1246.0,2721.800048828125,1519.0999755859375,1472.5,95.54000091552734,2757.39990234375,2592.699951171875,180.6999969482422,1367.9000244140625,107.26000213623048,1138.25,83.23999786376953,70.45999908447266,330.8999938964844,1383.300048828125,210.0599975585937,1589.4000244140625,8378.5,434.0499877929687,236.7899932861328,46810.0,620.3333129882812,1076.4000244140625,5061.5,280.75,403.8500061035156,778.6500244140625,1452.199951171875,1429.449951171875,4190.2001953125,103.18000030517578,808.4500122070312,1780.9000244140625,6698.0,291.25,20550.0,190.6499938964844,1010.2999877929688,1596.5,259.1000061035156,388.7000122070313,1393.699951171875,345.45001220703125,120.12000274658205,125.76000213623048,803.9500122070312,1796.199951171875,794.0,30675.0,614.2000122070312,3023.60009765625,13807.0,437.5499877929687,2985.199951171875,1629.699951171875,4249.10009765625,65.94999694824219,392.3500061035156,703.25,1070.4000244140625,6054.5,389.2999877929687,153.00999450683594,693.9000244140625,3003.0,1438.800048828125,2808.39990234375,3316.0,,3678.199951171875,1288.199951171875,5180.0,2858.199951171875,12113.0,128.10000610351562,1322.4000244140625,1043.9000244140625,665.1500244140625,511.8999938964844,424.4500122070313,1317.4000244140625,3104.0,242.75,18.600000381469727,949.0499877929688
2025-08-04,1052.0,5092.5,278.45001220703125,799.5499877929688,2363.60009765625,989.7999877929688,1388.9000244140625,4902.5,7960.0,605.25,262.760009765625,1586.4000244140625,7308.0,122.5999984741211,2449.800048828125,1428.5,752.25,1090.4000244140625,1068.5999755859375,8187.5,1933.5999755859373,13899.0,885.2999877929688,168.02999877929688,241.1699981689453,111.69000244140624,1587.699951171875,389.5499877929687,1177.4000244140625,1914.5999755859373,241.42999267578125,382.3999938964844,1739.4000244140625,41115.0,317.8500061035156,5787.0,2486.60009765625,759.739990234375,107.75,1572.4000244140625,662.25,1472.0999755859375,1515.0999755859375,374.7000122070313,1746.5,2254.199951171875,581.75,327.1000061035156,3566.800048828125,529.6500244140625,2226.800048828125,461.6000061035156,6489.5,17002.0,792.8499755859375,4197.2001953125,1225.0,5621.0,305.25,390.7999877929687,196.4600067138672,861.9000244140625,174.5399932861328,2074.89990234375,91.47000122070312,1249.4000244140625,2098.10009765625,2787.800048828125,4537.89990234375,1508.5999755859375,1474.4000244140625,2842.5,996.0,739.7999877929688,4535.89990234375,687.7000122070312,408.6499938964844,2543.699951171875,421.6000061035156,218.8999938964844,1463.199951171875,1895.5999755859373,611.5,6.840000152587891,69.33000183105469,133.97999572753906,748.7999877929688,638.1500244140625,5780.5,804.0499877929688,345.79998779296875,1480.5,153.30999755859375,142.3800048828125,148.02999877929688,129.74000549316406,416.8500061035156,980.2000122070312,333.8999938964844,537.7999877929688,1055.9000244140625,648.7999877929688,596.4500122070312,6297.0,3883.300048828125,1123.800048828125,399.3999938964844,1217.0,861.2000122070312,591.0499877929688,895.2999877929688,1244.0,3631.10009765625,204.02000427246097,,1882.199951171875,3200.199951171875,264.1000061035156,2628.89990234375,723.2999877929688,12365.0,1250.4000244140625,2767.199951171875,1595.5,1481.5999755859375,98.3000030517578,2747.300048828125,2665.800048828125,187.13999938964844,1370.9000244140625,110.83000183105467,1138.699951171875,83.48999786376953,71.81999969482422,332.0,1375.9000244140625,212.8999938964844,1609.5999755859375,8569.5,428.8500061035156,234.8300018310547,46265.0,620.3333129882812,1078.199951171875,5177.5,282.1000061035156,413.75,789.2999877929688,1474.199951171875,1475.9000244140625,4138.0,104.66000366210938,778.5,1780.9000244140625,6919.5,287.95001220703125,21200.0,195.02000427246097,1019.2999877929688,1632.800048828125,265.3500061035156,393.5499877929687,1411.5,353.0,125.4800033569336,126.52999877929688,804.5,1831.5,795.7000122070312,30645.0,624.9000244140625,2993.60009765625,14366.0,443.0,3050.39990234375,1641.5999755859375,4291.0,65.0,399.2000122070313,704.75,1072.5999755859375,6031.0,387.1000061035156,159.55999755859375,694.0,3074.39990234375,1475.0,2903.800048828125,3356.300048828125,,3612.800048828125,1312.0999755859375,5249.0,2942.5,12257.0,129.0399932861328,1339.699951171875,1062.0999755859375,711.7000122070312,508.6000061035156,431.4500122070313,1341.800048828125,3088.60009765625,246.0500030517578,18.88999938964844,958.8499755859376
2025-08-05,1065.800048828125,5084.0,282.0,802.0499877929688,2328.199951171875,971.75,1358.0999755859375,4921.0,7891.5,602.7000122070312,260.1300048828125,1603.5,7274.0,121.97000122070312,2436.800048828125,1427.0,742.6500244140625,1079.300048828125,1070.800048828125,8230.5,1939.4000244140625,13861.0,891.9000244140625,165.88999938964844,240.6499938964844,110.72000122070312,1586.5999755859375,386.6499938964844,1160.5,1931.800048828125,248.25,372.3500061035156,1750.699951171875,40595.0,315.1000061035156,5635.5,2367.199951171875,759.3200073242188,107.45999908447266,1566.199951171875,680.25,1472.0999755859375,1499.800048828125,379.5,1706.699951171875,2230.5,578.9000244140625,323.25,3591.5,524.7000122070312,2242.699951171875,458.0499877929687,6409.0,16849.0,780.9500122070312,4257.7998046875,1214.800048828125,5681.0,302.1499938964844,384.75,196.0399932861328,867.9000244140625,171.33999633789062,2052.60009765625,92.80999755859376,1219.4000244140625,2114.800048828125,2797.199951171875,4578.2001953125,1502.800048828125,1482.699951171875,2836.75,988.7999877929688,738.5,4546.7998046875,687.0999755859375,402.4500122070313,2534.699951171875,421.2000122070313,218.7400054931641,1444.4000244140625,1900.199951171875,614.75,6.909999847412109,69.33000183105469,133.49000549316406,751.0499877929688,634.75,5781.5,819.1500244140625,342.8500061035156,1460.300048828125,151.3800048828125,141.27000427246094,146.6300048828125,128.36000061035156,414.1499938964844,999.7999877929688,332.8500061035156,537.7000122070312,1053.4000244140625,641.5,600.0,6325.5,3816.699951171875,1120.5999755859375,400.6000061035156,1210.300048828125,857.5,579.6500244140625,892.25,1234.0,3652.60009765625,204.27000427246097,,1864.5,3212.199951171875,258.8999938964844,2618.89990234375,716.0499877929688,12537.0,1273.9000244140625,2847.800048828125,1575.4000244140625,1475.4000244140625,97.37999725341795,2705.199951171875,2641.5,187.2599945068359,1341.699951171875,110.5,1133.6500244140625,85.2300033569336,71.91999816894531,333.6000061035156,1398.5999755859375,211.38999938964844,1608.5999755859375,8575.0,433.0,234.47999572753903,45730.0,611.1333618164062,1053.0,5191.5,276.3500061035156,413.5,790.9000244140625,1476.0999755859375,1498.800048828125,4109.2998046875,103.66000366210938,767.7999877929688,1748.0,6925.5,286.0,21345.0,193.52999877929688,997.2999877929688,1608.9000244140625,265.70001220703125,394.5,1391.699951171875,351.54998779296875,125.16000366210938,125.58000183105467,804.8499755859375,1857.0,800.5999755859375,30205.0,630.0999755859375,3081.0,14920.0,447.1000061035156,3042.800048828125,1632.0999755859375,4268.39990234375,65.44000244140625,385.5499877929687,697.7999877929688,1064.5999755859375,5961.5,385.5499877929687,159.6199951171875,688.0999755859375,3063.89990234375,1485.4000244140625,2902.0,3418.199951171875,,3589.199951171875,1313.5999755859375,5317.5,2983.199951171875,12298.0,127.9800033569336,1323.699951171875,1103.0999755859375,720.4500122070312,508.1000061035156,438.4500122070313,1317.0,3056.10009765625,245.9100036621093,18.86000061035156,960.25
2025-08-06,1056.800048828125,5097.0,277.1499938964844,791.0999755859375,2300.300048828125,957.5499877929688,1367.0999755859375,4871.0,7628.0,589.9000244140625,261.0899963378906,1569.0999755859375,7189.5,120.7300033569336,2491.199951171875,1418.300048828125,735.2000122070312,1072.300048828125,1071.0,8178.5,1924.0,13607.0,876.6500244140625,164.5399932861328,241.75,111.70999908447266,1577.0999755859375,389.7000122070313,1139.4000244140625,1929.699951171875,239.8300018310547,360.3999938964844,1770.4000244140625,38255.0,315.75,5402.5,2387.60009765625,763.280029296875,108.7699966430664,1545.5999755859375,680.5499877929688,1454.9000244140625,1486.699951171875,376.8500061035156,1638.300048828125,2241.0,554.7999877929688,319.0,3635.699951171875,514.0,2250.800048828125,454.7999877929687,6133.5,16513.0,764.5,4242.0,1196.699951171875,5668.0,298.8500061035156,381.5499877929687,197.3699951171875,858.1500244140625,169.91000366210938,2025.5999755859373,91.38999938964844,1202.5999755859375,2061.5,2765.800048828125,4538.60009765625,1488.699951171875,1463.199951171875,2840.5,992.6500244140624,752.5499877929688,4474.89990234375,684.8499755859375,401.3999938964844,2535.60009765625,419.9500122070313,211.82000732421875,1443.5999755859375,1884.0,619.4000244140625,6.789999961853027,68.73999786376953,132.17999267578125,746.5999755859375,637.5,5893.5,803.3499755859375,340.95001220703125,1436.699951171875,147.11000061035156,142.27000427246094,144.36000061035156,127.5199966430664,412.0,985.9000244140624,326.54998779296875,534.0499877929688,1052.5999755859375,630.0499877929688,590.2000122070312,6031.5,3810.0,1110.9000244140625,400.4800109863281,1209.0,836.2000122070312,576.0999755859375,892.75,1227.5,3628.39990234375,201.6699981689453,,1851.800048828125,3227.5,256.1000061035156,2556.199951171875,714.6500244140625,12524.0,1271.0999755859375,2764.5,1548.5999755859375,1489.699951171875,95.3499984741211,2654.10009765625,2624.699951171875,188.6300048828125,1322.4000244140625,110.0999984741211,1116.6500244140625,83.98999786376953,71.86000061035156,332.1000061035156,1392.199951171875,208.6199951171875,1604.5,8517.0,432.0,233.77000427246097,46300.0,608.0,1055.4000244140625,5047.0,272.6000061035156,415.75,751.9500122070312,1448.199951171875,1520.9000244140625,4084.89990234375,103.83000183105467,774.7999877929688,1735.5,6825.0,284.79998779296875,20420.0,186.3300018310547,1003.5999755859376,1604.5999755859375,260.04998779296875,389.3999938964844,1392.800048828125,346.0,123.4499969482422,122.86000061035156,793.0,1854.300048828125,805.1500244140625,30570.0,630.5999755859375,3083.89990234375,15014.0,446.0,2968.89990234375,1595.199951171875,4183.7998046875,65.26000213623047,393.9500122070313,671.5499877929688,1052.800048828125,5816.0,385.5499877929687,158.66000366210938,668.5,3032.300048828125,1459.0,2960.199951171875,3417.699951171875,,3524.10009765625,1319.9000244140625,5356.5,2952.699951171875,12226.0,131.02000427246094,1308.199951171875,1086.4000244140625,705.2999877929688,499.2000122070313,440.5499877929687,1314.199951171875,3218.39990234375,239.9600067138672,18.729999542236328,932.7000122070312
2025-08-07,1065.4000244140625,5118.5,278.1499938964844,794.5999755859375,2249.800048828125,936.7000122070312,1345.4000244140625,4872.0,7729.5,592.3499755859375,264.20001220703125,1595.199951171875,7170.0,119.80999755859376,2506.5,1415.9000244140625,743.25,1069.5999755859375,1076.199951171875,8229.0,1914.0,13780.0,879.0999755859375,166.1300048828125,242.0500030517578,111.91000366210938,1568.0,387.75,1161.5999755859375,1922.5999755859373,227.97000122070312,364.2000122070313,1827.5,38570.0,310.3500061035156,5476.5,2442.199951171875,763.780029296875,108.8000030517578,1564.5,681.5499877929688,1488.0,1491.0,379.5499877929687,1704.0999755859375,2240.300048828125,553.5999755859375,319.3500061035156,3674.0,517.2000122070312,2267.10009765625,465.75,6131.5,16663.0,759.6500244140625,4263.5,1200.800048828125,5681.5,301.75,379.8999938964844,198.6300048828125,884.0,169.49000549316406,2062.800048828125,90.62999725341795,1220.0,2043.800048828125,2743.699951171875,4550.60009765625,1494.699951171875,1475.5,2832.25,997.7000122070312,755.7000122070312,4660.7001953125,686.7999877929688,402.3999938964844,2517.5,424.6499938964844,210.6600036621093,1440.300048828125,1903.4000244140625,618.7000122070312,6.71999979019165,69.2300033569336,133.4600067138672,742.2999877929688,647.6500244140625,5859.0,807.3499755859375,334.6499938964844,1436.9000244140625,145.63999938964844,141.6699981689453,144.57000732421875,127.25,413.6000061035156,999.5,325.5,532.9000244140625,1064.800048828125,635.7000122070312,590.9500122070312,6089.0,3842.39990234375,1089.699951171875,398.4200134277344,1209.5,838.25,578.4000244140625,885.0,1222.4000244140625,3641.60009765625,200.27999877929688,,1944.199951171875,3211.10009765625,260.8999938964844,2537.800048828125,718.5499877929688,12632.0,1265.9000244140625,2785.0,1577.0,1504.9000244140625,94.12000274658205,2702.699951171875,2634.60009765625,189.7599945068359,1361.699951171875,109.63999938964844,1117.300048828125,83.41000366210938,71.5,329.75,1389.300048828125,209.8999938964844,1610.5,8571.5,432.1499938964844,233.92999267578125,45760.0,606.7999877929688,1065.300048828125,5182.5,278.0,408.9500122070313,736.8499755859375,1456.800048828125,1525.4000244140625,4023.800048828125,104.69000244140624,758.7000122070312,1773.9000244140625,6881.0,285.54998779296875,20710.0,191.8500061035156,990.5999755859376,1629.5,267.1000061035156,384.9500122070313,1389.4000244140625,346.5,123.36000061035156,121.27999877929688,796.5,1861.0999755859373,805.1500244140625,30655.0,627.3499755859375,3117.0,14896.0,448.8500061035156,2904.10009765625,1598.4000244140625,4176.7998046875,64.20999908447266,398.5,673.2000122070312,1052.800048828125,5865.0,385.5499877929687,159.6699981689453,668.2000122070312,3047.0,1482.0,2942.89990234375,3415.699951171875,,3596.699951171875,1357.5,5303.5,3013.39990234375,12273.0,132.4499969482422,1290.0,1107.0999755859375,705.4500122070312,502.7000122070313,437.7999877929687,1309.199951171875,3162.89990234375,242.32000732421875,18.770000457763672,944.4500122070312
2025-08-08,1042.800048828125,5022.0,271.79998779296875,790.1500244140625,2178.10009765625,914.0499877929688,1325.0,4764.0,7354.5,580.0,255.2599945068359,1582.5999755859375,7084.5,115.41999816894533,2475.60009765625,1375.800048828125,739.0,1042.0999755859375,1058.0999755859375,8224.0,1919.199951171875,13718.0,877.1500244140625,165.19000244140625,239.22000122070312,110.62999725341795,1498.9000244140625,384.6000061035156,1135.199951171875,1858.5999755859373,222.7100067138672,343.3500061035156,1800.300048828125,38325.0,319.45001220703125,5387.0,2392.89990234375,749.0,107.88999938964844,1567.0999755859375,666.4000244140625,1451.0999755859375,1485.800048828125,379.7000122070313,1606.800048828125,2207.39990234375,556.6500244140625,319.70001220703125,3806.89990234375,507.25,2243.39990234375,464.6499938964844,5914.5,15864.0,747.2000122070312,4170.10009765625,1211.4000244140625,5663.0,300.8999938964844,375.6499938964844,196.3500061035156,897.3499755859375,171.14999389648438,2019.5999755859373,89.19000244140625,1186.0999755859375,1971.9000244140625,2691.60009765625,4440.60009765625,1491.5999755859375,1475.699951171875,2781.0,986.9500122070312,761.5499877929688,4599.7998046875,672.75,409.5,2498.60009765625,420.7000122070313,207.6300048828125,1435.9000244140625,1894.699951171875,610.0499877929688,6.510000228881836,69.11000061035156,138.0399932861328,735.75,650.8499755859375,5769.5,782.4500122070312,332.54998779296875,1423.0999755859375,139.72000122070312,139.91000366210938,142.32000732421875,125.27999877929688,414.5,974.0999755859376,321.1499938964844,518.2999877929688,1049.199951171875,624.4500122070312,528.0999755859375,5815.5,3840.89990234375,1073.0,390.5400085449219,1190.800048828125,821.8499755859375,570.5999755859375,912.9500122070312,1202.5999755859375,3607.60009765625,195.75,,1918.0,3144.199951171875,258.5,2467.10009765625,703.9500122070312,12590.0,1245.300048828125,2636.699951171875,1542.5,1551.5,91.4499969482422,2695.89990234375,2617.800048828125,187.4100036621093,1332.0,105.80999755859376,1096.5,81.77999877929688,71.06999969482422,334.75,1354.0,202.1300048828125,1571.300048828125,8424.0,432.3999938964844,233.44000244140625,44865.0,601.566650390625,1062.4000244140625,5105.5,273.25,404.6499938964844,588.7999877929688,1417.300048828125,1540.6500244140625,3919.10009765625,103.9499969482422,770.75,1769.4000244140625,6741.0,284.8500061035156,20295.0,190.07000732421875,984.9000244140624,1603.5999755859375,261.70001220703125,381.3500061035156,1367.800048828125,336.6000061035156,121.06999969482422,118.81999969482422,786.9000244140625,1833.5999755859373,804.2999877929688,30415.0,609.6500244140625,3031.800048828125,14462.0,445.0,2861.199951171875,1586.9000244140625,4150.5,63.18999862670898,384.7999877929687,655.25,1051.0,5759.5,378.7999877929687,157.9499969482422,659.2000122070312,3036.39990234375,1480.4000244140625,2885.699951171875,3460.199951171875,,3573.199951171875,1335.800048828125,5317.0,2968.89990234375,12157.0,130.97999572753906,1291.5,1084.0,688.75,495.9500122070313,431.4500122070313,1304.9000244140625,3061.0,239.0500030517578,18.540000915527344,936.1500244140624
2025-08-11,1042.800048828125,5047.0,271.20001220703125,792.0,2283.39990234375,929.0999755859376,1339.4000244140625,4844.5,6912.5,588.8499755859375,254.8099975585937,1587.9000244140625,7259.0,120.0199966430664,2489.10009765625,1381.5999755859375,734.25,1052.9000244140625,1073.300048828125,8275.0,1922.800048828125,14047.0,877.7999877929688,166.05999755859375,243.97000122070312,113.1999969482422,1513.9000244140625,383.8999938964844,1165.9000244140625,1857.4000244140625,221.4600067138672,342.1000061035156,1761.9000244140625,38710.0,320.95001220703125,5381.5,2396.300048828125,759.6199951171875,109.4800033569336,1564.800048828125,664.9000244140625,1483.0,1504.800048828125,382.5,1613.9000244140625,2212.39990234375,545.2999877929688,317.8500061035156,3792.300048828125,510.0499877929687,2224.60009765625,467.9500122070313,5992.0,16088.0,764.9500122070312,4184.5,1219.5,5671.5,309.3999938964844,377.6499938964844,196.69000244140625,920.6500244140624,173.02000427246094,2049.300048828125,89.31999969482422,1200.0,1990.9000244140625,2758.89990234375,4444.89990234375,1474.199951171875,1488.0,2750.5,997.7999877929688,764.75,4562.2001953125,672.8499755859375,410.3500061035156,2518.39990234375,417.3999938964844,210.3300018310547,1436.5999755859375,1901.699951171875,609.6500244140625,6.599999904632568,69.68000030517578,137.89999389648438,746.75,674.0,5878.5,783.25,337.3999938964844,1428.199951171875,141.7100067138672,141.41000366210938,144.86000061035156,126.81999969482422,416.8500061035156,991.0,327.75,535.0999755859375,1052.699951171875,630.4500122070312,537.5,5851.0,3810.39990234375,1091.4000244140625,395.1799926757813,1199.0999755859375,831.5,574.2999877929688,906.3499755859376,1224.9000244140625,3668.39990234375,197.9499969482422,,1944.800048828125,3186.199951171875,256.54998779296875,2437.5,707.0,12597.0,1263.300048828125,2697.300048828125,1589.4000244140625,1556.4000244140625,90.7699966430664,2672.199951171875,2589.800048828125,187.07000732421875,1320.5999755859375,109.12000274658205,1105.0,83.44999694824219,70.6500015258789,336.1499938964844,1367.800048828125,203.5399932861328,1610.699951171875,8403.5,423.4500122070313,233.7899932861328,45025.0,594.433349609375,1122.0,5171.0,273.1000061035156,418.7999877929687,506.0,1437.300048828125,1548.4000244140625,3853.699951171875,106.54000091552734,773.5999755859375,1860.5999755859373,6757.5,284.8500061035156,20840.0,189.94000244140625,1003.5999755859376,1652.800048828125,258.5,387.2999877929687,1386.199951171875,342.5,121.66999816894533,114.97000122070312,797.7999877929688,1851.0,823.4500122070312,30640.0,617.5999755859375,3114.800048828125,14891.0,445.9500122070313,2880.0,1608.4000244140625,4354.7001953125,63.31999969482422,400.7000122070313,642.5999755859375,1059.0999755859375,5676.5,384.2999877929687,158.52000427246094,660.0999755859375,3040.800048828125,1481.0999755859375,3000.60009765625,3467.89990234375,,3614.89990234375,1345.0,5443.5,2981.199951171875,12405.0,134.77999877929688,1302.199951171875,1084.0999755859375,693.7000122070312,510.75,430.1000061035156,1245.199951171875,3112.10009765625,241.6199951171875,18.770000457763672,955.5499877929688
2025-08-12,1018.5999755859376,5071.5,268.04998779296875,786.75,2288.199951171875,930.9000244140624,1330.5,5149.0,6843.0,587.1500244140625,250.67999267578125,1582.300048828125,7236.5,119.36000061035156,2478.300048828125,1269.300048828125,724.7999877929688,1058.199951171875,1070.0,8196.5,1908.0,13805.0,853.0,166.6999969482422,243.0800018310547,113.51000213623048,1486.0,380.3500061035156,1152.4000244140625,1850.300048828125,222.8699951171875,354.8999938964844,1745.5999755859375,38610.0,323.70001220703125,5338.0,2368.699951171875,753.7999877929688,109.5500030517578,1541.699951171875,658.5499877929688,1450.699951171875,1521.5999755859375,385.3500061035156,1625.4000244140625,2201.60009765625,541.5499877929688,317.3500061035156,3759.89990234375,502.8999938964844,2253.39990234375,463.6000061035156,5961.0,15828.0,757.4000244140625,4252.5,1220.300048828125,5658.0,305.8999938964844,376.3999938964844,195.97999572753903,931.6500244140624,174.3000030517578,2058.199951171875,88.26000213623047,1200.5,1948.800048828125,2740.39990234375,4409.39990234375,1464.800048828125,1499.0999755859375,2733.0,984.9500122070312,766.2000122070312,4645.2001953125,667.0499877929688,408.0499877929687,2483.800048828125,423.4500122070313,210.6699981689453,1422.0,1902.9000244140625,616.7999877929688,6.46999979019165,69.05999755859375,138.0800018310547,747.4500122070312,671.4000244140625,5927.5,783.0499877929688,339.5,1424.0999755859375,140.75999450683594,142.64999389648438,143.57000732421875,125.02999877929688,416.3500061035156,998.5,327.0,533.1500244140625,1048.199951171875,632.8499755859375,522.7000122070312,5808.5,3764.699951171875,1086.300048828125,391.7999877929687,1219.4000244140625,830.9500122070312,573.1500244140625,916.5,1214.199951171875,3686.10009765625,197.77999877929688,,1943.800048828125,3236.5,254.0500030517578,2430.699951171875,704.0999755859375,12840.0,1260.5999755859375,2690.800048828125,1630.300048828125,1588.4000244140625,90.2699966430664,2717.800048828125,2533.199951171875,186.52000427246097,1321.199951171875,106.81999969482422,1091.0999755859375,83.91000366210938,70.94000244140625,340.1000061035156,1370.5999755859375,204.63999938964844,1613.9000244140625,8513.5,425.1000061035156,235.52000427246097,44080.0,606.433349609375,1120.0,5232.5,279.54998779296875,415.7000122070313,515.2000122070312,1439.199951171875,1550.75,3837.89990234375,106.6500015258789,767.1500244140625,1827.699951171875,6803.5,284.6499938964844,20695.0,189.4100036621093,1017.0999755859376,1630.800048828125,253.3500061035156,385.4500122070313,1380.4000244140625,329.45001220703125,122.19000244140624,119.4800033569336,789.9500122070312,1838.0,820.5999755859375,30410.0,611.9000244140625,3135.10009765625,14592.0,440.25,2846.199951171875,1622.199951171875,4219.7998046875,63.130001068115234,393.25,648.9500122070312,1046.800048828125,5617.5,384.4500122070313,160.16000366210938,659.2000122070312,3035.39990234375,1509.300048828125,3021.699951171875,3486.800048828125,,3626.10009765625,1358.0999755859375,5365.5,2963.800048828125,12449.0,135.5399932861328,1297.800048828125,1069.4000244140625,688.6500244140625,514.25,433.25,1245.0,3084.800048828125,241.72000122070312,18.71999931335449,955.6500244140624
2025-08-13,1028.0,5087.0,269.70001220703125,786.2999877929688,2280.10009765625,924.1500244140624,1319.5999755859375,5388.5,6945.5,580.8499755859375,263.17999267578125,1582.5999755859375,7808.5,119.7300033569336,2500.199951171875,1292.0999755859375,738.0,1078.199951171875,1066.0,8248.5,1914.4000244140625,13917.0,860.0,165.6999969482422,241.8099975585937,113.55999755859376,1591.0,388.8500061035156,1181.5,1867.4000244140625,223.9900054931641,360.25,1755.800048828125,38660.0,322.5,5375.5,2496.39990234375,764.280029296875,108.98999786376952,1564.5,670.4500122070312,1460.5,1561.0,386.1000061035156,1621.699951171875,2171.699951171875,541.5499877929688,318.5,3792.10009765625,503.5,2270.800048828125,467.1000061035156,6100.5,15952.0,757.6500244140625,4334.60009765625,1253.4000244140625,5714.5,312.3500061035156,375.7000122070313,196.19000244140625,945.7999877929688,173.36000061035156,2029.300048828125,88.6500015258789,1198.800048828125,1960.0999755859373,2745.89990234375,4524.39990234375,1465.9000244140625,1501.0999755859375,2740.75,990.1500244140624,776.5999755859375,4768.7001953125,700.5,411.1000061035156,2495.10009765625,430.2000122070313,210.2899932861328,1420.800048828125,1912.699951171875,621.2999877929688,6.360000133514404,69.9000015258789,141.1699981689453,769.7999877929688,670.7000122070312,5969.5,773.4500122070312,337.29998779296875,1426.5999755859375,137.9600067138672,142.42999267578125,144.24000549316406,125.6500015258789,414.1000061035156,996.3499755859376,330.6000061035156,535.0,1053.699951171875,639.75,515.6500244140625,6060.0,3803.800048828125,1114.5,397.5400085449219,1216.0,863.1500244140625,574.3499755859375,887.5,1225.800048828125,3693.699951171875,201.33999633789065,,1989.800048828125,3282.199951171875,255.8999938964844,2466.0,710.2000122070312,12834.0,1267.0999755859375,2748.800048828125,1667.800048828125,1588.0,93.38999938964844,2695.199951171875,2509.89990234375,189.94000244140625,1325.9000244140625,105.77999877929688,1096.9000244140625,85.11000061035156,72.58000183105469,339.95001220703125,1386.0,215.0399932861328,1626.699951171875,8594.5,407.0,238.6699981689453,43525.0,599.1666870117188,1155.0,5247.5,274.95001220703125,417.75,486.1000061035156,1436.9000244140625,1530.949951171875,3772.699951171875,106.63999938964844,773.0499877929688,1852.0,6966.0,288.20001220703125,21120.0,192.1300048828125,999.0999755859376,1628.9000244140625,253.8000030517578,387.1499938964844,1382.5999755859375,326.29998779296875,124.0500030517578,120.4499969482422,790.0999755859375,1840.300048828125,821.8499755859375,30410.0,619.25,3150.699951171875,15039.0,448.75,2855.199951171875,1639.800048828125,4300.0,60.380001068115234,400.3999938964844,659.1500244140625,1056.0999755859375,5671.0,387.2000122070313,160.17999267578125,666.75,3036.199951171875,1506.300048828125,3057.199951171875,3466.800048828125,,3617.800048828125,1362.0999755859375,5398.5,3019.199951171875,12401.0,135.69000244140625,1306.199951171875,1114.4000244140625,686.1500244140625,511.1000061035156,438.75,1276.0999755859375,2941.89990234375,241.6499938964844,18.82999992370605,988.5999755859376
2025-08-14,1038.5,5030.0,273.0,775.7999877929688,2281.60009765625,917.5,1300.300048828125,5347.5,6895.0,578.0499877929688,264.2200012207031,1608.5,7821.5,121.95999908447266,2528.699951171875,1279.199951171875,750.5999755859375,1083.5999755859375,1068.199951171875,8213.5,1925.0999755859373,14136.0,861.4500122070312,163.3800048828125,242.77000427246097,113.19000244140624,1577.800048828125,384.8999938964844,1180.5,1873.800048828125,221.3300018310547,359.25,1785.199951171875,38585.0,318.04998779296875,5302.5,2482.0,773.719970703125,109.26000213623048,1559.800048828125,665.9500122070312,1461.5,1564.0,384.4500122070313,1642.0,2154.0,531.7999877929688,319.79998779296875,3784.5,500.8999938964844,2270.300048828125,464.1000061035156,6132.5,16191.0,751.5499877929688,4358.2001953125,1260.4000244140625,5764.0,318.3999938964844,374.4500122070313,195.8600006103516,932.0,173.92999267578125,2044.5999755859373,90.7699966430664,1184.9000244140625,1936.5999755859373,2764.89990234375,4555.10009765625,1479.199951171875,1489.800048828125,2745.5,995.5499877929688,788.75,4708.10009765625,695.25,394.3500061035156,2480.60009765625,426.6499938964844,209.0,1427.300048828125,1898.300048828125,626.5999755859375,6.150000095367432,68.7699966430664,140.27000427246094,774.3499755859375,668.25,6002.5,769.75,333.0,1447.699951171875,137.02999877929688,140.1300048828125,143.86000061035156,124.5,411.4500122070313,975.4000244140624,327.3999938964844,529.1500244140625,1045.5,631.8499755859375,533.5,6116.5,3814.10009765625,1128.9000244140625,395.6400146484375,1213.0,859.7000122070312,569.25,887.75,1231.5999755859375,3677.0,202.0800018310547,,1961.5999755859373,3265.39990234375,266.0,2472.60009765625,710.5499877929688,12936.0,1220.699951171875,2721.39990234375,1629.699951171875,1598.300048828125,93.0999984741211,2720.199951171875,2757.39990234375,187.5800018310547,1365.4000244140625,103.45999908447266,1089.4000244140625,82.31999969482422,69.4000015258789,339.3500061035156,1391.800048828125,215.13999938964844,1619.199951171875,8586.5,400.75,236.94000244140625,43515.0,588.2666625976562,1151.300048828125,5289.0,271.8999938964844,416.5,489.6499938964844,1430.0,1542.699951171875,3690.199951171875,106.27999877929688,767.0,1834.199951171875,6970.0,288.70001220703125,20395.0,190.0399932861328,986.2999877929688,1600.9000244140625,251.8500061035156,381.5499877929687,1373.800048828125,324.1000061035156,120.37000274658205,118.2699966430664,789.3499755859375,1840.5999755859373,826.5499877929688,30400.0,616.4500122070312,3169.0,15100.0,451.8500061035156,2841.89990234375,1641.4000244140625,4297.7001953125,60.060001373291016,398.3999938964844,667.5999755859375,1051.199951171875,5681.5,385.2999877929687,155.3000030517578,663.3499755859375,3022.300048828125,1486.699951171875,3063.60009765625,3489.39990234375,,3623.0,1329.5999755859375,5370.5,3020.300048828125,12317.0,134.83999633789062,1319.300048828125,1149.800048828125,683.75,501.8500061035156,430.2000122070313,1274.800048828125,2882.800048828125,246.8099975585937,18.780000686645508,988.7999877929688
2025-08-18,1062.300048828125,5037.5,283.1499938964844,818.75,2333.60009765625,941.6500244140624,1327.199951171875,5346.0,7438.5,590.0499877929688,266.69000244140625,1607.0,7822.5,131.75999450683594,2587.39990234375,1313.699951171875,761.5499877929688,1089.300048828125,1082.5999755859375,8588.5,1993.5,14523.0,905.2000122070312,167.14999389648438,242.77000427246097,114.86000061035156,1605.5999755859375,382.5,1184.5,1892.300048828125,216.6199951171875,364.2999877929687,1915.699951171875,39335.0,314.0,5439.0,2494.800048828125,779.3599853515625,109.33999633789062,1575.0999755859375,669.1500244140625,1522.5999755859375,1565.199951171875,387.7999877929687,1655.5,2225.0,537.7999877929688,325.45001220703125,3783.39990234375,519.0999755859375,2330.800048828125,465.2000122070313,6164.5,16756.0,768.9000244140625,4558.0,1262.699951171875,5912.0,314.8999938964844,376.2999877929687,195.7899932861328,938.25,173.66000366210938,1973.9000244140625,90.1999969482422,1208.9000244140625,2002.4000244140625,2845.89990234375,4514.2998046875,1552.5999755859375,1485.0,2858.5,1001.7999877929688,791.0,4984.0,714.1500244140625,387.0499877929687,2568.10009765625,427.1000061035156,210.94000244140625,1434.5999755859375,1946.4000244140625,636.4000244140625,6.460000038146973,69.9000015258789,141.00999450683594,775.5,676.2999877929688,6096.5,788.6500244140625,337.6000061035156,1435.800048828125,139.99000549316406,140.30999755859375,147.38999938964844,124.7699966430664,406.2999877929687,992.8499755859376,329.3500061035156,533.5999755859375,1079.800048828125,635.2000122070312,520.2000122070312,6279.0,3901.39990234375,1115.5,400.2799987792969,1208.5,865.6500244140625,567.7999877929688,890.1500244140625,1247.0,3635.10009765625,210.4499969482422,,1968.300048828125,3383.10009765625,267.0,2472.39990234375,720.4000244140625,14068.0,1211.5999755859375,2739.199951171875,1661.800048828125,1640.199951171875,94.08000183105467,2698.10009765625,2768.300048828125,188.3300018310547,1353.5999755859375,105.62999725341795,1144.0999755859375,82.77999877929688,69.58000183105469,336.04998779296875,1376.199951171875,219.1699981689453,1646.5,8552.5,401.4500122070313,238.1600036621093,44690.0,592.566650390625,1173.800048828125,5232.5,273.75,408.7000122070313,528.5999755859375,1489.5999755859375,1538.449951171875,3750.39990234375,106.7699966430664,786.2000122070312,1866.5999755859373,7087.0,290.3500061035156,19775.0,192.8699951171875,998.5999755859376,1624.699951171875,259.25,378.3500061035156,1381.699951171875,323.79998779296875,122.44000244140624,118.51000213623048,811.7999877929688,1863.0,827.6500244140625,31340.0,626.7999877929688,3118.0,14957.0,444.9500122070313,2929.699951171875,1632.699951171875,4496.0,58.06999969482422,399.8500061035156,663.6500244140625,1071.300048828125,5677.5,387.2999877929687,157.9600067138672,671.75,3011.199951171875,1471.199951171875,3051.199951171875,3554.800048828125,,3651.60009765625,1301.5999755859375,5519.0,3219.699951171875,12765.0,135.7899932861328,1307.5,1220.300048828125,690.9500122070312,499.7999877929687,438.2000122070313,1349.199951171875,2984.89990234375,245.2100067138672,19.09000015258789,986.5
2025-08-19,1078.9000244140625,5068.0,287.3500061035156,828.2000122070312,2388.39990234375,973.4000244140624,1369.4000244140625,5392.0,7368.5,592.4000244140625,267.7799987792969,1626.300048828125,7823.5,133.27999877929688,2579.39990234375,1366.0999755859375,758.5,1089.699951171875,1083.199951171875,8795.5,1972.199951171875,13785.0,902.2999877929688,174.00999450683594,247.0500030517578,116.48999786376952,1549.0999755859375,380.0499877929687,1188.5,1909.699951171875,219.6999969482422,363.8500061035156,1928.800048828125,39860.0,321.45001220703125,5499.0,2491.5,767.1599731445312,111.66999816894533,1581.699951171875,676.7999877929688,1527.9000244140625,1548.9000244140625,385.3500061035156,1652.699951171875,2273.5,555.0,329.5,3752.0,522.0499877929688,2346.5,471.7000122070313,6079.5,16905.0,776.0999755859375,4653.2001953125,1244.199951171875,5938.5,321.45001220703125,392.7999877929687,200.0500030517578,948.9000244140624,174.88999938964844,1945.800048828125,90.44000244140624,1218.699951171875,2010.0,2828.300048828125,4452.60009765625,1570.0,1476.0999755859375,2859.5,995.5499877929688,793.75,5118.2001953125,706.7000122070312,395.6000061035156,2604.800048828125,428.6499938964844,214.22999572753903,1436.300048828125,1952.9000244140625,633.4500122070312,6.579999923706055,71.29000091552734,141.58999633789062,775.1500244140625,671.6500244140625,6055.5,785.5,339.95001220703125,1440.0,144.47999572753906,142.00999450683594,148.91000366210938,126.8000030517578,409.1000061035156,1005.25,331.29998779296875,533.2999877929688,1073.4000244140625,634.0499877929688,507.3500061035156,6272.0,3946.60009765625,1125.4000244140625,405.9800109863281,1199.5,883.9000244140625,579.75,894.2999877929688,1257.800048828125,3613.0,217.02999877929688,,1968.5999755859373,3354.0,269.54998779296875,2492.199951171875,727.9500122070312,14250.0,1229.4000244140625,2747.39990234375,1659.0,1637.300048828125,99.4000015258789,2742.60009765625,2747.199951171875,191.3099975585937,1380.800048828125,106.58000183105467,1161.4000244140625,82.08999633789062,70.72000122070312,335.04998779296875,1357.9000244140625,226.8300018310547,1649.4000244140625,8597.0,408.1000061035156,237.94000244140625,45640.0,596.5999755859375,1226.199951171875,5236.5,282.8999938964844,410.0,540.2999877929688,1503.300048828125,1547.5999755859375,3765.0,107.9000015258789,817.7000122070312,1913.9000244140625,7117.0,288.0,19705.0,194.2100067138672,1026.5999755859375,1636.4000244140625,261.75,382.2999877929687,1420.0999755859375,327.75,122.9800033569336,123.4800033569336,820.0999755859375,1854.0999755859373,830.4000244140625,30905.0,626.3499755859375,3133.199951171875,14699.0,455.25,2929.60009765625,1626.5999755859375,4598.10009765625,59.59000015258789,409.7000122070313,683.0499877929688,1085.800048828125,5726.5,389.1499938964844,159.22999572753906,682.75,3016.199951171875,1496.699951171875,3152.39990234375,3568.10009765625,,3651.60009765625,1297.4000244140625,5496.0,3251.89990234375,12863.0,137.52999877929688,1328.5999755859375,1219.9000244140625,707.2999877929688,505.3999938964844,450.2000122070313,1378.9000244140625,3037.5,246.9600067138672,19.350000381469727,989.4500122070312
2025-08-20,1102.9000244140625,5121.5,283.45001220703125,824.2000122070312,2387.10009765625,975.9500122070312,1370.5999755859375,5393.0,7362.0,591.9000244140625,272.0799865722656,1628.300048828125,7883.0,133.10000610351562,2570.10009765625,1393.800048828125,759.1500244140625,1046.4000244140625,1080.199951171875,8827.5,1958.5,13642.0,887.7999877929688,174.27999877929688,244.8800048828125,116.33000183105467,1529.5,371.8500061035156,1158.9000244140625,1928.4000244140625,220.6699981689453,359.45001220703125,1927.4000244140625,39935.0,319.95001220703125,5701.0,2523.0,768.3599853515625,112.27999877929688,1583.5999755859375,674.25,1522.9000244140625,1546.0999755859375,384.7000122070313,1708.4000244140625,2356.5,557.5,328.3500061035156,3818.39990234375,535.0,2344.39990234375,471.1000061035156,6005.0,16876.0,770.5,4737.89990234375,1245.4000244140625,5937.5,326.54998779296875,396.2999877929687,199.7100067138672,963.9500122070312,178.1199951171875,1924.0,91.01000213623048,1246.9000244140625,2041.800048828125,2864.89990234375,4468.39990234375,1567.9000244140625,1496.0,2854.75,994.0999755859376,796.5499877929688,5136.0,700.8499755859375,390.7999877929687,2669.800048828125,430.0,214.38999938964844,1430.5999755859375,1968.5,632.0499877929688,6.789999961853027,71.25,143.14999389648438,806.7999877929688,670.0499877929688,6155.5,778.2000122070312,349.1000061035156,1496.199951171875,144.19000244140625,141.44000244140625,148.77999877929688,126.7300033569336,406.0499877929687,1016.25,328.45001220703125,531.75,1082.5999755859375,634.2000122070312,510.6000061035156,6200.5,3986.39990234375,1115.800048828125,403.5,1214.5999755859375,876.0499877929688,580.0999755859375,899.3499755859375,1300.0,3592.300048828125,216.52999877929688,,1940.300048828125,3395.60009765625,266.1000061035156,2506.60009765625,751.8499755859375,14221.0,1225.5999755859375,2772.89990234375,1644.800048828125,1643.5999755859375,97.97000122070312,2835.5,2683.89990234375,192.22000122070312,1395.5,105.38999938964844,1190.300048828125,82.76000213623047,71.81999969482422,342.0,1370.9000244140625,225.17999267578125,1656.9000244140625,8763.0,408.0,237.92999267578125,45385.0,604.5999755859375,1248.0,5345.0,280.1499938964844,403.3999938964844,536.5999755859375,1563.5,1542.300048828125,3796.800048828125,107.11000061035156,808.4500122070312,1921.800048828125,7158.0,288.3999938964844,20000.0,191.7899932861328,1037.5,1626.5999755859375,256.6000061035156,380.8500061035156,1413.0,330.79998779296875,124.08999633789062,121.45999908447266,818.0999755859375,1858.5,828.9500122070312,30690.0,616.2999877929688,3155.10009765625,14463.0,450.3500061035156,2924.199951171875,1633.0999755859375,4541.60009765625,59.84999847412109,421.0499877929687,667.4500122070312,1105.300048828125,5745.5,390.5499877929687,161.9199981689453,689.0,3098.60009765625,1524.0999755859375,3180.0,3595.0,,3663.800048828125,1285.300048828125,5453.0,3229.800048828125,12874.0,136.91000366210938,1335.9000244140625,1234.800048828125,713.4500122070312,517.6500244140625,445.5,1369.800048828125,3151.5,250.83999633789065,19.36000061035156,983.2999877929688
2025-08-21,1081.5999755859375,5141.5,291.29998779296875,815.1500244140625,2377.199951171875,966.5999755859376,1361.800048828125,5422.0,7332.5,588.75,253.77999877929688,1653.199951171875,7926.5,131.00999450683594,2566.60009765625,1421.4000244140625,752.2000122070312,1041.0,1078.9000244140625,8684.5,1980.0,13700.0,895.5999755859375,176.82000732421875,243.3600006103516,115.9499969482422,1519.9000244140625,374.2000122070313,1154.0999755859375,1929.9000244140625,218.47999572753903,357.75,1901.300048828125,39475.0,319.95001220703125,5597.5,2332.199951171875,779.0800170898438,111.06999969482422,1569.5,677.5499877929688,1518.300048828125,1592.800048828125,378.1499938964844,1728.199951171875,2350.5,553.2000122070312,320.8500061035156,3886.300048828125,515.7000122070312,2348.89990234375,471.9500122070313,6028.0,16725.0,773.2000122070312,4691.89990234375,1276.5999755859375,5975.0,321.79998779296875,400.4500122070313,199.42999267578125,947.5499877929688,177.77000427246094,1940.9000244140625,88.95999908447266,1247.4000244140625,2053.60009765625,2881.199951171875,4474.0,1553.5999755859375,1493.5,2897.0,995.5999755859376,795.4500122070312,5097.10009765625,707.2999877929688,393.1499938964844,2648.0,430.8500061035156,212.8500061035156,1446.0,1967.0999755859373,629.2000122070312,6.550000190734863,70.08000183105469,144.6199951171875,795.6500244140625,670.8499755859375,6099.0,767.4500122070312,348.04998779296875,1496.4000244140625,142.6699981689453,141.44000244140625,147.27999877929688,125.44000244140624,405.5499877929687,1010.1500244140624,323.8500061035156,521.2999877929688,1071.800048828125,627.3499755859375,511.0,6145.5,3953.300048828125,1127.699951171875,403.55999755859375,1214.0999755859375,889.9000244140625,577.8499755859375,895.5999755859375,1293.5999755859375,3612.60009765625,221.7899932861328,,1962.5,3375.10009765625,265.3500061035156,2600.10009765625,739.6500244140625,14280.0,1250.0999755859375,2767.800048828125,1585.4000244140625,1659.199951171875,97.9000015258789,2854.39990234375,2675.800048828125,191.47000122070312,1412.800048828125,104.33000183105467,1179.4000244140625,81.83000183105469,71.36000061035156,338.79998779296875,1381.9000244140625,224.9499969482422,1659.699951171875,8699.0,410.7999877929687,238.2899932861328,45890.0,602.9000244140625,1245.5999755859375,5347.5,278.20001220703125,400.25,559.1500244140625,1575.5,1539.5,3869.800048828125,107.16000366210938,804.25,1907.9000244140625,7084.5,284.0,20090.0,192.0500030517578,1022.7000122070312,1630.5999755859375,254.1499938964844,380.6000061035156,1424.800048828125,328.6499938964844,123.25,123.16000366210938,825.2000122070312,1877.300048828125,825.7000122070312,30605.0,619.7999877929688,3197.199951171875,14581.0,442.6499938964844,2912.800048828125,1640.199951171875,4576.39990234375,58.15999984741211,435.7000122070313,667.7999877929688,1088.0999755859375,5659.0,388.0499877929687,161.50999450683594,686.5499877929688,3102.60009765625,1521.300048828125,3097.39990234375,3616.300048828125,,3647.39990234375,1291.800048828125,5452.5,3280.89990234375,12870.0,136.52999877929688,1337.0,1230.5999755859375,712.4500122070312,517.25,446.8999938964844,1362.699951171875,3223.39990234375,249.9100036621093,19.43000030517578,985.7999877929688
2025-08-22,1077.5999755859375,5063.0,286.3500061035156,800.1500244140625,2324.89990234375,957.2000122070312,1341.199951171875,5426.0,7260.5,577.1500244140625,251.8600006103516,1649.5,7922.5,131.1999969482422,2504.5,1425.0999755859375,742.0499877929688,1050.4000244140625,1070.9000244140625,8679.5,1965.9000244140625,13545.0,894.5,173.22999572753906,240.22999572753903,115.45999908447266,1517.5999755859375,374.8500061035156,1123.0,1933.300048828125,218.58999633789065,359.5,1920.0,39325.0,316.45001220703125,5545.5,2332.800048828125,781.0,109.93000030517578,1574.4000244140625,679.8499755859375,1524.0999755859375,1592.800048828125,374.4500122070313,1747.699951171875,2299.300048828125,547.9000244140625,316.70001220703125,3916.0,515.9500122070312,2326.39990234375,473.6000061035156,6151.5,16893.0,762.5499877929688,4698.7998046875,1277.5999755859375,5924.5,319.1000061035156,396.0499877929687,196.33999633789065,934.4000244140624,176.80999755859375,1937.300048828125,89.55000305175781,1257.199951171875,2052.89990234375,2813.800048828125,4473.0,1556.0,1466.300048828125,2914.0,982.2999877929688,788.75,4997.89990234375,704.2000122070312,390.75,2629.89990234375,424.8999938964844,211.83999633789065,1436.4000244140625,1910.699951171875,626.0499877929688,7.070000171661377,69.68000030517578,143.9199981689453,788.8499755859375,670.25,6086.5,760.0999755859375,353.54998779296875,1487.5,144.0500030517578,139.9499969482422,147.47999572753906,124.9800033569336,398.2999877929687,997.25,320.6000061035156,517.9000244140625,1054.5999755859375,619.1500244140625,511.1499938964844,6209.0,3954.800048828125,1126.199951171875,397.3200073242187,1196.5999755859375,879.0999755859375,563.5,889.0999755859375,1261.0,3595.800048828125,222.6999969482422,,1974.699951171875,3403.0,266.75,2606.800048828125,730.7000122070312,14349.0,1234.699951171875,2700.300048828125,1592.0,1638.699951171875,95.16000366210938,2848.60009765625,2680.60009765625,188.8699951171875,1380.5999755859375,103.58999633789062,1162.9000244140625,80.70999908447266,70.16000366210938,337.0,1396.0999755859375,224.94000244140625,1657.4000244140625,8624.0,409.3999938964844,236.2899932861328,45655.0,600.4000244140625,1264.5999755859375,5369.0,276.95001220703125,399.8500061035156,563.7000122070312,1578.0,1543.5999755859375,3865.10009765625,105.29000091552734,799.75,1911.199951171875,7100.5,283.3500061035156,19875.0,192.75,1008.5999755859376,1635.5999755859375,253.1499938964844,375.6000061035156,1409.199951171875,323.75,121.93000030517578,121.83000183105467,821.0,1859.0,816.25,30005.0,615.8499755859375,3173.199951171875,14845.0,449.6499938964844,2917.5,1641.800048828125,4637.7998046875,58.5099983215332,427.8999938964844,667.4000244140625,1084.0999755859375,5579.5,385.6000061035156,158.5500030517578,683.5999755859375,3054.0,1505.0,3072.10009765625,3621.0,,3685.300048828125,1282.0,5418.0,3294.60009765625,12589.0,134.75999450683594,1329.9000244140625,1265.800048828125,716.4500122070312,516.5999755859375,444.25,1353.199951171875,3188.60009765625,248.63999938964844,19.280000686645508,988.7999877929688
2025-08-25,1092.699951171875,5100.5,285.20001220703125,805.75,2302.89990234375,964.0999755859376,1340.4000244140625,5415.5,7352.5,581.0,244.69000244140625,1645.199951171875,7851.0,131.00999450683594,2492.89990234375,1414.300048828125,749.5999755859375,1067.4000244140625,1070.0,8750.5,1963.800048828125,13265.0,900.7999877929688,171.4499969482422,241.0800018310547,114.97000122070312,1520.699951171875,372.0499877929687,1139.4000244140625,1930.699951171875,216.5099945068359,359.95001220703125,1904.4000244140625,39085.0,315.79998779296875,5550.5,2290.800048828125,767.9199829101562,108.81999969482422,1541.9000244140625,677.2000122070312,1509.4000244140625,1601.199951171875,380.0,1764.0,2282.800048828125,544.4000244140625,322.8999938964844,3880.5,518.5999755859375,2347.5,476.8500061035156,6248.5,17018.0,772.0,4725.2998046875,1283.9000244140625,5990.5,319.25,400.25,195.0099945068359,915.1500244140624,175.89999389648438,1956.0999755859373,88.83999633789062,1261.699951171875,2068.89990234375,2811.39990234375,4457.60009765625,1562.0,1504.199951171875,2946.0,982.0499877929688,787.0,5063.7998046875,715.8499755859375,390.25,2631.60009765625,434.7000122070313,213.1100006103516,1433.199951171875,1919.0,629.6500244140625,7.400000095367432,70.27999877929688,143.8699951171875,785.5499877929688,668.0499877929688,6116.0,770.8499755859375,354.75,1532.0999755859375,142.64999389648438,139.9600067138672,147.6999969482422,124.36000061035156,399.3500061035156,996.2000122070312,319.70001220703125,521.4500122070312,1057.800048828125,647.7999877929688,511.1499938964844,6231.5,3942.699951171875,1109.5999755859375,396.6600036621094,1203.0,873.2000122070312,561.0999755859375,894.0499877929688,1264.4000244140625,3603.10009765625,217.69000244140625,,1966.300048828125,3398.89990234375,268.8999938964844,2557.10009765625,722.4000244140625,14452.0,1221.4000244140625,2755.699951171875,1600.5999755859375,1651.199951171875,94.97000122070312,2917.699951171875,2693.699951171875,190.4100036621093,1406.0999755859375,104.12000274658205,1153.0,79.5999984741211,70.68000030517578,337.8500061035156,1371.5,229.5399932861328,1672.699951171875,8750.5,409.3500061035156,236.7599945068359,46850.0,601.9000244140625,1276.0999755859375,5450.0,273.6000061035156,399.2999877929687,584.0,1587.9000244140625,1553.5,3896.199951171875,105.22000122070312,799.8499755859375,1901.9000244140625,7071.5,284.1499938964844,19450.0,192.82000732421875,1003.9000244140624,1649.0999755859375,256.79998779296875,375.0499877929687,1412.5999755859375,321.6499938964844,122.83999633789062,120.9000015258789,822.0499877929688,1846.800048828125,816.4500122070312,30015.0,620.8499755859375,3164.60009765625,14654.0,451.1499938964844,2911.699951171875,1656.699951171875,4631.2001953125,57.43000030517578,425.6499938964844,667.7000122070312,1081.5999755859375,5546.5,383.25,159.6300048828125,685.1500244140625,3140.60009765625,1527.0999755859375,3060.0,3651.39990234375,,3674.5,1282.5,5423.0,3284.699951171875,12606.0,133.0399932861328,1311.300048828125,1283.4000244140625,722.7999877929688,516.0,450.2999877929687,1357.4000244140625,3151.10009765625,253.83999633789065,19.549999237060547,1023.1500244140624
2025-08-26,1087.4000244140625,5022.0,281.0,788.6500244140625,2272.0,931.25,1315.4000244140625,5422.0,7229.0,572.7999877929688,233.9100036621093,1628.9000244140625,7793.5,131.3699951171875,2481.39990234375,1390.0999755859375,745.25,1045.5999755859375,1050.0999755859375,8691.5,1924.199951171875,12997.0,876.25,165.86000061035156,235.13999938964844,112.37999725341795,1477.5999755859375,365.8500061035156,1122.300048828125,1904.699951171875,211.5,358.29998779296875,1865.0,39510.0,312.1000061035156,5765.5,2215.60009765625,745.239990234375,106.01000213623048,1492.0999755859375,671.2999877929688,1476.199951171875,1579.800048828125,372.4500122070313,1739.300048828125,2284.10009765625,528.4500122070312,324.95001220703125,3836.5,522.4000244140625,2358.199951171875,478.5,6190.5,16668.0,754.5999755859375,4716.39990234375,1263.199951171875,6151.0,317.8999938964844,396.7999877929687,192.4600067138672,916.0,171.63999938964844,1950.699951171875,88.69999694824219,1258.5999755859375,2007.0999755859373,2796.199951171875,4383.60009765625,1517.9000244140625,1492.800048828125,2879.75,973.4000244140624,776.5999755859375,5073.39990234375,705.7000122070312,382.9500122070313,2692.60009765625,430.1499938964844,207.8800048828125,1416.5999755859375,1872.699951171875,616.2999877929688,6.710000038146973,68.76000213623047,141.25999450683594,769.0499877929688,655.9000244140625,6050.0,756.4000244140625,342.54998779296875,1529.5999755859375,142.02999877929688,138.9600067138672,144.1699981689453,121.1999969482422,403.3500061035156,977.1500244140624,315.75,513.0999755859375,1047.0999755859375,640.7999877929688,498.3999938964844,6197.5,3874.800048828125,1054.0999755859375,393.1400146484375,1200.0999755859375,868.6500244140625,560.4000244140625,888.3499755859375,1236.800048828125,3541.300048828125,220.0,,1924.5999755859373,3330.800048828125,266.8999938964844,2502.0,717.75,14714.0,1183.4000244140625,2687.800048828125,1538.4000244140625,1622.800048828125,92.95999908447266,2873.199951171875,2673.10009765625,186.02000427246097,1395.699951171875,100.88999938964844,1162.199951171875,79.83999633789062,69.87999725341797,333.20001220703125,1345.699951171875,231.6499938964844,1638.199951171875,8530.5,398.8999938964844,234.19000244140625,45505.0,599.7666625976562,1253.0999755859375,5376.5,268.79998779296875,388.5499877929687,557.25,1559.5,1550.199951171875,3787.199951171875,102.7699966430664,782.9000244140625,1835.0999755859373,7064.0,279.8999938964844,19780.0,189.3600006103516,1011.2000122070312,1609.0,255.3999938964844,363.5499877929687,1384.9000244140625,312.70001220703125,119.94000244140624,118.43000030517578,815.7000122070312,1816.5999755859373,807.8499755859375,30110.0,594.7000122070312,3048.0,14233.0,453.7000122070313,2849.199951171875,1600.300048828125,4574.39990234375,56.970001220703125,430.5499877929687,648.7999877929688,1079.9000244140625,5478.5,377.75,155.02999877929688,679.1500244140625,3157.199951171875,1502.199951171875,3028.39990234375,3594.0,,3604.800048828125,1270.199951171875,5295.0,3272.300048828125,12610.0,129.6699981689453,1302.800048828125,1276.800048828125,723.0999755859375,508.5499877929687,428.2000122070313,1347.300048828125,3265.300048828125,252.02999877929688,18.950000762939453,987.8499755859376
2025-08-28,1043.9000244140625,5000.5,277.45001220703125,770.9500122070312,2275.199951171875,921.1500244140624,1315.4000244140625,5376.0,7254.0,561.7999877929688,225.94000244140625,1600.300048828125,7728.0,129.82000732421875,2489.0,1361.800048828125,729.25,1026.300048828125,1051.9000244140625,8689.5,1917.5999755859373,12966.0,876.8499755859375,162.92999267578125,233.2400054931641,110.2699966430664,1428.9000244140625,363.8500061035156,1124.5999755859375,1881.0999755859373,208.5099945068359,353.25,1880.0999755859373,39225.0,310.70001220703125,5721.0,2178.39990234375,731.5399780273438,104.62999725341795,1452.0,664.0,1439.800048828125,1580.300048828125,374.2999877929687,1737.199951171875,2262.699951171875,528.8499755859375,324.04998779296875,3835.199951171875,513.8499755859375,2351.39990234375,469.1499938964844,6132.0,16678.0,749.4500122070312,4699.89990234375,1259.800048828125,6133.0,315.5,394.0,191.7599945068359,911.4000244140624,171.22000122070312,1936.9000244140625,86.43000030517578,1250.5999755859375,1984.5999755859373,2784.300048828125,4344.7001953125,1519.4000244140625,1449.800048828125,2791.0,957.7999877929688,775.3499755859375,5091.7001953125,701.4000244140625,381.75,2654.39990234375,421.7000122070313,204.8600006103516,1399.0999755859375,1860.300048828125,609.5499877929688,6.570000171661377,68.05000305175781,139.75999450683594,765.1500244140625,652.8499755859375,5727.0,746.5999755859375,335.6000061035156,1500.0999755859375,136.99000549316406,138.49000549316406,141.02999877929688,118.58000183105467,400.8999938964844,964.7000122070312,310.1000061035156,497.6499938964844,1035.800048828125,635.5499877929688,510.1499938964844,6195.0,3863.5,1050.0,388.9400024414063,1184.4000244140625,862.0,547.3499755859375,869.5,1208.199951171875,3560.10009765625,216.44000244140625,,1902.4000244140625,3295.300048828125,263.0,2474.10009765625,711.5999755859375,14752.0,1160.199951171875,2628.10009765625,1480.300048828125,1608.699951171875,92.11000061035156,2831.800048828125,2644.800048828125,184.7899932861328,1386.0,98.9000015258789,1162.4000244140625,78.33999633789062,68.7300033569336,330.79998779296875,1309.800048828125,233.83999633789065,1618.800048828125,8370.5,390.5,233.38999938964844,44150.0,589.933349609375,1230.800048828125,5313.5,271.6000061035156,381.75,541.25,1509.699951171875,1531.449951171875,3708.800048828125,101.4499969482422,767.0499877929688,1805.4000244140625,7106.5,274.45001220703125,19590.0,186.3000030517578,1002.5999755859376,1579.9000244140625,250.8500061035156,354.8999938964844,1385.9000244140625,308.6499938964844,119.25,117.97000122070312,803.5999755859375,1816.800048828125,801.9500122070312,29675.0,571.6500244140625,3043.199951171875,13813.0,450.3500061035156,2850.800048828125,1585.699951171875,4506.5,56.31999969482422,421.0,629.2000122070312,1062.4000244140625,5338.0,371.1000061035156,153.6300048828125,662.1500244140625,3093.699951171875,1495.5999755859375,2943.39990234375,3637.699951171875,,3576.89990234375,1248.300048828125,5235.5,3256.0,12521.0,127.08000183105467,1281.5,1295.5999755859375,716.7000122070312,497.7000122070313,424.5,1359.300048828125,3417.300048828125,250.6499938964844,18.68000030517578,978.5999755859376
2025-08-29,1018.0999755859376,4999.0,277.8500061035156,764.1500244140625,2244.699951171875,913.5,1312.800048828125,5303.5,7267.5,563.2000122070312,220.97999572753903,1604.699951171875,7610.0,126.9800033569336,2518.60009765625,1359.800048828125,718.0499877929688,1027.9000244140625,1045.199951171875,8631.5,1913.5,12770.0,877.8499755859375,161.8000030517578,232.8300018310547,110.29000091552734,1435.699951171875,369.3999938964844,1106.699951171875,1888.800048828125,208.0099945068359,348.3500061035156,1881.699951171875,39960.0,308.20001220703125,5824.0,2096.199951171875,741.0399780273438,103.83000183105467,1424.4000244140625,694.2999877929688,1420.699951171875,1589.4000244140625,374.7999877929687,1724.300048828125,2331.800048828125,527.3499755859375,330.0,3826.199951171875,521.0999755859375,2401.5,468.0499877929687,6131.5,16690.0,739.0499877929688,4755.60009765625,1260.0999755859375,6103.0,313.95001220703125,396.25,191.7100067138672,911.5,173.07000732421875,1923.9000244140625,86.06999969482422,1242.5999755859375,1947.699951171875,2775.60009765625,4332.60009765625,1525.5999755859375,1454.800048828125,2731.5,951.5999755859376,772.0499877929688,5087.7001953125,703.9500122070312,375.8999938964844,2659.800048828125,419.25,204.4900054931641,1397.800048828125,1839.5999755859373,599.8499755859375,6.489999771118164,67.98999786376953,139.8000030517578,758.4500122070312,653.0999755859375,5646.0,739.5,338.6000061035156,1469.5999755859375,138.1199951171875,136.6199951171875,140.5,118.11000061035156,409.75,945.7999877929688,311.70001220703125,488.4500122070313,1026.5999755859375,627.75,504.1499938964844,6123.0,3810.60009765625,1021.2000122070312,392.05999755859375,1190.5,856.9000244140625,555.2000122070312,852.1500244140625,1192.300048828125,3601.0,217.1600036621093,,1894.9000244140625,3199.5,261.45001220703125,2471.39990234375,725.8499755859375,14791.0,1154.300048828125,2603.10009765625,1478.0,1602.199951171875,92.75,2788.0,2637.800048828125,186.17999267578125,1358.0999755859375,98.26000213623048,1156.199951171875,77.2300033569336,68.80000305175781,327.54998779296875,1276.800048828125,230.1499938964844,1610.800048828125,8293.5,390.2999877929687,233.7100067138672,44335.0,592.5333251953125,1207.0,5305.5,269.5,379.7000122070313,533.0999755859375,1503.199951171875,1525.1500244140625,3694.800048828125,100.87999725341795,753.5999755859375,1770.800048828125,7091.0,275.25,19110.0,183.44000244140625,994.0999755859376,1561.800048828125,261.04998779296875,350.0,1357.199951171875,302.6000061035156,118.66000366210938,123.95999908447266,803.5,1805.5,802.5,29275.0,580.25,3063.699951171875,13795.0,443.0499877929687,2836.39990234375,1594.5,4471.2001953125,56.43000030517578,409.75,625.9000244140625,1065.4000244140625,5234.0,374.1499938964844,154.47999572753906,657.25,3084.699951171875,1481.4000244140625,2961.60009765625,3628.800048828125,,3559.800048828125,1227.300048828125,5298.0,3276.60009765625,12640.0,124.81999969482422,1311.0,1279.0,715.75,487.1499938964844,420.6499938964844,1374.0,3402.0,249.4100036621093,19.100000381469727,981.0499877929688
2025-09-01,1030.800048828125,5127.39990234375,280.04998779296875,766.6500244140625,2284.199951171875,931.5499877929688,1335.300048828125,5300.5,7631.0,567.0999755859375,226.6600036621093,1639.800048828125,7671.5,128.02999877929688,2570.199951171875,1407.300048828125,721.5499877929688,1025.0,1061.5,8967.0,1943.5,12544.0,889.3499755859375,161.33999633789062,234.4199981689453,111.88999938964844,1458.699951171875,373.8999938964844,1126.4000244140625,1900.5999755859373,212.22000122070312,352.54998779296875,1948.300048828125,40785.0,314.75,5846.5,2180.39990234375,767.9600219726562,105.13999938964844,1476.9000244140625,717.2000122070312,1453.800048828125,1587.199951171875,377.8999938964844,1764.5999755859375,2360.199951171875,539.5499877929688,335.1499938964844,3880.10009765625,523.6500244140625,2403.300048828125,473.75,6093.0,17582.0,748.2999877929688,4734.89990234375,1279.9000244140625,6280.0,321.1000061035156,412.25,193.5800018310547,924.6500244140624,175.94000244140625,1926.800048828125,87.02999877929688,1256.800048828125,1952.199951171875,2803.89990234375,4429.60009765625,1574.199951171875,1468.4000244140625,2789.75,950.5999755859376,781.7999877929688,5244.0,719.5999755859375,385.25,2649.5,435.8999938964844,211.3500061035156,1411.0,1840.300048828125,608.7999877929688,6.539999961853027,68.94000244140625,142.2100067138672,759.8499755859375,668.5,5670.0,752.8499755859375,339.3999938964844,1499.4000244140625,140.8300018310547,139.55999755859375,142.50999450683594,120.54000091552734,405.8500061035156,962.8499755859376,314.04998779296875,501.1000061035156,1035.5,630.9000244140625,510.0499877929687,6600.0,3920.300048828125,1070.199951171875,393.7200012207031,1225.5,860.0,563.4000244140625,859.1500244140625,1207.199951171875,3598.39990234375,222.58999633789065,,1898.0,3315.39990234375,275.0,2520.89990234375,731.4000244140625,14887.0,1181.199951171875,2653.300048828125,1558.5999755859375,1629.199951171875,96.73999786376952,2921.5,2710.0,191.7899932861328,1371.699951171875,100.2300033569336,1174.4000244140625,78.55999755859375,69.62000274658203,330.70001220703125,1289.9000244140625,233.72999572753903,1638.199951171875,8472.5,400.0499877929687,238.72000122070312,44820.0,597.933349609375,1235.800048828125,5420.0,277.29998779296875,389.5499877929687,554.9500122070312,1517.0999755859375,1562.699951171875,3767.699951171875,102.29000091552734,761.25,1816.4000244140625,7144.5,279.8500061035156,18942.0,187.8099975585937,1036.3499755859375,1578.199951171875,264.8999938964844,360.8999938964844,1353.9000244140625,315.70001220703125,121.08999633789062,125.43000030517578,810.8499755859375,1809.800048828125,806.0499877929688,29870.0,588.5999755859375,3138.89990234375,14046.0,450.7999877929687,2897.800048828125,1563.300048828125,4574.7998046875,57.86000061035156,428.5,635.1500244140625,1075.699951171875,5357.0,380.5499877929687,156.1699981689453,677.1500244140625,3112.60009765625,1505.5,3140.89990234375,3618.60009765625,,3584.300048828125,1262.0,5450.0,3356.199951171875,12826.0,128.16000366210938,1321.199951171875,1314.5999755859375,727.9500122070312,495.3500061035156,431.0,1411.9000244140625,3200.5,250.3600006103516,19.549999237060547,991.0499877929688
2025-09-02,1024.800048828125,5148.2001953125,274.8500061035156,763.0499877929688,2274.199951171875,933.8499755859376,1336.199951171875,5246.5,7645.0,567.25,227.63999938964844,1653.699951171875,7682.0,130.38999938964844,2540.0,1417.9000244140625,708.2999877929688,1022.2000122070312,1056.199951171875,9030.5,1955.9000244140625,12620.0,890.0999755859375,162.0399932861328,236.6699981689453,112.91999816894533,1471.0999755859375,376.6000061035156,1134.5999755859375,1887.199951171875,215.07000732421875,356.1000061035156,1940.300048828125,41315.0,314.95001220703125,5891.5,2194.199951171875,760.4000244140625,106.16000366210938,1508.9000244140625,739.6500244140625,1431.4000244140625,1569.199951171875,380.1000061035156,1754.5999755859375,2413.699951171875,544.7999877929688,333.70001220703125,3826.39990234375,544.5999755859375,2402.199951171875,472.0499877929687,6120.5,17553.0,754.7999877929688,4680.0,1253.699951171875,6349.0,322.3999938964844,416.2000122070313,193.5599975585937,929.75,179.2899932861328,1918.800048828125,87.04000091552734,1283.800048828125,1978.199951171875,2779.800048828125,4451.5,1582.800048828125,1465.699951171875,2765.25,944.5,782.75,5312.0,720.9500122070312,384.6000061035156,2677.0,440.8999938964844,216.3099975585937,1394.199951171875,1822.699951171875,610.6500244140625,6.510000228881836,69.48999786376953,141.19000244140625,765.5999755859375,664.1500244140625,5665.5,751.2000122070312,329.45001220703125,1498.699951171875,143.33999633789062,139.6199951171875,144.13999938964844,122.98999786376952,406.75,975.1500244140624,311.75,511.2999877929687,1044.0,635.5999755859375,508.7000122070313,6573.0,3963.300048828125,1057.0,388.5,1206.0999755859375,860.0999755859375,556.4500122070312,864.1500244140625,1194.5999755859375,3574.89990234375,221.92999267578125,,1889.699951171875,3234.5,281.0,2543.300048828125,741.9000244140625,14842.0,1161.800048828125,2731.0,1529.0999755859375,1623.9000244140625,96.47000122070312,2902.60009765625,2698.699951171875,200.52999877929688,1364.5,101.58000183105467,1200.9000244140625,79.55999755859375,72.80000305175781,336.29998779296875,1289.699951171875,232.52000427246097,1651.800048828125,8476.5,402.0499877929687,239.4900054931641,45160.0,601.5999755859375,1257.9000244140625,5402.5,277.45001220703125,392.6499938964844,560.2999877929688,1565.699951171875,1563.5,3753.199951171875,102.86000061035156,785.4500122070312,1826.300048828125,7178.5,286.70001220703125,18815.0,186.7100067138672,1020.25,1565.5999755859375,269.29998779296875,364.75,1366.5,331.8500061035156,123.08999633789062,139.36000061035156,793.4000244140625,1814.5,803.9000244140625,29995.0,584.5999755859375,3190.300048828125,14018.0,444.9500122070313,2903.0,1565.199951171875,4591.2998046875,58.25,425.9500122070313,635.6500244140625,1100.800048828125,5425.5,386.0499877929687,158.38999938964844,681.0999755859375,3111.5,1512.800048828125,3047.5,3620.60009765625,,3582.89990234375,1304.5999755859375,5412.0,3369.60009765625,12730.0,127.66000366210938,1334.0,1309.0,710.6500244140625,499.2000122070313,431.6000061035156,1440.5999755859375,3199.10009765625,250.92999267578125,19.549999237060547,996.0999755859376
2025-09-03,1040.199951171875,5188.39990234375,279.25,763.7000122070312,2288.699951171875,935.7000122070312,1332.4000244140625,5292.0,7641.5,573.75,227.22000122070312,1674.800048828125,7736.0,130.22999572753906,2553.89990234375,1425.699951171875,713.9500122070312,1034.9000244140625,1054.699951171875,9116.0,1966.0999755859373,13023.0,896.2999877929688,164.72999572753906,238.4199981689453,113.56999969482422,1464.699951171875,378.7000122070313,1135.5999755859375,1883.9000244140625,216.97000122070312,361.5499877929687,1960.5999755859373,41100.0,314.8500061035156,5908.0,2214.0,760.719970703125,108.33000183105467,1518.5999755859375,733.2999877929688,1439.800048828125,1578.4000244140625,389.7999877929687,1731.800048828125,2381.89990234375,548.7999877929688,332.6000061035156,3885.199951171875,543.5,2411.60009765625,478.0,6164.0,17759.0,764.4000244140625,4758.5,1262.199951171875,6371.5,326.1000061035156,419.1000061035156,193.22999572753903,956.5999755859376,178.02000427246094,2004.4000244140625,87.37000274658203,1275.5,2011.9000244140625,2781.39990234375,4451.0,1566.0999755859375,1466.0999755859375,2798.75,954.4500122070312,776.4500122070312,5349.0,742.9500122070312,387.25,2664.699951171875,444.6000061035156,216.44000244140625,1397.0,1822.0,609.3499755859375,6.570000171661377,70.58999633789062,142.07000732421875,773.9500122070312,670.5,5740.0,768.0999755859375,324.1499938964844,1479.0999755859375,144.7100067138672,140.49000549316406,145.6999969482422,123.58000183105467,411.75,1028.3499755859375,313.70001220703125,509.0499877929687,1072.199951171875,634.8499755859375,514.0999755859375,6744.0,4021.39990234375,1067.0,392.0400085449219,1216.4000244140625,874.7000122070312,557.0999755859375,870.7000122070312,1201.4000244140625,3600.800048828125,227.1499938964844,,1951.0999755859373,3286.0,288.0,2559.10009765625,734.75,14927.0,1162.0,2715.800048828125,1541.5,1617.4000244140625,96.52999877929688,2892.89990234375,2783.60009765625,207.1199951171875,1366.4000244140625,103.29000091552734,1194.800048828125,79.37999725341797,74.29000091552734,334.25,1306.0,237.7100067138672,1656.699951171875,8412.5,402.75,239.07000732421875,45325.0,605.5,1288.300048828125,5367.0,277.1499938964844,394.2999877929687,553.2000122070312,1512.4000244140625,1556.0,3757.699951171875,104.3000030517578,791.8499755859375,1830.199951171875,7235.0,286.04998779296875,19199.0,201.1600036621093,1025.050048828125,1584.9000244140625,270.0,367.7999877929687,1372.5999755859375,334.6000061035156,129.67999267578125,138.61000061035156,795.3499755859375,1810.699951171875,812.1500244140625,29940.0,586.2999877929688,3211.89990234375,14293.0,450.0,2949.0,1578.699951171875,4631.0,57.9900016784668,430.6000061035156,651.9000244140625,1104.4000244140625,5427.5,389.1499938964844,167.85000610351562,684.7999877929688,3097.5,1508.199951171875,3043.800048828125,3690.60009765625,,3606.699951171875,1314.199951171875,5479.0,3400.300048828125,12733.0,128.4600067138672,1347.0999755859375,1283.199951171875,715.5999755859375,505.25,439.4500122070313,1430.300048828125,3224.0,249.5599975585937,20.350000381469727,1008.2000122070312
2025-09-04,1032.800048828125,5162.7998046875,277.54998779296875,758.3499755859375,2278.800048828125,929.1500244140624,1328.199951171875,5301.5,7698.0,567.7000122070312,225.7100067138672,1672.9000244140625,7900.0,128.00999450683594,2568.60009765625,1421.300048828125,696.25,1036.0,1050.4000244140625,9071.0,2002.199951171875,12981.0,934.75,162.47999572753906,233.94000244140625,112.13999938964844,1431.800048828125,372.5,1131.4000244140625,1880.4000244140625,211.08999633789065,356.8500061035156,1944.0,40740.0,312.8999938964844,6083.0,2219.5,752.9400024414062,106.08000183105467,1509.4000244140625,740.2000122070312,1461.199951171875,1577.800048828125,391.4500122070313,1692.5,2464.60009765625,541.5999755859375,327.8500061035156,3935.60009765625,552.7000122070312,2408.60009765625,470.6499938964844,6133.5,17852.0,758.0999755859375,4829.2998046875,1253.0,6425.0,326.25,405.6499938964844,189.8999938964844,949.7999877929688,174.66000366210938,1990.9000244140625,86.55000305175781,1245.300048828125,2002.800048828125,2809.800048828125,4436.89990234375,1584.699951171875,1443.300048828125,2784.75,961.25,754.25,5351.0,739.0499877929688,384.6000061035156,2666.60009765625,437.5499877929687,214.1999969482422,1405.5,1871.5,599.7999877929688,6.610000133514404,72.2300033569336,142.64999389648438,774.75,664.2000122070312,5695.0,754.8499755859375,324.04998779296875,1463.0,144.25,139.67999267578125,144.00999450683594,121.62999725341795,415.8999938964844,1031.8499755859375,309.45001220703125,502.5,1072.4000244140625,654.2000122070312,501.8999938964844,6768.0,4125.7998046875,1058.0,389.9400024414063,1224.9000244140625,874.0999755859375,554.2999877929688,878.0999755859375,1192.0,3592.60009765625,227.8500061035156,,1939.199951171875,3481.5,284.1000061035156,2568.89990234375,738.5999755859375,14662.0,1160.199951171875,2680.300048828125,1528.699951171875,1566.0,94.31999969482422,2861.199951171875,2826.300048828125,206.6699981689453,1331.800048828125,101.77999877929688,1212.5999755859375,78.08999633789062,73.43000030517578,330.04998779296875,1290.0999755859375,239.52999877929688,1661.9000244140625,8293.5,393.6000061035156,235.72000122070312,44665.0,603.4666748046875,1241.0999755859375,5293.5,274.3999938964844,390.0499877929687,555.0,1501.0999755859375,1559.550048828125,3741.199951171875,103.41999816894533,782.5999755859375,1864.4000244140625,7257.0,281.79998779296875,18925.0,198.97999572753903,1012.5,1554.199951171875,265.79998779296875,364.2999877929687,1359.300048828125,326.95001220703125,127.56999969482422,136.85000610351562,793.1500244140625,1791.0999755859375,809.4000244140625,29945.0,585.7999877929688,3154.39990234375,14059.0,437.9500122070313,2889.89990234375,1582.300048828125,4589.89990234375,57.41999816894531,423.1000061035156,656.7999877929688,1071.0999755859375,5428.0,382.6000061035156,166.80999755859375,676.0499877929688,3095.699951171875,1500.4000244140625,2996.89990234375,3691.10009765625,,3599.300048828125,1294.9000244140625,5529.0,3433.199951171875,12651.0,126.83000183105467,1321.5,1278.699951171875,695.4000244140625,489.5,435.7000122070313,1402.5999755859375,3201.10009765625,244.97000122070312,20.290000915527344,1011.9500122070312
2025-09-05,1037.5999755859375,5117.39990234375,281.1000061035156,755.9500122070312,2281.39990234375,929.3499755859376,1321.800048828125,5333.5,7793.5,566.7000122070312,229.67999267578125,1664.699951171875,7804.5,130.77000427246094,2579.89990234375,1454.9000244140625,694.2999877929688,1044.0999755859375,1055.9000244140625,9084.5,2014.4000244140625,12926.0,937.5999755859376,163.33999633789062,234.2599945068359,112.56999969482422,1443.4000244140625,370.7999877929687,1136.699951171875,1895.300048828125,212.3600006103516,363.7000122070313,1943.5,40910.0,312.5,6076.0,2319.60009765625,766.47998046875,107.13999938964844,1523.4000244140625,736.2999877929688,1490.9000244140625,1553.4000244140625,392.6499938964844,1658.300048828125,2423.300048828125,542.25,327.6000061035156,3936.800048828125,546.7000122070312,2410.300048828125,468.75,6009.0,17855.0,755.5499877929688,4793.2998046875,1268.0999755859375,6580.5,329.1499938964844,412.75,190.52000427246097,947.8499755859376,173.97000122070312,2051.89990234375,85.94999694824219,1231.5,1961.800048828125,2804.0,4404.7998046875,1582.5,1419.0,2786.25,963.4000244140624,759.5499877929688,5363.0,743.7999877929688,383.6000061035156,2633.39990234375,440.1000061035156,215.38999938964844,1402.800048828125,1840.4000244140625,596.75,7.230000019073486,72.5999984741211,141.9499969482422,774.75,664.25,5670.0,757.0499877929688,337.3999938964844,1444.5999755859375,145.82000732421875,139.64999389648438,145.50999450683594,123.45999908447266,407.3500061035156,1034.8499755859375,309.3999938964844,504.1000061035156,1073.0999755859375,656.0,501.9500122070313,6841.5,4037.699951171875,1087.5,389.1000061035156,1233.0,880.6500244140625,554.2000122070312,877.3499755859375,1174.9000244140625,3553.60009765625,230.5099945068359,,1943.9000244140625,3561.300048828125,284.5,2550.60009765625,731.7000122070312,14895.0,1170.0,2670.699951171875,1521.0999755859375,1577.4000244140625,94.5999984741211,2797.39990234375,2837.89990234375,212.13999938964844,1347.0,102.27999877929688,1208.5,77.81999969482422,74.52999877929688,328.70001220703125,1301.9000244140625,242.63999938964844,1628.5999755859375,8280.0,396.3999938964844,234.1300048828125,44285.0,596.4000244140625,1254.699951171875,5132.0,273.20001220703125,394.3999938964844,554.1500244140625,1518.0999755859375,1547.550048828125,3664.0,103.75,791.7000122070312,1822.5,7228.0,285.3500061035156,18850.0,200.6499938964844,1000.25,1510.5,276.0,366.1499938964844,1375.0,329.3999938964844,129.25999450683594,137.7899932861328,791.4500122070312,1805.300048828125,806.5999755859375,30040.0,592.5,3089.10009765625,13915.0,441.1000061035156,2851.800048828125,1593.5999755859375,4577.7001953125,57.869998931884766,439.0499877929687,648.4000244140625,1072.4000244140625,5451.0,385.7999877929687,167.67999267578125,672.0999755859375,3048.300048828125,1477.9000244140625,2990.60009765625,3665.300048828125,,3579.10009765625,1262.9000244140625,5528.5,3476.60009765625,12601.0,127.33999633789062,1312.0999755859375,1298.5999755859375,688.8499755859375,469.6499938964844,445.5,1432.800048828125,3219.5,243.6699981689453,20.440000534057617,1013.8499755859376
2025-09-08,1040.0,5108.2998046875,288.8999938964844,776.25,2310.89990234375,937.2000122070312,1348.300048828125,5333.0,7473.0,570.2999877929688,234.1000061035156,1691.300048828125,7786.5,137.2899932861328,2530.800048828125,1462.0,699.75,1040.199951171875,1055.5,9433.5,2008.4000244140625,12771.0,944.2999877929688,164.5399932861328,234.63999938964844,113.1999969482422,1441.4000244140625,371.8999938964844,1202.800048828125,1887.699951171875,216.67999267578125,364.1499938964844,1884.199951171875,41355.0,316.45001220703125,6115.5,2346.199951171875,769.0599975585938,108.11000061035156,1554.300048828125,746.3499755859375,1494.0,1541.199951171875,387.0499877929687,1662.4000244140625,2388.800048828125,546.4500122070312,327.0,3966.60009765625,546.2000122070312,2410.0,474.3999938964844,6027.5,18006.0,757.5,4714.2001953125,1250.5999755859375,6815.0,329.6499938964844,427.3500061035156,190.6199951171875,942.9000244140624,172.3699951171875,2051.89990234375,86.27999877929688,1229.9000244140625,1964.300048828125,2804.10009765625,4443.60009765625,1579.199951171875,1403.0,2856.25,966.0,753.75,5443.0,738.75,393.8999938964844,2623.89990234375,435.6000061035156,217.07000732421875,1402.699951171875,1833.0,593.1500244140625,7.289999961853027,72.2699966430664,142.3000030517578,777.7000122070312,670.4500122070312,5696.5,750.75,344.1000061035156,1432.9000244140625,147.3300018310547,140.89999389648438,145.5500030517578,124.56999969482422,407.5499877929687,1041.550048828125,311.1000061035156,510.2000122070313,1101.4000244140625,659.7999877929688,505.9500122070313,7041.5,4055.699951171875,1098.9000244140625,390.0199890136719,1230.9000244140625,895.2000122070312,559.6500244140625,876.5499877929688,1181.5999755859375,3529.60009765625,233.57000732421875,,1947.199951171875,3561.300048828125,292.1000061035156,2579.39990234375,730.5999755859375,15258.0,1149.5999755859375,2665.0,1526.300048828125,1583.800048828125,98.56999969482422,2787.10009765625,2900.89990234375,210.5599975585937,1337.0,102.54000091552734,1187.699951171875,78.63999938964844,74.51000213623047,326.70001220703125,1285.800048828125,247.27999877929688,1623.300048828125,8300.5,391.9500122070313,232.52999877929688,44280.0,599.3333129882812,1253.0,5011.0,274.04998779296875,395.1499938964844,551.75,1529.699951171875,1551.9000244140625,3697.699951171875,104.20999908447266,799.8499755859375,1786.4000244140625,7324.5,282.79998779296875,18851.0,198.94000244140625,995.0499877929688,1538.5999755859375,273.0,369.0,1378.5,332.20001220703125,131.4499969482422,137.72000122070312,803.8499755859375,1780.9000244140625,808.7999877929688,30485.0,596.75,3121.60009765625,13935.0,454.3500061035156,2887.199951171875,1581.0,4462.0,57.45000076293945,443.1499938964844,649.5,1074.199951171875,5469.5,383.25,168.82000732421875,678.2000122070312,3019.0,1460.699951171875,3072.300048828125,3658.0,,3612.89990234375,1259.800048828125,5315.5,3591.300048828125,12664.0,128.0500030517578,1296.0,1309.9000244140625,705.7999877929688,474.0499877929687,434.3999938964844,1419.199951171875,3177.5,242.52000427246097,20.18000030517578,1009.6500244140624
2025-09-09,1043.9000244140625,5131.89990234375,289.70001220703125,794.1500244140625,2311.60009765625,943.7000122070312,1380.9000244140625,5336.0,7817.0,567.5999755859375,233.6000061035156,1694.9000244140625,7825.5,135.05999755859375,2537.300048828125,1462.0,697.4500122070312,1043.9000244140625,1052.199951171875,9383.0,2025.300048828125,13064.0,948.4000244140624,163.4600067138672,234.4900054931641,112.7699966430664,1423.9000244140625,371.9500122070313,1181.699951171875,1893.699951171875,214.52000427246097,364.5,1887.0,41495.0,313.95001220703125,6142.5,2353.199951171875,770.52001953125,108.04000091552734,1548.9000244140625,740.0999755859375,1507.0999755859375,1551.5999755859375,387.9500122070313,1696.5999755859375,2398.89990234375,541.5499877929688,321.95001220703125,4012.0,544.25,2410.60009765625,463.9500122070313,6002.5,18002.0,751.0999755859375,4759.7998046875,1291.300048828125,6874.5,325.70001220703125,426.75,191.6300048828125,949.5999755859376,172.9600067138672,2116.300048828125,86.81999969482422,1244.9000244140625,1949.699951171875,2795.89990234375,4454.0,1587.0999755859375,1427.0999755859375,2826.25,965.1500244140624,761.0999755859375,5423.5,742.9000244140625,389.8999938964844,2642.0,433.4500122070313,215.8500061035156,1403.699951171875,1834.9000244140625,598.1500244140625,7.269999980926514,73.52999877929688,142.86000061035156,775.5,670.0,5637.5,746.1500244140625,346.8999938964844,1504.300048828125,146.75,140.94000244140625,145.08999633789062,124.81999969482422,410.0499877929687,1034.0999755859375,307.95001220703125,506.1000061035156,1104.5,663.7999877929688,500.25,7100.5,4027.199951171875,1099.4000244140625,392.0799865722656,1240.4000244140625,902.2999877929688,557.5499877929688,874.7000122070312,1172.4000244140625,3525.0,233.97000122070312,,1957.300048828125,3696.300048828125,291.6000061035156,2589.300048828125,732.5,15365.0,1152.9000244140625,2684.0,1522.300048828125,1597.5,98.81999969482422,2853.300048828125,2942.39990234375,206.6199951171875,1349.5,102.6500015258789,1202.199951171875,78.56999969482422,74.66000366210938,324.1000061035156,1274.5999755859375,241.4900054931641,1617.4000244140625,8413.0,392.5499877929687,231.3300018310547,44310.0,600.7000122070312,1219.0999755859375,5131.0,273.1000061035156,392.8999938964844,566.25,1555.5,1550.050048828125,3695.5,104.27999877929688,800.4000244140625,1807.4000244140625,7193.0,283.8500061035156,18846.0,198.1699981689453,998.5499877929688,1542.699951171875,273.45001220703125,368.1000061035156,1376.199951171875,332.3999938964844,129.4499969482422,136.32000732421875,819.3499755859375,1805.699951171875,808.8499755859375,30190.0,595.0,3190.10009765625,13882.0,445.5,2934.0,1591.699951171875,4378.5,57.060001373291016,436.6499938964844,644.5999755859375,1083.5,5553.5,384.6499938964844,169.14999389648438,679.5499877929688,3049.39990234375,1498.199951171875,3151.5,3630.10009765625,,3643.300048828125,1243.9000244140625,5218.5,3566.300048828125,12572.0,127.23999786376952,1304.4000244140625,1283.9000244140625,704.0,474.5,432.7999877929687,1412.300048828125,3259.10009765625,249.1499938964844,20.34000015258789,1035.5999755859375
2025-09-10,1078.0,5161.89990234375,287.6499938964844,811.75,2340.199951171875,963.3499755859376,1389.0999755859375,5320.5,7869.0,566.8499755859375,233.6600036621093,1695.699951171875,7929.0,134.00999450683594,2543.300048828125,1438.4000244140625,713.7999877929688,1050.300048828125,1070.0999755859375,9244.0,2038.199951171875,13054.0,967.9500122070312,166.8000030517578,238.0099945068359,117.48999786376952,1496.699951171875,388.0499877929687,1199.9000244140625,1891.4000244140625,220.02999877929688,364.2000122070313,1889.699951171875,41005.0,317.95001220703125,6199.0,2266.5,778.219970703125,110.63999938964844,1548.800048828125,768.9500122070312,1522.4000244140625,1563.800048828125,391.8999938964844,1768.5999755859375,2407.39990234375,544.9500122070312,317.79998779296875,4021.300048828125,547.5,2401.5,464.3500061035156,6031.5,17897.0,754.2999877929688,4631.2998046875,1304.199951171875,6836.5,324.3999938964844,422.25,196.0800018310547,967.1500244140624,173.89999389648438,2130.89990234375,87.12999725341797,1256.199951171875,1989.0999755859373,2785.800048828125,4557.5,1575.4000244140625,1463.9000244140625,2902.25,965.9000244140624,777.5999755859375,5350.5,743.1500244140625,392.4500122070313,2643.5,432.8500061035156,216.3800048828125,1403.9000244140625,1855.199951171875,602.25,7.320000171661377,72.69000244140625,144.74000549316406,775.5,692.4000244140625,5619.0,751.25,349.29998779296875,1532.5999755859375,149.22000122070312,141.13999938964844,147.57000732421875,126.18000030517578,413.0499877929687,1039.5999755859375,310.04998779296875,519.0,1101.199951171875,657.0499877929688,507.0499877929687,7097.5,4081.89990234375,1115.9000244140625,394.6600036621094,1288.5,896.4000244140625,560.7999877929688,877.6500244140625,1181.5999755859375,3550.0,232.72000122070312,,1979.699951171875,3604.39990234375,288.0,2608.5,734.5499877929688,15108.0,1180.699951171875,2755.300048828125,1523.800048828125,1609.4000244140625,100.5999984741211,2968.39990234375,2898.10009765625,209.1300048828125,1385.800048828125,105.5199966430664,1217.5,79.55999755859375,75.27999877929688,325.6499938964844,1275.5999755859375,238.72000122070312,1611.699951171875,9264.5,390.7000122070313,231.7400054931641,44425.0,600.6666870117188,1237.5999755859375,5419.0,275.70001220703125,398.0,572.2999877929688,1561.199951171875,1535.300048828125,3707.199951171875,106.26000213623048,808.7999877929688,1829.4000244140625,7209.0,282.95001220703125,19675.0,199.1999969482422,1041.800048828125,1561.9000244140625,272.3999938964844,370.9500122070313,1377.0,333.45001220703125,129.72000122070312,136.74000549316406,854.4000244140625,1833.699951171875,818.2000122070312,29890.0,604.7999877929688,3142.699951171875,14017.0,450.0499877929687,2978.199951171875,1593.4000244140625,4282.5,57.56999969482422,423.8999938964844,652.5499877929688,1101.0,5843.5,386.5,169.42999267578125,704.8499755859375,3110.0,1526.0,3235.10009765625,3620.60009765625,,3591.699951171875,1262.9000244140625,5193.0,3495.300048828125,12478.0,132.50999450683594,1303.5,1269.800048828125,696.9500122070312,475.7999877929687,433.7000122070313,1394.9000244140625,3477.800048828125,255.75,20.770000457763672,1039.5999755859375
2025-09-11,1057.0999755859375,5218.10009765625,290.0,813.7000122070312,2398.800048828125,976.3499755859376,1393.0999755859375,5393.5,7897.5,560.4000244140625,221.6000061035156,1681.699951171875,7879.5,133.55999755859375,2555.89990234375,1440.4000244140625,710.9500122070312,1109.199951171875,1087.4000244140625,9113.5,2037.800048828125,13099.0,970.25,166.58999633789062,238.27000427246097,118.0999984741211,1481.5999755859375,385.1499938964844,1211.9000244140625,1913.0,229.0800018310547,364.0499877929687,1886.800048828125,40655.0,320.0,6300.5,2162.800048828125,770.0999755859375,112.06999969482422,1531.9000244140625,785.2000122070312,1495.699951171875,1560.800048828125,393.3500061035156,1771.0,2374.60009765625,550.0,315.20001220703125,4039.699951171875,544.0999755859375,2409.800048828125,470.2999877929687,6015.5,18041.0,756.3499755859375,4589.7001953125,1303.0999755859375,6758.0,328.1000061035156,422.7000122070313,196.6499938964844,965.9500122070312,179.00999450683594,2127.699951171875,87.25,1266.5,1993.0,2799.0,4581.2001953125,1574.4000244140625,1467.699951171875,2899.5,967.7999877929688,774.25,5302.0,742.6500244140625,397.7999877929687,2622.0,446.25,216.47000122070312,1401.5999755859375,1870.9000244140625,598.4500122070312,7.409999847412109,72.44000244140625,143.4199981689453,773.9500122070312,695.8499755859375,5667.0,748.5999755859375,353.25,1509.699951171875,148.47999572753906,143.92999267578125,146.6300048828125,125.52999877929688,415.0499877929687,1040.4000244140625,310.70001220703125,521.5499877929688,1099.0,651.6500244140625,505.7999877929687,7120.5,4084.0,1106.9000244140625,394.4599914550781,1261.300048828125,895.5999755859375,562.7000122070312,877.0999755859375,1179.5999755859375,3539.699951171875,233.5099945068359,,1988.0,3595.699951171875,287.20001220703125,2599.0,734.0999755859375,15095.0,1179.300048828125,2794.5,1514.0999755859375,1605.4000244140625,100.66999816894533,2925.5,2877.39990234375,214.3999938964844,1371.9000244140625,107.80999755859376,1220.800048828125,82.27999877929688,75.87000274658203,331.04998779296875,1233.9000244140625,237.8300018310547,1603.800048828125,9137.5,394.6499938964844,233.7599945068359,44265.0,598.9000244140625,1224.0,5407.5,278.75,399.5499877929687,570.0499877929688,1552.0,1539.9000244140625,3741.10009765625,107.76000213623048,812.3499755859375,1811.300048828125,7233.5,286.79998779296875,19450.0,200.1600036621093,1067.050048828125,1558.9000244140625,270.04998779296875,374.6499938964844,1383.300048828125,335.1499938964844,131.82000732421875,136.92999267578125,853.75,1814.199951171875,823.6500244140625,29830.0,620.0499877929688,3185.300048828125,13985.0,439.9500122070313,2985.5,1609.699951171875,4353.2998046875,56.93999862670898,423.7000122070313,661.0,1105.300048828125,5752.5,388.1000061035156,169.41000366210938,702.0999755859375,3124.199951171875,1521.199951171875,3211.300048828125,3584.199951171875,,3583.60009765625,1268.300048828125,5171.0,3512.10009765625,12392.0,133.72000122070312,1319.0,1282.199951171875,701.6500244140625,474.6499938964844,437.7000122070313,1395.300048828125,3739.800048828125,253.9100036621093,20.979999542236328,1043.5999755859375
2025-09-12,1068.800048828125,5248.60009765625,291.5,829.9000244140625,2392.0,981.7000122070312,1393.0999755859375,5448.0,7936.0,560.5499877929688,222.22999572753903,1703.300048828125,7874.5,134.08999633789062,2546.300048828125,1461.0999755859375,706.6500244140625,1094.4000244140625,1105.300048828125,8999.5,2081.5,13211.0,1003.25,164.8699951171875,237.47999572753903,117.33999633789062,1566.5,399.2999877929687,1223.0,1902.5999755859373,228.72000122070312,365.2000122070313,1884.9000244140625,39885.0,318.0,6247.0,2201.199951171875,771.760009765625,110.95999908447266,1545.800048828125,785.4000244140625,1512.300048828125,1574.5999755859375,394.3500061035156,1764.0,2353.699951171875,550.0499877929688,314.45001220703125,4030.39990234375,538.8499755859375,2411.39990234375,467.75,6026.5,18103.0,758.4000244140625,4616.60009765625,1316.699951171875,6875.0,321.3999938964844,418.5499877929687,194.3600006103516,970.0,178.5500030517578,2132.5,88.12999725341797,1249.699951171875,1998.9000244140625,2802.0,4745.60009765625,1572.5999755859375,1467.199951171875,2899.25,967.2999877929688,779.6500244140625,5301.5,758.0499877929688,398.75,2580.5,462.9500122070313,216.47999572753903,1417.699951171875,1893.5999755859373,600.7999877929688,7.659999847412109,72.04000091552734,144.83999633789062,777.7000122070312,697.75,5727.5,740.5,361.8500061035156,1525.5999755859375,148.9199981689453,142.61000061035156,147.35000610351562,126.2300033569336,413.75,1035.949951171875,311.20001220703125,525.75,1099.0,635.1500244140625,502.75,7171.5,4125.89990234375,1107.300048828125,394.4599914550781,1252.9000244140625,896.0499877929688,567.0999755859375,874.75,1168.300048828125,3579.800048828125,234.9600067138672,,2043.4000244140625,3589.89990234375,291.20001220703125,2579.60009765625,734.5499877929688,15325.0,1184.199951171875,2924.699951171875,1545.699951171875,1586.699951171875,104.69000244140624,2904.199951171875,2926.199951171875,218.3000030517578,1360.5999755859375,106.48999786376952,1217.5999755859375,83.5,76.47000122070312,331.70001220703125,1288.699951171875,239.1699981689453,1601.9000244140625,8979.0,398.3999938964844,233.25,44130.0,592.7000122070312,1219.0,5411.0,277.95001220703125,395.7000122070313,569.9000244140625,1560.0999755859375,1539.449951171875,3701.0,107.30999755859376,830.1500244140625,1803.800048828125,7254.5,287.6499938964844,19911.0,200.6699981689453,1055.199951171875,1549.699951171875,272.6000061035156,373.2999877929687,1395.0,338.1000061035156,132.25999450683594,136.1999969482422,856.1500244140625,1830.199951171875,823.5499877929688,29580.0,632.8499755859375,3202.0,14403.0,428.2999877929687,2971.699951171875,1616.5999755859375,4532.7001953125,57.11000061035156,420.5499877929687,664.1500244140625,1103.9000244140625,5721.5,386.25,169.77999877929688,702.0999755859375,3133.39990234375,1525.5,3231.199951171875,3571.89990234375,,3566.199951171875,1267.800048828125,5130.0,3492.39990234375,12370.0,133.8800048828125,1309.699951171875,1281.0,693.0999755859375,469.7999877929687,450.8999938964844,1403.5999755859375,3634.199951171875,251.94000244140625,20.86000061035156,1044.75
2025-09-15,1079.0,5338.7998046875,290.70001220703125,837.1500244140625,2383.39990234375,986.7000122070312,1395.199951171875,5500.5,8080.0,568.75,225.1999969482422,1700.5999755859375,7816.5,133.94000244140625,2502.60009765625,1458.5,713.4000244140625,1100.0999755859375,1104.4000244140625,9025.0,2080.0,13198.0,1009.8499755859376,162.13999938964844,239.0500030517578,117.98999786376952,1604.699951171875,398.4500122070313,1237.199951171875,1904.5,229.6699981689453,358.25,1889.0999755859373,39445.0,317.75,6212.0,2227.39990234375,771.97998046875,112.51000213623048,1553.5999755859375,791.3499755859375,1517.699951171875,1548.300048828125,394.75,1754.300048828125,2365.60009765625,556.0,311.8500061035156,4050.800048828125,540.9000244140625,2415.0,470.9500122070313,6057.0,17985.0,775.7000122070312,4651.0,1300.800048828125,6801.0,323.29998779296875,415.6499938964844,196.27000427246097,977.6500244140624,179.92999267578125,2099.5,89.16999816894531,1257.5999755859375,2036.5999755859373,2802.39990234375,4795.2001953125,1595.199951171875,1466.5,2872.0,967.0499877929688,777.2000122070312,5288.5,753.6500244140625,399.8500061035156,2581.0,460.1499938964844,223.0599975585937,1419.4000244140625,1900.199951171875,605.2000122070312,8.140000343322754,71.62000274658203,147.2100067138672,790.8499755859375,696.5499877929688,5728.5,739.9000244140625,359.29998779296875,1508.4000244140625,151.32000732421875,143.99000549316406,152.3699951171875,128.17999267578125,412.6499938964844,1046.300048828125,315.3500061035156,532.0,1100.9000244140625,631.7999877929688,504.75,7130.0,4095.89990234375,1099.5999755859375,394.1600036621094,1251.800048828125,895.0,571.75,883.7000122070312,1187.800048828125,3586.199951171875,237.1000061035156,,2046.0,3530.300048828125,291.29998779296875,2585.39990234375,727.5,15265.0,1175.4000244140625,2924.89990234375,1551.300048828125,1581.199951171875,107.80999755859376,2939.199951171875,2937.0,216.7899932861328,1362.800048828125,107.66000366210938,1212.5,86.61000061035156,75.51000213623047,331.1000061035156,1281.9000244140625,240.97999572753903,1640.0,8970.5,394.9500122070313,232.2599945068359,44340.0,599.0,1228.0,5363.5,277.75,401.8500061035156,573.2000122070312,1587.5999755859375,1537.050048828125,3723.10009765625,108.51000213623048,835.2999877929688,1806.9000244140625,7250.0,286.25,20180.0,203.69000244140625,1051.4000244140625,1594.199951171875,271.3500061035156,378.4500122070313,1399.300048828125,347.25,132.7899932861328,135.80999755859375,900.0499877929688,1822.199951171875,824.75,29275.0,623.6500244140625,3293.699951171875,14484.0,434.0,2948.699951171875,1602.0,4496.0,58.06999969482422,424.8500061035156,670.7999877929688,1102.5999755859375,5685.0,388.0,169.22999572753906,711.4500122070312,3111.89990234375,1519.800048828125,3354.10009765625,3534.10009765625,,3531.60009765625,1267.300048828125,5133.0,3477.39990234375,12435.0,134.63999938964844,1315.300048828125,1301.5,693.5999755859375,471.6499938964844,454.3999938964844,1415.800048828125,3581.10009765625,251.27999877929688,21.01000022888184,1036.9000244140625
2025-09-16,1091.0999755859375,5349.0,289.95001220703125,836.5499877929688,2399.39990234375,987.8499755859376,1408.199951171875,5503.0,8298.0,573.6500244140625,223.0399932861328,1697.5999755859375,7852.5,134.5399932861328,2480.89990234375,1476.800048828125,711.2000122070312,1091.5999755859375,1121.199951171875,9072.5,2080.300048828125,13525.0,1003.25,162.6699981689453,240.5800018310547,117.52999877929688,1605.0,402.8999938964844,1263.199951171875,1939.5,232.19000244140625,360.20001220703125,1924.0999755859373,39920.0,318.25,6202.5,2199.300048828125,778.0599975585938,113.2300033569336,1549.4000244140625,792.2000122070312,1583.0999755859375,1559.0,395.7999877929687,1779.5999755859375,2355.800048828125,564.1500244140625,313.95001220703125,4111.0,535.7000122070312,2427.89990234375,475.6000061035156,6099.5,18110.0,786.75,4696.2001953125,1310.4000244140625,6927.5,327.29998779296875,418.2000122070313,196.4100036621093,966.6500244140624,182.2400054931641,2077.0,92.83999633789062,1229.4000244140625,2061.0,2843.0,4840.0,1614.800048828125,1483.0999755859375,2889.75,966.8499755859376,774.3499755859375,5316.0,755.9500122070312,402.0,2580.89990234375,462.25,224.1699981689453,1421.5999755859375,1912.5,603.7000122070312,7.940000057220459,71.55000305175781,147.3800048828125,778.6500244140625,694.8499755859375,5727.5,742.25,357.6000061035156,1511.300048828125,151.3000030517578,144.97999572753906,152.94000244140625,128.9600067138672,413.1000061035156,1053.3499755859375,315.45001220703125,540.0499877929688,1115.199951171875,632.9500122070312,508.5499877929687,7183.0,4179.7001953125,1100.300048828125,404.3399963378906,1248.199951171875,894.8499755859375,570.0499877929688,882.5499877929688,1200.699951171875,3667.800048828125,241.02999877929688,,2051.800048828125,3608.0,296.1000061035156,2569.800048828125,723.9000244140625,15573.0,1158.699951171875,2946.0,1529.0999755859375,1564.0999755859375,109.88999938964844,2950.699951171875,2988.39990234375,216.47999572753903,1352.4000244140625,109.58999633789062,1204.199951171875,88.61000061035156,75.44000244140625,335.04998779296875,1275.699951171875,243.7400054931641,1643.0,9142.5,398.8500061035156,235.08999633789065,45335.0,600.2999877929688,1231.300048828125,5490.5,279.29998779296875,403.0499877929687,569.9000244140625,1616.0,1537.0,3711.800048828125,108.44000244140624,830.9500122070312,1822.0,7395.0,288.3500061035156,19978.0,205.6300048828125,1081.3499755859375,1625.199951171875,267.29998779296875,380.5,1405.300048828125,354.8999938964844,132.94000244140625,136.13999938964844,896.5499877929688,1818.800048828125,831.5499877929688,29575.0,618.0999755859375,3313.800048828125,14609.0,432.5499877929687,2951.800048828125,1610.5,4593.89990234375,58.97999954223633,437.2000122070313,657.25,1092.0999755859375,5707.0,396.0499877929687,172.02000427246094,711.2000122070312,3145.699951171875,1531.5,3404.39990234375,3556.800048828125,,3535.5,1261.9000244140625,5147.5,3499.89990234375,12578.0,134.2899932861328,1330.0,1321.0999755859375,702.7000122070312,462.8999938964844,461.2999877929687,1414.5999755859375,3579.0,254.0099945068359,21.01000022888184,1034.5
2025-09-17,1103.0,5385.7998046875,283.95001220703125,826.4500122070312,2402.0,979.4500122070312,1406.0999755859375,5472.5,8287.5,582.0499877929688,224.8500061035156,1689.199951171875,7888.0,136.77000427246094,2493.60009765625,1459.699951171875,708.75,1095.699951171875,1126.0,9084.0,2057.0,13663.0,1007.5,164.27999877929688,245.88999938964844,119.63999938964844,1624.5999755859375,412.2000122070313,1268.5999755859375,1941.300048828125,234.32000732421875,354.3500061035156,1940.199951171875,39775.0,323.54998779296875,6097.5,2209.800048828125,802.739990234375,116.25,1568.9000244140625,791.9500122070312,1573.4000244140625,1559.5999755859375,399.75,1791.9000244140625,2347.800048828125,562.25,315.04998779296875,4125.39990234375,535.1500244140625,2476.199951171875,482.6000061035156,6051.5,18110.0,786.4500122070312,4717.2998046875,1311.4000244140625,6890.5,328.25,418.7999877929687,198.97000122070312,962.5999755859376,181.6000061035156,2042.4000244140625,91.87999725341795,1243.4000244140625,2081.5,2865.39990234375,4890.2001953125,1593.5,1481.5,2904.0,966.5,768.0499877929688,5350.0,750.0999755859375,405.6499938964844,2569.699951171875,459.4500122070313,224.7599945068359,1419.199951171875,1872.0999755859373,600.0999755859375,7.769999980926514,71.83999633789062,148.44000244140625,780.25,703.75,5746.5,739.0499877929688,354.25,1522.4000244140625,150.39999389648438,145.94000244140625,153.97000122070312,129.3300018310547,409.2999877929687,1033.6500244140625,315.8500061035156,535.0,1111.0,627.7000122070312,522.7999877929688,7257.5,4142.2001953125,1117.5999755859375,410.05999755859375,1296.9000244140625,893.9500122070312,572.0,885.3499755859375,1204.5999755859375,3685.5,242.88999938964844,,2031.199951171875,3633.199951171875,292.8500061035156,2570.199951171875,711.9000244140625,15801.0,1153.800048828125,2997.0,1583.699951171875,1538.0,109.33999633789062,2978.10009765625,2942.10009765625,213.2599945068359,1375.0,110.01000213623048,1204.300048828125,87.20999908447266,75.69000244140625,336.3999938964844,1273.0,242.63999938964844,1656.699951171875,9125.0,403.5499877929687,236.8800048828125,45355.0,602.2999877929688,1222.0999755859375,5535.5,280.8999938964844,404.7999877929687,569.0499877929688,1613.699951171875,1531.0,3753.0,111.97000122070312,840.5999755859375,1795.0,7359.0,287.1499938964844,20109.0,203.1300048828125,1078.300048828125,1654.300048828125,264.3999938964844,384.3999938964844,1413.800048828125,360.7999877929687,132.75,135.07000732421875,893.2999877929688,1804.0,857.1500244140625,29685.0,623.25,3322.699951171875,14820.0,434.6000061035156,2948.0,1620.199951171875,4508.5,59.290000915527344,440.9500122070313,651.2000122070312,1136.300048828125,5683.0,394.6499938964844,171.36000061035156,714.0,3172.800048828125,1547.199951171875,3387.0,3523.0,,3548.300048828125,1265.5999755859375,5197.5,3500.10009765625,12721.0,137.02999877929688,1337.0999755859375,1303.5,704.6500244140625,471.0499877929687,456.1499938964844,1411.9000244140625,3603.89990234375,254.1499938964844,21.14999961853028,1033.800048828125
2025-09-18,1102.0999755859375,5436.0,290.8999938964844,837.5999755859375,2402.0,978.9000244140624,1412.800048828125,5479.5,8261.0,581.0,226.5599975585937,1696.9000244140625,7850.5,138.75999450683594,2478.699951171875,1459.199951171875,719.6500244140625,1128.9000244140625,1133.0,9075.0,2069.199951171875,13467.0,996.5,166.91000366210938,248.9499969482422,119.01000213623048,1610.199951171875,409.8999938964844,1268.5999755859375,1941.0999755859373,234.4900054931641,368.3999938964844,1961.0,39885.0,325.70001220703125,6100.5,2198.300048828125,815.0399780273438,115.41000366210938,1588.300048828125,784.5499877929688,1586.5999755859375,1578.199951171875,393.1499938964844,1824.5,2365.60009765625,561.0999755859375,316.8500061035156,4101.0,536.2999877929688,2448.199951171875,484.5,6112.0,18331.0,783.0999755859375,4760.2998046875,1322.699951171875,6924.5,337.8500061035156,425.1499938964844,198.42999267578125,968.4000244140624,180.9499969482422,2108.39990234375,91.7699966430664,1238.4000244140625,2087.60009765625,2878.800048828125,4856.7998046875,1594.300048828125,1493.800048828125,2925.0,976.9000244140624,784.5999755859375,5370.0,750.1500244140625,408.6000061035156,2586.800048828125,454.8500061035156,223.02999877929688,1421.699951171875,1885.5999755859373,605.0,7.840000152587891,71.94999694824219,148.61000061035156,782.0499877929688,699.25,5715.5,735.4500122070312,354.29998779296875,1540.5999755859375,148.6999969482422,147.14999389648438,155.52999877929688,129.2899932861328,411.5499877929687,1047.6500244140625,317.3500061035156,537.7999877929688,1121.0999755859375,626.4500122070312,515.0,7227.5,4149.39990234375,1144.800048828125,410.9200134277344,1301.4000244140625,923.25,593.2000122070312,889.4000244140625,1204.699951171875,3686.0,247.3699951171875,,2046.5999755859373,3642.199951171875,292.25,2638.300048828125,719.75,15817.0,1173.4000244140625,2984.60009765625,1599.800048828125,1555.4000244140625,108.9800033569336,3000.60009765625,2957.60009765625,213.8000030517578,1384.800048828125,109.8000030517578,1209.0999755859375,87.08999633789062,76.7300033569336,336.95001220703125,1280.800048828125,245.92999267578125,1658.199951171875,9175.0,399.1499938964844,235.58999633789065,44265.0,606.0,1229.300048828125,5567.5,279.6499938964844,408.0,567.4000244140625,1626.199951171875,1527.0999755859375,3705.699951171875,111.86000061035156,861.2999877929688,1789.5999755859375,7440.5,289.1000061035156,19379.0,203.3300018310547,1052.0,1629.0,271.20001220703125,384.3999938964844,1415.0,362.5,133.17999267578125,139.19000244140625,891.7000122070312,1821.800048828125,854.3499755859375,29960.0,626.9000244140625,3317.800048828125,14617.0,440.6000061035156,2937.5,1648.5999755859375,4475.2998046875,59.08000183105469,444.5,657.9500122070312,1129.300048828125,5733.5,393.1000061035156,172.02999877929688,717.4000244140625,3176.699951171875,1550.699951171875,3389.89990234375,3511.300048828125,,3567.39990234375,1284.5,5144.0,3546.60009765625,12626.0,136.58999633789062,1327.4000244140625,1312.5999755859375,698.9500122070312,473.5499877929687,455.6499938964844,1426.199951171875,3500.39990234375,256.92999267578125,21.06999969482422,1047.8499755859375
2025-09-19,1080.800048828125,5436.89990234375,289.1499938964844,877.1500244140625,2524.0,1030.699951171875,1427.800048828125,5541.5,8286.5,582.4500122070312,226.6600036621093,1691.0999755859375,7806.5,140.88999938964844,2481.699951171875,1452.4000244140625,718.7000122070312,1119.199951171875,1135.9000244140625,8971.5,2067.300048828125,13206.0,992.4500122070312,167.0800018310547,252.0800018310547,120.47000122070312,1631.5999755859375,408.8999938964844,1272.699951171875,1962.4000244140625,237.1699981689453,369.2000122070313,1963.800048828125,39790.0,329.54998779296875,6069.5,2182.60009765625,820.1799926757812,117.76000213623048,1582.0,779.4000244140625,1590.9000244140625,1575.800048828125,394.5,1795.300048828125,2337.89990234375,553.75,313.95001220703125,4080.39990234375,535.4500122070312,2409.89990234375,478.7999877929687,6200.0,18177.0,777.7000122070312,4775.2998046875,1321.699951171875,6973.5,336.54998779296875,414.5,197.9199981689453,953.9500122070312,181.6499938964844,2085.199951171875,92.52999877929688,1238.9000244140625,2145.199951171875,2877.89990234375,4916.2001953125,1590.800048828125,1467.4000244140625,2928.25,966.9000244140624,782.2000122070312,5408.0,743.2999877929688,413.0499877929687,2559.60009765625,453.0499877929687,229.0399932861328,1402.199951171875,1866.0,602.5499877929688,8.399999618530273,71.75,149.02999877929688,775.5499877929688,701.5,5679.0,744.4000244140625,356.8500061035156,1540.199951171875,151.33999633789062,148.5,160.8699951171875,129.69000244140625,410.6499938964844,1046.0,317.0,545.5,1122.800048828125,626.4000244140625,511.3999938964844,7151.5,4200.0,1149.9000244140625,406.2000122070313,1285.199951171875,932.0999755859376,592.7999877929688,893.5499877929688,1216.0999755859375,3675.39990234375,246.6999969482422,,2055.60009765625,3592.10009765625,286.5,2660.60009765625,720.1500244140625,15864.0,1159.699951171875,2985.0,1610.300048828125,1561.699951171875,109.08000183105467,2993.800048828125,2934.89990234375,211.6000061035156,1376.0999755859375,110.80999755859376,1194.5,87.81999969482422,76.52999877929688,338.6499938964844,1281.199951171875,243.6199951171875,1670.199951171875,9018.0,404.0499877929687,236.69000244140625,43570.0,608.9000244140625,1177.199951171875,5506.0,278.3999938964844,409.1000061035156,571.1500244140625,1629.800048828125,1524.1500244140625,3731.199951171875,113.3000030517578,869.4500122070312,1809.5999755859373,7549.0,286.20001220703125,19025.0,208.27999877929688,1051.300048828125,1618.699951171875,271.0,384.5,1407.4000244140625,363.4500122070313,136.1999969482422,143.2100067138672,871.6500244140625,1841.699951171875,862.3499755859375,29880.0,633.2000122070312,3325.89990234375,14672.0,436.2000122070313,2937.199951171875,1656.0,4411.39990234375,60.400001525878906,458.4500122070313,665.4500122070312,1126.800048828125,5722.5,396.2999877929687,171.47999572753906,724.4000244140625,3169.199951171875,1553.800048828125,3329.699951171875,3467.199951171875,,3629.199951171875,1264.5,5080.0,3529.39990234375,12508.0,140.3000030517578,1328.199951171875,1319.699951171875,691.0999755859375,474.4500122070313,455.6000061035156,1419.9000244140625,3526.300048828125,255.8800048828125,21.170000076293945,1037.300048828125
2025-09-22,1050.4000244140625,5362.7998046875,288.1499938964844,937.4000244140624,2629.5,1152.1500244140625,1444.199951171875,5495.0,8310.5,590.2999877929688,224.8000030517578,1679.300048828125,7739.0,139.4199981689453,2482.699951171875,1438.4000244140625,706.0499877929688,1117.4000244140625,1144.4000244140625,9054.5,2069.5,13279.0,1006.5,163.19000244140625,251.13999938964844,120.52999877929688,1627.699951171875,406.3999938964844,1256.0,1956.199951171875,239.6000061035156,362.1499938964844,1996.800048828125,39570.0,325.3999938964844,6056.5,2156.199951171875,802.7999877929688,118.87000274658205,1558.5,770.2000122070312,1630.0,1542.199951171875,394.7000122070313,1716.9000244140625,2344.800048828125,550.1500244140625,308.75,3990.10009765625,522.0499877929688,2378.5,467.8999938964844,6092.5,18082.0,773.75,4671.2001953125,1301.4000244140625,6946.0,341.8500061035156,403.8500061035156,195.0,966.25,180.9499969482422,2017.800048828125,91.16999816894533,1232.199951171875,2103.699951171875,2854.10009765625,4808.7001953125,1581.300048828125,1439.9000244140625,2913.75,964.2000122070312,787.7999877929688,5429.5,745.7000122070312,412.75,2572.199951171875,459.25,239.9600067138672,1401.5,1886.300048828125,609.5,8.390000343322754,70.91999816894531,146.08999633789062,769.4000244140625,704.5499877929688,5747.5,734.2999877929688,356.0,1499.5,152.42999267578125,148.3000030517578,159.05999755859375,128.5399932861328,406.9500122070313,1032.449951171875,313.8500061035156,542.9500122070312,1117.0,622.7999877929688,505.25,7083.5,4131.39990234375,1093.9000244140625,404.3399963378906,1262.4000244140625,903.7999877929688,587.2999877929688,904.5,1212.300048828125,3644.5,248.08999633789065,,2004.4000244140625,3584.800048828125,293.8999938964844,2594.89990234375,716.8499755859375,15816.0,1171.5999755859375,2976.39990234375,1597.9000244140625,1556.699951171875,109.9499969482422,2852.39990234375,3047.60009765625,210.94000244140625,1417.699951171875,114.9499969482422,1188.300048828125,87.7300033569336,76.86000061035156,339.20001220703125,1256.0999755859375,242.3999938964844,1673.9000244140625,9056.5,409.25,237.47000122070312,43405.0,597.4000244140625,1196.199951171875,5271.0,275.8999938964844,408.8500061035156,561.0,1638.300048828125,1519.0,3668.89990234375,113.04000091552734,859.0499877929688,1796.5999755859375,7657.0,286.6499938964844,19086.0,202.7100067138672,1027.0,1617.4000244140625,269.70001220703125,384.0,1390.5999755859375,358.8999938964844,135.49000549316406,141.16000366210938,869.0499877929688,1857.699951171875,855.25,29705.0,627.8499755859375,3243.5,14464.0,420.6000061035156,2914.0,1644.0,4371.89990234375,59.93000030517578,449.5499877929687,655.2999877929688,1130.0999755859375,5607.0,395.2999877929687,171.38999938964844,702.25,3073.800048828125,1505.4000244140625,3350.10009765625,3457.5,,3655.89990234375,1268.5999755859375,5010.5,3525.60009765625,12650.0,138.80999755859375,1339.9000244140625,1312.699951171875,682.7999877929688,463.9500122070313,458.4500122070313,1376.199951171875,3454.39990234375,250.3300018310547,21.209999084472656,1035.699951171875
2025-09-23,1019.5999755859376,5298.7001953125,291.45001220703125,925.0999755859376,2676.39990234375,1131.449951171875,1441.5999755859375,5544.5,8300.5,591.5999755859375,222.7899932861328,1683.0,7684.0,144.0399932861328,2446.89990234375,1436.4000244140625,731.6500244140625,1109.9000244140625,1170.800048828125,8984.5,2084.39990234375,13265.0,1025.5,162.08999633789062,253.22999572753903,121.43000030517578,1595.4000244140625,404.4500122070313,1251.0,1938.699951171875,238.72999572753903,359.5,1964.0,39390.0,330.3999938964844,5934.0,2122.199951171875,797.219970703125,121.9000015258789,1546.5999755859375,773.4500122070312,1623.800048828125,1527.0999755859375,394.0499877929687,1667.9000244140625,2324.89990234375,543.75,305.3500061035156,4005.199951171875,515.0,2339.199951171875,459.0499877929687,6051.0,18130.0,759.4000244140625,4633.89990234375,1308.4000244140625,6990.5,338.3500061035156,403.25,195.1300048828125,967.7000122070312,178.66000366210938,2016.800048828125,90.52999877929688,1192.199951171875,2103.699951171875,2813.5,4799.89990234375,1572.300048828125,1429.800048828125,2941.75,957.2000122070312,775.0499877929688,5370.5,745.9000244140625,424.2999877929687,2522.199951171875,461.5,235.22999572753903,1394.300048828125,1894.699951171875,600.8499755859375,8.720000267028809,70.51000213623047,143.91000366210938,752.0,695.0999755859375,5732.0,755.25,359.1000061035156,1497.5,149.6300048828125,148.24000549316406,155.63999938964844,127.29000091552734,403.2000122070313,1062.699951171875,312.54998779296875,543.8499755859375,1138.4000244140625,616.7000122070312,494.9500122070313,7242.0,4190.2998046875,1080.4000244140625,409.5400085449219,1249.699951171875,910.0499877929688,582.5999755859375,897.6500244140625,1205.4000244140625,3657.60009765625,246.4100036621093,,2007.0,3614.60009765625,293.25,2564.300048828125,706.0,16097.0,1157.0,2939.5,1607.699951171875,1584.5,112.08000183105467,2766.60009765625,3060.800048828125,208.83999633789065,1393.9000244140625,112.83999633789062,1168.4000244140625,86.62999725341797,78.0999984741211,343.0,1244.5,237.7100067138672,1666.0,9104.0,404.5499877929687,236.6600036621093,42780.0,599.7999877929688,1179.4000244140625,5240.5,275.95001220703125,412.8999938964844,558.2000122070312,1626.5,1489.300048828125,3625.800048828125,113.43000030517578,891.75,1801.5999755859373,7620.0,288.6000061035156,18995.0,200.02999877929688,1012.3499755859376,1604.9000244140625,268.95001220703125,386.7000122070313,1389.800048828125,357.6000061035156,137.3000030517578,135.02000427246094,870.2999877929688,1819.4000244140625,870.5999755859375,29790.0,628.7999877929688,3240.39990234375,14215.0,421.3500061035156,2903.199951171875,1631.199951171875,4326.2998046875,58.75,449.2000122070313,643.6500244140625,1128.5,5555.5,395.5,173.2899932861328,697.7999877929688,3062.39990234375,1471.9000244140625,3303.0,3439.199951171875,,3651.5,1279.300048828125,4891.0,3512.699951171875,12401.0,140.1999969482422,1341.199951171875,1317.0999755859375,677.2000122070312,458.5,457.2000122070313,1372.699951171875,3435.10009765625,249.6300048828125,21.3799991607666,1044.8499755859375
2025-09-24,1026.5,5237.2998046875,291.95001220703125,889.0,2619.800048828125,1095.25,1431.5999755859375,5576.0,8410.0,582.6500244140625,220.2400054931641,1676.199951171875,7643.5,142.25999450683594,2457.199951171875,1439.9000244140625,736.1500244140625,1090.9000244140625,1158.9000244140625,8839.0,2069.199951171875,13203.0,1029.75,158.47000122070312,254.3699951171875,120.98999786376952,1566.4000244140625,395.4500122070313,1209.0,1931.0999755859373,236.0099945068359,358.95001220703125,1944.199951171875,38760.0,330.3500061035156,5970.5,2076.39990234375,776.6199951171875,122.91000366210938,1514.0,770.0999755859375,1630.199951171875,1538.0,392.8500061035156,1623.199951171875,2319.0,530.7999877929688,300.04998779296875,3988.89990234375,517.7999877929688,2320.800048828125,456.0,5984.0,18161.0,733.6500244140625,4645.7998046875,1298.0999755859375,7011.5,335.79998779296875,399.6000061035156,193.5800018310547,960.4000244140624,175.91000366210938,2018.5999755859373,89.05000305175781,1186.0,2019.0999755859373,2807.39990234375,4723.89990234375,1544.5,1442.300048828125,2895.0,951.0499877929688,770.25,5277.0,741.0499877929688,424.8999938964844,2549.5,452.8999938964844,232.5399932861328,1382.699951171875,1878.4000244140625,596.6500244140625,8.59000015258789,70.04000091552734,140.41000366210938,746.0,708.2000122070312,5686.0,740.75,358.1499938964844,1494.5999755859375,144.30999755859375,146.77000427246094,152.67999267578125,125.58999633789062,401.0,1052.6500244140625,306.75,535.1500244140625,1149.0999755859375,630.4000244140625,479.1000061035156,7454.0,4079.300048828125,1060.699951171875,406.260009765625,1240.5999755859375,909.75,580.75,894.25,1179.4000244140625,3673.800048828125,246.82000732421875,,1990.9000244140625,3574.89990234375,286.95001220703125,2529.699951171875,707.5499877929688,16249.0,1133.199951171875,2940.199951171875,1591.0999755859375,1584.9000244140625,107.95999908447266,2740.89990234375,3088.300048828125,206.08999633789065,1385.300048828125,110.05999755859376,1178.5999755859375,86.29000091552734,77.19999694824219,347.6000061035156,1235.199951171875,237.0500030517578,1620.0999755859375,9061.5,406.6000061035156,238.52000427246097,42405.0,600.7999877929688,1162.199951171875,5191.5,270.95001220703125,410.7000122070313,544.2999877929688,1577.699951171875,1519.5,3629.0,111.01000213623048,889.9000244140625,1735.199951171875,7532.5,293.29998779296875,18997.0,196.33999633789065,1044.699951171875,1572.699951171875,270.3500061035156,382.0,1383.0,347.6499938964844,136.33999633789062,135.3000030517578,884.75,1817.0999755859373,866.2000122070312,29650.0,625.1500244140625,3201.0,14022.0,416.7999877929687,2907.10009765625,1627.0999755859375,4348.89990234375,57.5,438.4500122070313,641.1500244140625,1140.0999755859375,5504.5,390.2999877929687,172.66000366210938,684.5499877929688,3035.39990234375,1452.4000244140625,3276.5,3418.300048828125,,3614.60009765625,1264.300048828125,4897.0,3453.0,12214.0,139.1699981689453,1350.9000244140625,1308.800048828125,676.1500244140625,452.6000061035156,448.4500122070313,1372.300048828125,3489.89990234375,244.58999633789065,21.190000534057617,1036.0
2025-09-25,1022.0999755859376,5200.7001953125,286.5,894.2000122070312,2576.39990234375,1079.550048828125,1407.199951171875,5508.0,8438.5,579.4000244140625,219.4900054931641,1688.300048828125,7624.0,140.4499969482422,2404.0,1405.9000244140625,741.5999755859375,1097.0,1166.5999755859375,8842.5,2035.5999755859373,12899.0,1012.75,157.27000427246094,252.82000732421875,119.76000213623048,1555.9000244140625,403.1499938964844,1207.300048828125,1935.5999755859373,234.6199951171875,355.95001220703125,1927.300048828125,38525.0,329.6499938964844,5953.5,2043.300048828125,773.6799926757812,121.44000244140624,1494.800048828125,759.0999755859375,1592.800048828125,1509.699951171875,392.5,1591.300048828125,2274.199951171875,529.75,299.25,3976.89990234375,506.2999877929687,2262.300048828125,455.3999938964844,5897.0,18202.0,721.0499877929688,4576.2001953125,1275.199951171875,6986.0,332.25,393.1499938964844,193.3300018310547,944.5999755859376,174.4199981689453,2030.699951171875,89.12000274658203,1189.199951171875,1967.4000244140625,2778.60009765625,4775.2001953125,1539.5999755859375,1423.800048828125,2875.5,949.8499755859376,765.0499877929688,5354.5,745.6500244140625,423.5,2538.300048828125,466.75,228.4499969482422,1375.800048828125,1881.800048828125,595.0,8.680000305175781,69.93000030517578,139.82000732421875,732.1500244140625,712.4000244140625,5674.5,740.75,356.45001220703125,1484.800048828125,141.13999938964844,146.22000122070312,150.27000427246094,124.08000183105467,400.1000061035156,1051.699951171875,301.6000061035156,528.5999755859375,1148.5,621.7000122070312,462.5499877929687,7503.0,4157.89990234375,1063.0999755859375,402.7000122070313,1255.699951171875,896.3499755859375,571.4000244140625,888.2000122070312,1149.4000244140625,3644.39990234375,244.0599975585937,,1963.5,3530.0,281.20001220703125,2526.199951171875,703.5999755859375,16269.0,1137.699951171875,2924.199951171875,1604.5999755859375,1565.5999755859375,105.37999725341795,2717.39990234375,3051.60009765625,205.6100006103516,1358.5999755859375,109.19000244140624,1173.5,86.43000030517578,76.37999725341797,340.5,1206.5,236.4600067138672,1599.9000244140625,8909.0,414.7999877929687,239.6699981689453,42625.0,600.0,1141.4000244140625,5102.5,270.20001220703125,405.3999938964844,539.75,1562.699951171875,1495.699951171875,3573.199951171875,111.4000015258789,907.75,1751.199951171875,7407.5,284.3999938964844,19203.0,195.1999969482422,1049.5,1534.5,275.45001220703125,375.25,1372.4000244140625,346.54998779296875,136.52000427246094,136.41000366210938,887.0,1809.800048828125,861.1500244140625,29515.0,612.7000122070312,3156.300048828125,14148.0,409.6499938964844,2879.10009765625,1627.4000244140625,4271.10009765625,56.63999938964844,426.1000061035156,636.9000244140625,1134.199951171875,5461.5,386.0,172.3800048828125,680.1500244140625,2957.39990234375,1444.300048828125,3212.800048828125,3378.5,,3531.60009765625,1254.5,4742.5,3408.39990234375,12141.0,138.77000427246094,1317.5999755859375,1305.5999755859375,669.0999755859375,451.8500061035156,461.6499938964844,1372.4000244140625,3445.10009765625,242.0,21.350000381469727,1019.25
2025-09-26,1001.7999877929688,5173.39990234375,278.8999938964844,879.2000122070312,2543.699951171875,1047.4000244140625,1392.0,5433.0,8162.5,565.2000122070312,213.63999938964844,1660.0999755859375,7510.0,141.92999267578125,2342.800048828125,1373.800048828125,743.2000122070312,1090.0,1154.0,8702.0,2003.199951171875,12698.0,985.0999755859376,155.02000427246094,248.4499969482422,116.33000183105467,1497.800048828125,395.8999938964844,1181.0999755859375,1916.5999755859373,231.0099945068359,338.8999938964844,1890.0999755859373,38150.0,324.3500061035156,5920.5,2043.199951171875,760.0,118.08000183105467,1467.699951171875,739.4000244140625,1569.9000244140625,1499.4000244140625,389.1499938964844,1538.5,2224.300048828125,524.7999877929688,292.6000061035156,3947.60009765625,499.75,2215.39990234375,445.7000122070313,5689.5,17511.0,716.0499877929688,4517.7998046875,1253.0999755859375,7047.0,321.0,388.7999877929687,191.82000732421875,932.75,172.02000427246094,1971.699951171875,87.27999877929688,1163.9000244140625,1957.5999755859373,2746.800048828125,4736.10009765625,1507.4000244140625,1395.300048828125,2810.5,945.0499877929688,764.4000244140625,5328.0,743.8499755859375,422.25,2511.800048828125,449.1000061035156,220.0500030517578,1359.5999755859375,1894.0,585.5,8.020000457763672,68.58999633789062,137.75999450683594,709.7999877929688,706.3499755859375,5561.0,712.75,346.29998779296875,1448.9000244140625,137.4600067138672,145.0399932861328,146.27999877929688,121.91000366210938,405.1000061035156,1029.5,295.8500061035156,520.0999755859375,1130.800048828125,606.9000244140625,455.7999877929687,7341.0,4049.300048828125,1070.800048828125,398.9599914550781,1212.800048828125,832.2999877929688,564.9500122070312,872.4500122070312,1141.0999755859375,3729.5,236.2899932861328,,1919.800048828125,3396.5,276.8999938964844,2482.89990234375,698.3499755859375,16286.0,1123.4000244140625,2827.60009765625,1584.0999755859375,1545.5999755859375,105.66000366210938,2642.39990234375,3020.300048828125,200.5800018310547,1316.199951171875,105.18000030517578,1162.5999755859375,83.63999938964844,74.98999786376953,337.8999938964844,1223.0,230.6199951171875,1577.699951171875,8515.0,410.25,238.02000427246097,41240.0,589.0,1125.199951171875,4951.0,266.8999938964844,397.2999877929687,514.6500244140625,1540.4000244140625,1474.800048828125,3487.60009765625,107.79000091552734,864.0999755859375,1677.0999755859375,7322.5,282.25,19109.0,187.72999572753903,1028.3499755859375,1507.4000244140625,272.3500061035156,367.3999938964844,1377.5999755859375,337.79998779296875,131.02000427246094,137.82000732421875,873.8499755859375,1798.800048828125,856.9500122070312,28910.0,606.0499877929688,3096.300048828125,13766.0,407.1000061035156,2806.89990234375,1586.699951171875,4234.2001953125,55.27999877929688,420.6499938964844,609.4500122070312,1119.0,5303.0,383.7999877929687,167.39999389648438,667.2999877929688,2899.10009765625,1407.699951171875,3129.10009765625,3327.300048828125,,3561.0,1233.300048828125,4679.0,3414.39990234375,12070.0,134.0800018310547,1297.4000244140625,1268.9000244140625,648.0,444.75,447.9500122070313,1340.199951171875,3207.60009765625,235.75,20.96999931335449,975.0
2025-09-29,1028.699951171875,5207.7998046875,289.8500061035156,871.75,2509.5,1035.3499755859375,1383.199951171875,5409.0,8232.0,562.1500244140625,212.4900054931641,1696.0,7444.0,142.4199981689453,2342.60009765625,1366.699951171875,738.4000244140625,1089.5,1132.199951171875,8717.5,2024.699951171875,12462.0,990.9500122070312,162.17999267578125,253.9900054931641,118.7699966430664,1498.9000244140625,399.9500122070313,1214.0,1902.199951171875,233.97000122070312,340.1499938964844,1895.5999755859373,38345.0,338.1000061035156,5929.0,2097.39990234375,757.0800170898438,120.4800033569336,1475.0,747.2999877929688,1591.699951171875,1488.0,388.2999877929687,1552.199951171875,2218.39990234375,523.2999877929688,293.6499938964844,3994.199951171875,492.8500061035156,2229.300048828125,439.8999938964844,5697.5,16678.0,722.1500244140625,4529.89990234375,1234.5999755859375,6985.0,324.8500061035156,388.5499877929687,190.0800018310547,970.75,176.49000549316406,1958.199951171875,86.9000015258789,1177.5999755859375,1996.9000244140625,2746.89990234375,4740.0,1505.199951171875,1387.4000244140625,2811.5,950.2999877929688,756.5999755859375,5300.5,753.7999877929688,441.75,2497.89990234375,466.1499938964844,220.3699951171875,1348.0999755859375,1903.5,589.1500244140625,8.239999771118164,69.5,139.72000122070312,724.2999877929688,724.5999755859375,5707.0,723.4000244140625,347.20001220703125,1441.800048828125,138.6999969482422,149.30999755859375,148.77999877929688,124.26000213623048,407.25,1043.3499755859375,294.20001220703125,528.5499877929688,1122.199951171875,607.0499877929688,448.2999877929687,7050.5,4054.199951171875,1062.4000244140625,398.3200073242187,1209.800048828125,840.9500122070312,567.2000122070312,895.0499877929688,1155.300048828125,3688.39990234375,244.83999633789065,,1933.199951171875,3418.10009765625,282.75,2462.0,698.7000122070312,15984.0,1112.0,2751.10009765625,1588.0,1559.800048828125,106.87999725341795,2678.10009765625,3064.699951171875,203.9100036621093,1315.800048828125,107.33000183105467,1152.5,85.87000274658203,75.02999877929688,340.95001220703125,1257.4000244140625,231.3500061035156,1600.800048828125,8453.5,417.25,239.97999572753903,41085.0,597.0999755859375,1119.0,4870.5,278.54998779296875,406.4500122070313,504.7000122070313,1548.800048828125,1466.800048828125,3492.300048828125,109.51000213623048,870.0499877929688,1686.5,7278.0,280.6000061035156,19247.0,191.63999938964844,1020.2000122070312,1520.800048828125,277.79998779296875,372.0,1372.800048828125,341.6499938964844,131.7100067138672,154.27000427246094,863.2999877929688,1788.699951171875,870.75,29735.0,611.7999877929688,3105.199951171875,13545.0,405.3500061035156,2798.0,1589.300048828125,4218.5,55.27999877929688,416.5,614.2999877929688,1123.0999755859375,5301.0,388.0499877929687,168.97999572753906,676.2000122070312,2896.10009765625,1410.699951171875,3098.60009765625,3401.199951171875,,3586.60009765625,1224.199951171875,4730.5,3439.60009765625,12041.0,135.39999389648438,1308.5,1285.300048828125,654.2000122070312,451.7000122070313,452.25,1374.5,3280.800048828125,239.63999938964844,21.040000915527344,992.0999755859376
2025-09-30,1024.0,5183.2998046875,292.3500061035156,872.25,2505.89990234375,1026.8499755859375,1403.5,5425.0,8089.0,569.9500122070312,213.25,1686.0999755859375,7409.0,142.6699981689453,2350.0,1366.4000244140625,731.4000244140625,1083.9000244140625,1131.5999755859375,8678.5,2006.4000244140625,12247.0,998.9000244140624,162.2100067138672,258.5400085449219,123.41000366210938,1493.199951171875,403.9500122070313,1212.4000244140625,1878.4000244140625,238.4499969482422,341.0,1881.0,38145.0,339.6499938964844,5991.0,2040.199951171875,751.719970703125,123.70999908447266,1458.5999755859375,740.9500122070312,1610.800048828125,1503.300048828125,389.9500122070313,1591.0,2222.39990234375,525.7999877929688,291.29998779296875,3926.5,491.2999877929687,2227.199951171875,450.0499877929687,5689.5,16322.0,713.0,4475.39990234375,1223.699951171875,7005.5,325.5,390.75,192.92999267578125,969.7999877929688,176.2899932861328,1952.699951171875,87.19999694824219,1166.9000244140625,1968.800048828125,2756.89990234375,4746.5,1502.0,1385.0999755859375,2766.25,951.0,756.4500122070312,5472.5,761.9500122070312,443.3999938964844,2514.39990234375,482.4500122070313,223.6300048828125,1348.0,1889.800048828125,595.2000122070312,8.130000114440918,69.7699966430664,139.19000244140625,720.2999877929688,750.7000122070312,5594.5,735.5499877929688,342.8999938964844,1441.800048828125,140.24000549316406,149.7899932861328,148.6999969482422,123.51000213623048,401.5499877929687,1063.75,293.20001220703125,530.8499755859375,1142.699951171875,617.4000244140625,454.2999877929687,7052.0,4062.300048828125,1051.699951171875,398.5400085449219,1097.699951171875,841.7999877929688,565.0,900.3499755859375,1135.800048828125,3659.0,249.27999877929688,,1911.300048828125,3427.0,280.79998779296875,2435.699951171875,697.4000244140625,16029.0,1114.699951171875,2761.5,1559.199951171875,1575.9000244140625,105.6500015258789,2654.800048828125,3077.10009765625,213.8699951171875,1309.300048828125,107.08000183105467,1152.9000244140625,86.31999969482422,76.3499984741211,340.45001220703125,1261.0,232.3800048828125,1582.0999755859375,8403.0,413.7999877929687,239.5,40685.0,575.7999877929688,1123.800048828125,4822.5,278.79998779296875,410.25,502.2999877929687,1555.5,1468.0,3513.5,112.83000183105467,863.5999755859375,1702.0,7286.0,280.25,18001.0,191.1600036621093,1021.5499877929688,1510.0999755859375,277.25,372.8500061035156,1364.0,339.45001220703125,134.47999572753906,160.86000061035156,876.9500122070312,1790.5999755859375,872.4500122070312,29265.0,616.0999755859375,3129.199951171875,13326.0,411.75,2823.60009765625,1594.300048828125,4219.60009765625,55.04999923706055,422.9500122070313,622.8499755859375,1129.300048828125,5227.0,388.6499938964844,168.77000427246094,669.5,2888.39990234375,1400.300048828125,3096.699951171875,3367.0,,3603.199951171875,1218.9000244140625,4677.5,3438.699951171875,12222.0,138.50999450683594,1324.300048828125,1298.800048828125,655.7999877929688,443.7000122070313,465.7999877929687,1353.5,3328.39990234375,239.3699951171875,21.25,981.9000244140624
2025-10-01,1036.5,5199.0,299.8500061035156,896.3499755859375,2592.699951171875,1064.699951171875,1422.699951171875,5459.5,8241.5,571.0999755859375,217.3500061035156,1731.0999755859375,7441.0,141.22999572753906,2335.800048828125,1376.4000244140625,724.5499877929688,1086.0,1159.5,8626.5,2007.0,11996.0,987.7000122070312,163.5399932861328,259.6000061035156,124.62999725341795,1541.800048828125,406.5,1219.5999755859375,1867.5999755859373,240.1699981689453,346.45001220703125,1877.800048828125,38320.0,339.70001220703125,5966.5,2081.39990234375,764.6400146484375,123.76000213623048,1475.5,739.7999877929688,1605.300048828125,1513.0,388.5,1600.800048828125,2224.89990234375,526.5499877929688,293.1000061035156,3849.0,495.0499877929687,2229.39990234375,434.4500122070313,5710.0,16453.0,722.2999877929688,4449.89990234375,1244.699951171875,7021.5,329.0,395.0499877929687,193.7599945068359,989.6500244140624,174.55999755859375,1959.199951171875,89.33999633789062,1148.5999755859375,2030.4000244140625,2789.699951171875,4803.39990234375,1485.199951171875,1389.5,2777.75,965.25,764.0,5432.5,765.9500122070312,434.3999938964844,2536.199951171875,481.3500061035156,232.47000122070312,1372.0,1903.5999755859373,596.5999755859375,8.520000457763672,69.0199966430664,141.17999267578125,723.25,737.0499877929688,5606.0,743.1500244140625,352.04998779296875,1445.800048828125,142.14999389648438,149.6999969482422,152.67999267578125,125.54000091552734,405.6000061035156,1065.0,300.04998779296875,536.4500122070312,1146.0999755859375,619.4000244140625,465.2999877929687,7157.0,4034.0,1080.4000244140625,412.6600036621094,1153.199951171875,872.0,577.2000122070312,904.0999755859376,1139.800048828125,3670.300048828125,258.5799865722656,,1981.300048828125,3463.39990234375,286.3500061035156,2439.60009765625,701.75,15965.0,1113.199951171875,2841.60009765625,1599.699951171875,1621.9000244140625,106.0,2691.0,3144.5,214.5,1338.5999755859375,109.4800033569336,1166.4000244140625,86.37000274658203,76.16000366210938,340.25,1297.800048828125,241.2599945068359,1595.5999755859375,8724.0,411.2999877929687,243.0399932861328,42110.0,580.9500122070312,1148.5999755859375,4955.39990234375,274.5,411.1499938964844,510.8500061035156,1563.800048828125,1475.4000244140625,3584.10009765625,112.5500030517578,882.2999877929688,1675.800048828125,7351.0,280.6499938964844,18134.0,199.0399932861328,1017.9000244140624,1542.0999755859375,275.20001220703125,377.5499877929687,1368.699951171875,344.3999938964844,134.9199981689453,169.5800018310547,875.7000122070312,1801.0999755859375,864.0999755859375,29295.0,648.7000122070312,3121.5,13374.0,413.75,2907.10009765625,1636.199951171875,4190.2001953125,55.18000030517578,417.75,631.5999755859375,1144.800048828125,5226.0,391.1499938964844,167.50999450683594,690.4000244140625,2914.199951171875,1416.0,3084.10009765625,3408.300048828125,,3567.10009765625,1216.0,4832.0,3457.800048828125,12095.0,138.75,1346.699951171875,1324.4000244140625,661.4500122070312,442.9500122070313,464.8500061035156,1353.5,3332.0,241.07000732421875,21.76000022888184,991.1500244140624
2025-10-03,1049.199951171875,5183.5,303.95001220703125,916.3499755859376,2589.89990234375,1070.300048828125,1419.0999755859375,5442.0,8214.5,576.1500244140625,220.1300048828125,1738.199951171875,7449.5,139.7899932861328,2357.800048828125,1383.5999755859375,741.9000244140625,1093.300048828125,1181.0,8679.5,2000.9000244140625,11819.0,989.75,165.9600067138672,263.95001220703125,125.52999877929688,1560.9000244140625,412.6499938964844,1220.199951171875,1896.699951171875,245.02000427246097,352.25,1899.199951171875,38630.0,341.54998779296875,5992.5,2093.39990234375,762.260009765625,125.9000015258789,1490.0999755859375,747.5,1570.9000244140625,1517.699951171875,383.3500061035156,1613.0999755859375,2213.89990234375,533.5,295.20001220703125,3932.699951171875,496.1499938964844,2253.699951171875,437.2999877929687,5866.0,16591.0,729.2000122070312,4418.39990234375,1248.0999755859375,6941.0,328.45001220703125,398.0499877929687,192.3699951171875,980.4000244140624,177.36000061035156,1980.199951171875,89.27999877929688,1149.0,2033.0,2791.39990234375,4870.39990234375,1488.0999755859375,1393.5,2795.5,965.1500244140624,759.2000122070312,5550.5,780.3499755859375,446.2999877929687,2544.89990234375,491.5,233.7899932861328,1365.199951171875,1911.5999755859373,601.0999755859375,8.819999694824219,69.04000091552734,143.58999633789062,724.4500122070312,765.9500122070312,5657.0,747.4000244140625,353.1000061035156,1446.5999755859375,141.3699951171875,150.38999938964844,154.08999633789062,125.8499984741211,404.2999877929687,1076.5,301.70001220703125,539.9000244140625,1161.699951171875,628.4500122070312,492.1499938964844,7273.0,4037.199951171875,1067.300048828125,420.1000061035156,1157.699951171875,864.4000244140625,578.4500122070312,905.25,1113.0,3733.10009765625,262.3299865722656,,1973.5999755859373,3462.0,286.20001220703125,2448.0,710.9500122070312,15806.0,1069.199951171875,2881.300048828125,1629.0,1604.0999755859375,106.66999816894533,2736.89990234375,3167.60009765625,221.1600036621093,1333.9000244140625,113.12000274658205,1169.9000244140625,86.93000030517578,77.0999984741211,342.0,1350.9000244140625,239.8099975585937,1605.4000244140625,8962.0,414.7000122070313,243.6600036621093,42875.0,588.4500122070312,1168.0,5068.7998046875,278.95001220703125,412.2000122070313,514.1500244140625,1562.5,1489.5999755859375,3617.0,114.37000274658205,888.0499877929688,1700.5,7393.0,289.70001220703125,18223.0,198.47000122070312,1043.4000244140625,1530.0999755859375,275.8999938964844,380.3500061035156,1363.4000244140625,347.04998779296875,134.9600067138672,165.02999877929688,892.0499877929688,1785.0999755859375,867.2999877929688,29180.0,645.7999877929688,3164.10009765625,13853.0,419.7000122070313,2919.39990234375,1631.199951171875,4209.7001953125,54.459999084472656,413.8500061035156,635.5,1137.5,5355.5,394.8999938964844,173.2100067138672,707.0499877929688,2901.89990234375,1400.5999755859375,3136.10009765625,3453.300048828125,,3514.699951171875,1221.0999755859375,4815.7001953125,3456.10009765625,12019.0,137.7100067138672,1362.5999755859375,1316.0,674.0,443.4500122070313,470.9500122070313,1360.4000244140625,3438.89990234375,240.97999572753903,21.850000381469727,988.2999877929688
2025-10-06,1062.4000244140625,5218.0,304.04998779296875,926.6500244140624,2573.5,1059.4000244140625,1400.5,5494.0,8174.5,573.7999877929688,226.52000427246097,1742.0,7662.0,137.77999877929688,2354.800048828125,1383.5999755859375,762.9500122070312,1096.5,1212.800048828125,8792.0,2033.199951171875,11802.0,1008.9000244140624,164.7899932861328,266.6000061035156,126.04000091552734,1559.0999755859375,413.25,1234.5999755859375,1903.0999755859373,245.3099975585937,347.75,1892.800048828125,38800.0,343.6000061035156,6011.0,2217.89990234375,765.0999755859375,126.76000213623048,1524.9000244140625,745.4000244140625,1634.0999755859375,1513.0999755859375,381.8999938964844,1662.4000244140625,2228.800048828125,532.1500244140625,289.04998779296875,3943.0,493.3500061035156,2251.199951171875,462.6000061035156,5826.5,17041.0,735.25,4301.60009765625,1248.5999755859375,6880.0,335.1000061035156,399.9500122070313,193.6600036621093,1053.9000244140625,176.6199951171875,1971.199951171875,88.69999694824219,1147.5999755859375,2056.5,2807.39990234375,4845.2001953125,1497.699951171875,1417.699951171875,2830.5,973.4500122070312,763.0499877929688,5581.5,776.7000122070312,456.2999877929687,2541.800048828125,491.5,230.9100036621093,1363.4000244140625,1925.800048828125,600.4500122070312,8.470000267028809,71.08999633789062,142.5500030517578,723.5499877929688,758.0499877929688,5694.5,739.2999877929688,353.6499938964844,1476.0,139.3800048828125,154.83999633789062,151.16000366210938,125.23999786376952,400.75,1055.9000244140625,306.25,541.0,1159.9000244140625,623.3499755859375,485.3500061035156,7466.5,4131.7001953125,1062.5,429.2000122070313,1156.699951171875,863.0,576.8499755859375,907.1500244140624,1115.0999755859375,3737.0,259.8699951171875,,1937.300048828125,3472.0,290.75,2456.300048828125,715.5499877929688,15998.0,1139.699951171875,2888.0,1638.4000244140625,1605.4000244140625,106.22000122070312,2792.300048828125,3227.699951171875,217.1499938964844,1379.9000244140625,111.33999633789062,1181.699951171875,86.61000061035156,76.05999755859375,339.1000061035156,1385.5999755859375,255.33999633789065,1622.300048828125,9093.5,419.2000122070313,245.8600006103516,42195.0,597.5499877929688,1224.199951171875,5189.2998046875,280.29998779296875,405.8999938964844,517.2000122070312,1594.4000244140625,1489.0,3630.39990234375,114.54000091552734,895.0499877929688,1725.4000244140625,7615.5,286.8999938964844,18203.0,195.6100006103516,1020.4000244140624,1541.300048828125,275.6000061035156,378.0499877929687,1375.0,346.6000061035156,132.6199951171875,159.94000244140625,902.5999755859376,1770.9000244140625,874.0499877929688,29295.0,671.4500122070312,3251.699951171875,14140.0,414.25,2940.199951171875,1654.699951171875,4171.7001953125,54.11000061035156,421.5499877929687,634.5,1142.0999755859375,5394.0,395.5499877929687,170.05999755859375,710.8499755859375,2988.39990234375,1439.300048828125,3150.199951171875,3425.39990234375,,3526.0,1200.0,4777.2998046875,3510.89990234375,12055.0,136.67999267578125,1361.0,1335.9000244140625,681.3499755859375,438.9500122070313,470.7999877929687,1366.699951171875,3441.5,242.1300048828125,21.93000030517578,994.6500244140624
2025-10-07,1069.4000244140625,5219.5,303.5,919.0,2542.199951171875,1060.699951171875,1399.5,5492.0,8417.5,569.9500122070312,225.0500030517578,1736.300048828125,7700.0,139.8300018310547,2352.800048828125,1419.4000244140625,764.0,1090.0999755859375,1186.800048828125,8904.0,2032.5999755859373,12089.0,1016.5499877929688,164.47000122070312,261.8500061035156,126.23999786376952,1529.5999755859375,410.2999877929687,1216.800048828125,1929.0,244.8600006103516,347.79998779296875,1912.199951171875,38770.0,341.8999938964844,5887.0,2231.199951171875,760.1199951171875,128.05999755859375,1562.800048828125,748.0,1631.5999755859375,1513.300048828125,384.7000122070313,1686.5,2231.39990234375,532.4500122070312,287.5,3967.39990234375,492.25,2243.300048828125,468.9500122070313,6104.5,17232.0,737.1500244140625,4303.0,1248.5,6957.0,337.8500061035156,402.8500061035156,199.1699981689453,1041.800048828125,179.89999389648438,1962.5999755859373,88.38999938964844,1152.800048828125,2073.300048828125,2808.0,4837.60009765625,1502.300048828125,1433.4000244140625,2778.25,982.5,755.5999755859375,5615.0,767.7999877929688,454.25,2517.199951171875,489.8999938964844,231.42999267578125,1375.9000244140625,1906.0,603.5,9.18000030517578,71.98999786376953,141.5800018310547,733.25,757.7000122070312,5664.0,749.0,357.8999938964844,1458.5,139.3800048828125,154.3699951171875,152.44000244140625,127.08000183105467,399.7999877929687,1033.699951171875,309.8999938964844,548.0499877929688,1156.800048828125,613.9000244140625,487.7000122070313,7593.0,4201.5,1049.800048828125,425.3800048828125,1170.5,863.4000244140625,566.6500244140625,912.3499755859376,1145.0,3729.699951171875,259.2799987792969,,1924.800048828125,3492.800048828125,290.95001220703125,2480.699951171875,714.9500122070312,16108.0,1130.699951171875,2877.699951171875,1641.800048828125,1587.0999755859375,104.12000274658205,2817.699951171875,3242.60009765625,217.07000732421875,1383.5999755859375,112.62000274658205,1176.800048828125,86.45999908447266,76.08999633789062,338.0,1391.9000244140625,262.3999938964844,1636.5999755859375,9332.5,422.4500122070313,245.32000732421875,41695.0,597.25,1237.5999755859375,5271.2001953125,287.54998779296875,408.7999877929687,521.25,1611.800048828125,1470.9000244140625,3582.800048828125,114.16999816894533,890.0,1765.0,7595.5,289.0,17547.0,195.5599975585937,1019.2000122070312,1530.5999755859375,273.54998779296875,377.75,1384.800048828125,354.8500061035156,132.8800048828125,163.08999633789062,905.1500244140624,1784.0999755859375,864.7000122070312,29530.0,666.7999877929688,3250.800048828125,14143.0,414.0499877929687,2964.800048828125,1653.0999755859375,4226.89990234375,54.0099983215332,420.75,632.7000122070312,1120.0,5389.5,392.5,171.42999267578125,712.9500122070312,2973.699951171875,1438.9000244140625,3218.39990234375,3418.199951171875,,3536.89990234375,1240.0,4686.0,3513.5,12184.0,138.5399932861328,1351.800048828125,1366.300048828125,679.8499755859375,440.0,471.8500061035156,1372.199951171875,3402.800048828125,243.52999877929688,22.21999931335449,987.9000244140624
2025-10-08,1085.300048828125,5128.5,295.25,914.0,2524.10009765625,1045.0999755859375,1394.300048828125,5493.5,8239.0,566.2999877929688,221.75,1724.9000244140625,7662.0,139.3699951171875,2328.5,1406.0,767.7000122070312,1070.800048828125,1180.5999755859375,8792.0,2013.5999755859373,12093.0,1023.1500244140624,160.74000549316406,261.8999938964844,124.83000183105467,1495.300048828125,403.6499938964844,1191.0,1943.5,239.0399932861328,349.0,1892.4000244140625,38350.0,345.1000061035156,5836.0,2244.199951171875,756.02001953125,126.04000091552734,1539.699951171875,743.9500122070312,1607.300048828125,1494.5999755859375,382.1000061035156,1713.699951171875,2217.60009765625,528.25,285.95001220703125,3912.5,480.1499938964844,2231.60009765625,467.2999877929687,6120.5,16859.0,724.9000244140625,4294.39990234375,1234.5,6902.5,341.6499938964844,398.3500061035156,202.6100006103516,1055.3499755859375,177.52000427246094,1929.300048828125,87.58999633789062,1130.699951171875,2033.4000244140625,2778.199951171875,4789.10009765625,1503.5,1453.199951171875,2737.75,978.7000122070312,747.2999877929688,5512.5,768.2000122070312,457.2999877929687,2500.10009765625,490.5,225.67999267578125,1370.300048828125,1878.0999755859373,592.9000244140625,9.039999961853027,71.98999786376953,139.22000122070312,730.0,760.5999755859375,5635.0,740.9500122070312,354.75,1495.0,141.41000366210938,153.57000732421875,148.63999938964844,124.3000030517578,399.75,1019.2000122070312,304.6499938964844,534.4500122070312,1145.199951171875,603.0,481.9500122070313,7189.0,4254.89990234375,1033.5,423.55999755859375,1160.800048828125,853.8499755859375,562.0499877929688,893.7999877929688,1128.699951171875,3729.800048828125,255.5500030517578,,1905.5999755859373,3426.5,293.0,2454.89990234375,710.7999877929688,16012.0,1144.4000244140625,2814.699951171875,1637.800048828125,1568.699951171875,101.63999938964844,2799.800048828125,3263.10009765625,223.6199951171875,1367.5,111.0500030517578,1180.5,85.44000244140625,76.2300033569336,333.79998779296875,1401.9000244140625,257.4200134277344,1577.5,9189.5,416.7999877929687,241.8099975585937,41700.0,598.2000122070312,1224.9000244140625,5263.60009765625,283.79998779296875,400.0,514.7000122070312,1592.300048828125,1493.699951171875,3497.60009765625,113.13999938964844,876.25,1764.199951171875,7588.0,285.29998779296875,17794.0,193.8000030517578,1019.0999755859376,1513.800048828125,286.45001220703125,372.5,1367.4000244140625,346.54998779296875,131.72000122070312,159.0800018310547,920.2000122070312,1772.9000244140625,858.25,29285.0,666.9000244140625,3216.800048828125,14007.0,405.25,2972.699951171875,1631.5999755859375,4154.39990234375,52.77000045776367,420.8999938964844,630.6500244140625,1120.199951171875,5460.0,385.4500122070313,171.94000244140625,708.5499877929688,3027.199951171875,1458.199951171875,3142.199951171875,3565.60009765625,,3569.0,1225.0,4616.60009765625,3483.0,11991.0,136.02000427246094,1333.0999755859375,1311.4000244140625,674.7999877929688,434.8500061035156,472.7000122070313,1367.300048828125,3323.39990234375,244.27000427246097,22.040000915527344,985.9500122070312
2025-10-09,1084.4000244140625,5146.5,297.95001220703125,931.9500122070312,2542.39990234375,1051.5,1395.5999755859375,5480.5,8246.0,565.9000244140625,226.4600067138672,1735.0,7695.0,138.63999938964844,2336.39990234375,1406.0999755859375,760.0,1119.9000244140625,1167.4000244140625,8810.0,2014.5999755859373,11909.0,1024.0999755859375,163.3000030517578,264.1499938964844,125.79000091552734,1520.300048828125,409.3500061035156,1209.300048828125,1942.0,239.0399932861328,352.5,1892.300048828125,38465.0,344.0,5876.0,2330.199951171875,766.219970703125,126.16999816894533,1558.5999755859375,761.1500244140625,1621.4000244140625,1513.0999755859375,383.3500061035156,1720.0999755859375,2208.60009765625,537.75,284.54998779296875,3957.199951171875,485.3999938964844,2234.699951171875,468.0,6132.0,17098.0,729.0,4305.10009765625,1246.0999755859375,6896.5,345.5,397.6000061035156,207.33999633789065,1068.8499755859375,178.4499969482422,1935.5999755859373,90.70999908447266,1128.800048828125,2031.5,2810.60009765625,4846.2998046875,1485.800048828125,1486.5,2739.5,977.0999755859376,754.3499755859375,5512.0,774.0999755859375,458.0,2517.60009765625,512.25,229.47000122070312,1376.199951171875,1882.699951171875,593.4000244140625,9.029999732971191,73.44999694824219,140.4199981689453,732.1500244140625,766.2000122070312,5724.5,749.1500244140625,354.8500061035156,1509.300048828125,146.99000549316406,155.25,148.85000610351562,125.06999969482422,399.8999938964844,1040.300048828125,307.3500061035156,542.7999877929688,1175.199951171875,599.1500244140625,482.9500122070313,7102.5,4250.7998046875,1050.800048828125,428.9200134277344,1162.4000244140625,865.0999755859375,560.5,895.2000122070312,1128.699951171875,3769.199951171875,260.239990234375,,1957.5999755859373,3442.89990234375,294.25,2479.39990234375,715.8499755859375,15985.0,1155.800048828125,2888.699951171875,1741.199951171875,1596.199951171875,103.44000244140624,2807.199951171875,3249.5,229.5500030517578,1346.5,113.6500015258789,1187.800048828125,86.66999816894531,78.80000305175781,335.8500061035156,1425.4000244140625,264.1099853515625,1591.4000244140625,9311.5,417.8999938964844,243.38999938964844,41740.0,594.5499877929688,1246.300048828125,5345.2998046875,282.8500061035156,402.3500061035156,553.1500244140625,1593.800048828125,1510.4000244140625,3531.699951171875,114.3000030517578,876.0999755859375,1735.699951171875,7631.0,286.1499938964844,17731.0,197.6699981689453,1029.0999755859375,1582.9000244140625,286.70001220703125,371.6000061035156,1377.800048828125,344.3999938964844,136.4600067138672,161.05999755859375,923.0999755859376,1809.800048828125,862.0999755859375,29485.0,669.0499877929688,3178.39990234375,14239.0,429.4500122070313,2996.89990234375,1658.5,4178.7998046875,53.16999816894531,436.8999938964844,638.5999755859375,1118.0,5573.0,388.2000122070313,176.4199981689453,717.5999755859375,3061.699951171875,1466.5999755859375,3191.60009765625,3550.60009765625,,3550.5,1240.5,4660.89990234375,3486.60009765625,12192.0,137.8300018310547,1337.5999755859375,1260.0,675.0499877929688,445.8999938964844,484.2000122070313,1382.0,3344.699951171875,246.3999938964844,22.420000076293945,994.4500122070312
2025-10-10,1095.0999755859375,5186.0,293.3500061035156,925.8499755859376,2550.89990234375,1064.300048828125,1409.4000244140625,5454.5,8284.5,569.25,230.3300018310547,1738.5999755859375,7681.0,137.5500030517578,2340.199951171875,1427.0999755859375,763.25,1130.300048828125,1180.4000244140625,8946.5,2004.300048828125,12074.0,1023.8499755859376,169.32000732421875,266.95001220703125,126.7699966430664,1537.0999755859375,413.5,1220.0,1939.9000244140625,239.63999938964844,353.45001220703125,1949.0999755859373,38625.0,338.70001220703125,5871.5,2385.0,772.1599731445312,127.38999938964844,1605.300048828125,753.4000244140625,1614.199951171875,1561.800048828125,384.5,1722.300048828125,2227.800048828125,541.4000244140625,287.75,3966.0,489.7000122070313,2227.699951171875,464.8500061035156,6474.5,17445.0,740.2000122070312,4320.39990234375,1264.4000244140625,6965.0,348.29998779296875,400.6499938964844,208.3000030517578,1060.300048828125,179.2100067138672,1939.300048828125,90.3499984741211,1129.800048828125,2091.89990234375,2811.0,4832.89990234375,1495.9000244140625,1495.5,2760.0,980.9000244140624,747.2999877929688,5500.0,773.9500122070312,452.5,2528.89990234375,498.2999877929687,232.9199981689453,1380.300048828125,1862.800048828125,597.7000122070312,9.039999961853027,74.43000030517578,139.8699951171875,735.5499877929688,776.25,5735.0,763.3499755859375,353.70001220703125,1514.9000244140625,150.0800018310547,154.11000061035156,150.9600067138672,126.5,402.7999877929687,1015.2000122070312,308.1499938964844,546.0,1167.800048828125,602.2999877929688,484.8500061035156,7102.0,4278.2001953125,1072.5,430.0199890136719,1154.0999755859375,876.75,568.4500122070312,897.7999877929688,1155.9000244140625,3784.0,256.0400085449219,,1959.300048828125,3454.89990234375,284.75,2459.89990234375,714.2999877929688,16265.0,1156.4000244140625,2870.10009765625,1737.699951171875,1581.699951171875,104.0999984741211,2783.199951171875,3156.89990234375,224.3000030517578,1333.0999755859375,112.66000366210938,1199.5,86.94000244140625,77.12999725341797,339.70001220703125,1447.0999755859375,265.19000244140625,1599.5999755859375,9213.0,418.2000122070313,246.33999633789065,41640.0,594.0999755859375,1236.9000244140625,5357.7001953125,281.45001220703125,403.8500061035156,585.9500122070312,1597.800048828125,1510.5999755859375,3564.60009765625,117.23999786376952,853.5999755859375,1745.4000244140625,7730.0,289.1499938964844,17645.0,201.69000244140625,1023.5999755859376,1621.5999755859375,291.6000061035156,372.9500122070313,1381.699951171875,342.0,132.1699981689453,162.22000122070312,921.75,1810.4000244140625,880.6500244140625,29445.0,665.0499877929688,3147.39990234375,14110.0,432.7999877929687,3024.5,1670.9000244140625,4237.39990234375,54.310001373291016,435.5499877929687,651.2999877929688,1126.5,5407.5,390.1000061035156,173.86000061035156,714.3499755859375,3028.300048828125,1457.199951171875,3159.0,3531.89990234375,,3532.800048828125,1239.300048828125,4691.10009765625,3490.300048828125,12281.0,139.27000427246094,1337.0,1219.800048828125,681.2999877929688,443.6499938964844,482.2000122070313,1417.300048828125,3333.39990234375,248.6999969482422,24.0,993.4500122070312
2025-10-13,1101.4000244140625,5147.5,299.04998779296875,937.6500244140624,2527.39990234375,1051.300048828125,1437.800048828125,5492.5,8327.0,566.75,234.07000732421875,1742.199951171875,7671.0,137.4199981689453,2342.5,1421.199951171875,767.0999755859375,1136.800048828125,1189.5999755859375,9066.0,2020.4000244140625,12354.0,1036.75,168.47999572753906,268.1000061035156,126.86000061035156,1509.4000244140625,409.3999938964844,1226.199951171875,1954.9000244140625,234.8600006103516,349.3999938964844,1911.699951171875,38535.0,337.95001220703125,5862.0,2476.0,773.6599731445312,127.63999938964844,1619.4000244140625,747.0499877929688,1647.199951171875,1563.5999755859375,381.5499877929687,1716.0,2221.199951171875,530.9500122070312,284.5,3957.0,487.75,2234.800048828125,473.7999877929687,6556.0,17195.0,741.2000122070312,4202.60009765625,1262.4000244140625,6912.0,348.3500061035156,398.5,213.02000427246097,1095.1500244140625,180.3300018310547,1909.5999755859373,89.8499984741211,1110.800048828125,2096.89990234375,2798.0,4745.39990234375,1473.0999755859375,1494.699951171875,2834.5,977.0,746.5499877929688,5559.0,770.2000122070312,451.3500061035156,2492.800048828125,505.5499877929687,230.4100036621093,1379.4000244140625,1833.4000244140625,593.5999755859375,8.729999542236328,73.70999908447266,137.02999877929688,726.0499877929688,783.5,5787.5,759.9000244140625,349.8999938964844,1493.199951171875,149.8699951171875,155.25999450683594,150.07000732421875,125.5,399.25,1007.5999755859376,308.45001220703125,544.4500122070312,1161.4000244140625,597.0999755859375,474.7999877929687,6838.5,4311.60009765625,1143.800048828125,430.4200134277344,1155.0,874.2999877929688,572.3499755859375,897.25,1154.300048828125,3769.5,266.5799865722656,,1972.4000244140625,3459.699951171875,286.3500061035156,2442.5,713.3499755859375,16323.0,1143.300048828125,2829.199951171875,1787.5,1607.5,104.0999984741211,2750.199951171875,3214.0,225.3800048828125,1333.5,113.29000091552734,1188.0999755859375,86.44999694824219,77.1500015258789,341.70001220703125,1439.9000244140625,261.4800109863281,1588.0,9197.0,416.4500122070313,244.08999633789065,41010.0,589.7999877929688,1249.4000244140625,5329.7001953125,281.20001220703125,403.1000061035156,583.75,1622.9000244140625,1513.5,3544.699951171875,116.9499969482422,853.25,1719.300048828125,7685.5,286.1499938964844,17786.0,197.5800018310547,1031.0,1614.5999755859375,290.0,371.1000061035156,1375.0,339.1499938964844,132.50999450683594,162.41000366210938,920.8499755859376,1815.300048828125,882.9500122070312,29615.0,672.1500244140625,3077.5,14000.0,435.75,3047.39990234375,1668.4000244140625,4264.2001953125,54.34999847412109,434.7999877929687,633.9000244140625,1117.0,5352.0,391.1499938964844,173.02999877929688,700.7000122070312,3007.199951171875,1450.9000244140625,3116.199951171875,3533.60009765625,,3518.199951171875,1283.5999755859375,4681.60009765625,3503.199951171875,12172.0,139.89999389648438,1316.0999755859375,1233.300048828125,673.7999877929688,442.4500122070313,479.2999877929687,1378.5,3404.60009765625,245.1300048828125,24.030000686645508,995.5
2025-10-14,1126.699951171875,5119.5,298.0,933.75,2517.0,1036.199951171875,1429.0,5493.0,8204.5,563.5999755859375,240.4600067138672,1725.0,7759.0,135.41000366210938,2318.10009765625,1418.5999755859375,772.6500244140625,1124.800048828125,1176.800048828125,9102.5,2019.4000244140625,12211.0,1019.1500244140624,162.58999633789062,263.95001220703125,124.3000030517578,1488.800048828125,402.3999938964844,1222.9000244140625,1946.5999755859373,232.44000244140625,351.8500061035156,1880.5999755859373,38010.0,332.45001220703125,5800.5,2448.300048828125,756.0,125.22000122070312,1606.5,745.9500122070312,1645.699951171875,1552.300048828125,380.9500122070313,1700.5,2202.39990234375,527.25,280.1000061035156,3945.199951171875,487.3500061035156,2213.0,469.3500061035156,6561.0,16634.0,740.9000244140625,4205.2001953125,1237.300048828125,6887.0,347.75,393.1499938964844,215.44000244140625,1081.4000244140625,175.3699951171875,1892.800048828125,88.83999633789062,1101.4000244140625,2057.39990234375,2775.800048828125,4746.7998046875,1449.0999755859375,1495.4000244140625,2797.0,977.1500244140624,743.5499877929688,5571.5,760.0999755859375,442.6499938964844,2502.300048828125,505.6499938964844,224.94000244140625,1384.0999755859375,1854.800048828125,598.0499877929688,8.359999656677246,72.80000305175781,136.08999633789062,721.1500244140625,768.1500244140625,5759.0,750.4000244140625,338.54998779296875,1489.9000244140625,147.1999969482422,152.80999755859375,154.52000427246094,124.5199966430664,396.7999877929687,996.0,305.6000061035156,541.0499877929688,1147.800048828125,583.6500244140625,469.4500122070313,6911.0,4361.7998046875,1111.199951171875,430.3599853515625,1156.5999755859375,877.9500122070312,565.7999877929688,902.0,1142.0,3744.300048828125,262.92999267578125,,1937.300048828125,3459.800048828125,283.75,2438.10009765625,708.2000122070312,16261.0,1161.5,2800.0,1879.5,1611.0999755859375,105.0500030517578,2745.300048828125,3218.300048828125,223.9100036621093,1322.300048828125,109.83999633789062,1175.5,85.36000061035156,76.12999725341797,336.6499938964844,1429.0999755859375,255.7899932861328,1571.0,8950.0,414.1000061035156,244.69000244140625,40470.0,583.5999755859375,1244.800048828125,5337.89990234375,276.8500061035156,398.0,569.0499877929688,1625.800048828125,1491.199951171875,3555.0,115.2699966430664,843.0999755859375,1708.5999755859375,7608.0,287.5,17451.0,192.2599945068359,1057.0,1603.5999755859375,291.5,370.2999877929687,1375.9000244140625,333.04998779296875,128.77000427246094,164.77000427246094,916.0,1816.199951171875,876.9500122070312,29615.0,674.4500122070312,3107.300048828125,13976.0,452.7999877929687,3044.0,1654.4000244140625,4167.7998046875,53.95000076293945,440.1499938964844,625.6500244140625,1118.9000244140625,5335.0,391.5499877929687,170.50999450683594,688.0,2960.300048828125,1468.0,3099.39990234375,3537.39990234375,,3522.0,1294.800048828125,4617.2001953125,3505.0,12070.0,137.0,1302.4000244140625,1185.4000244140625,669.9500122070312,441.6000061035156,480.0499877929687,1391.699951171875,3484.5,248.4199981689453,23.31999969482422,979.25
2025-10-15,1160.4000244140625,5173.5,303.5,944.2000122070312,2532.800048828125,1043.800048828125,1450.699951171875,5566.5,8148.5,567.0,244.52000427246097,1734.0999755859375,7826.0,135.69000244140625,2375.10009765625,1438.800048828125,802.0999755859375,1109.0,1169.5999755859375,8998.0,2084.10009765625,12217.0,1059.9000244140625,163.1999969482422,268.3999938964844,126.33999633789062,1500.9000244140625,408.1000061035156,1232.5999755859375,1968.5,235.8000030517578,356.3999938964844,1913.300048828125,38380.0,337.8999938964844,5857.5,2456.300048828125,767.239990234375,128.41000366210938,1622.0,757.2999877929688,1698.4000244140625,1558.699951171875,384.25,1765.4000244140625,2227.10009765625,529.9500122070312,288.3999938964844,3957.39990234375,493.1499938964844,2219.199951171875,460.75,6573.0,16777.0,756.2999877929688,4259.60009765625,1232.4000244140625,6895.0,354.3500061035156,390.6000061035156,216.3300018310547,1087.5999755859375,177.3699951171875,1894.199951171875,90.16000366210938,1110.5999755859375,2135.60009765625,2816.800048828125,4845.2001953125,1464.199951171875,1495.699951171875,2882.0,978.25,761.1500244140625,5537.5,764.25,448.6499938964844,2519.0,513.2000122070312,228.7599945068359,1398.4000244140625,2020.300048828125,588.0,8.75,72.97000122070312,135.36000061035156,727.75,775.2999877929688,5860.5,740.0999755859375,344.79998779296875,1474.4000244140625,148.19000244140625,153.69000244140625,154.88999938964844,124.87999725341795,399.8999938964844,1001.4000244140624,312.6499938964844,545.75,1160.800048828125,584.7000122070312,477.0,6958.5,4420.60009765625,1127.800048828125,429.9200134277344,1165.800048828125,875.2999877929688,569.0999755859375,898.9500122070312,1172.0,3828.699951171875,271.54998779296875,,1940.5,3497.199951171875,289.1000061035156,2445.699951171875,710.2000122070312,16212.0,1155.800048828125,2852.39990234375,1908.199951171875,1609.0999755859375,104.77999877929688,2781.89990234375,3260.300048828125,226.5500030517578,1334.800048828125,111.87000274658205,1221.4000244140625,87.04000091552734,76.70999908447266,339.25,1443.5,261.6199951171875,1601.4000244140625,8757.0,423.0499877929687,247.72000122070312,40535.0,584.5999755859375,1277.300048828125,5724.60009765625,279.6499938964844,405.0,571.2999877929688,1676.300048828125,1500.800048828125,3555.300048828125,116.4000015258789,848.8499755859375,1674.0999755859375,7658.5,290.95001220703125,17488.0,193.5,1059.5999755859375,1676.0,299.54998779296875,375.7999877929687,1374.300048828125,338.6000061035156,130.2899932861328,164.97999572753906,929.2000122070312,1840.5999755859373,886.0999755859375,29940.0,677.1500244140625,3118.60009765625,14052.0,452.25,3088.60009765625,1655.0999755859375,4197.5,53.72999954223633,442.7000122070313,628.0999755859375,1114.199951171875,5367.5,396.5,173.24000549316406,695.2999877929688,2969.800048828125,1459.0,3150.199951171875,3549.0,390.8500061035156,3532.800048828125,1309.699951171875,4724.2001953125,3574.89990234375,12311.0,139.44000244140625,1333.0999755859375,1207.4000244140625,677.6500244140625,445.3500061035156,483.0499877929687,1412.0999755859375,3518.39990234375,250.2100067138672,23.31999969482422,977.2999877929688
2025-10-16,1171.800048828125,5212.0,300.0,947.9500122070312,2557.60009765625,1060.300048828125,1479.5,5524.0,8239.0,569.7000122070312,248.2599945068359,1728.0,7833.5,137.24000549316406,2409.699951171875,1444.800048828125,798.5,1106.300048828125,1196.300048828125,9151.5,2090.199951171875,12501.0,1065.75,161.55999755859375,266.1499938964844,125.41999816894533,1504.9000244140625,411.7999877929687,1265.199951171875,1967.4000244140625,236.1699981689453,358.20001220703125,1957.5999755859373,38510.0,335.8999938964844,6025.5,2509.199951171875,766.1599731445312,127.37000274658205,1620.300048828125,760.5999755859375,1668.0999755859375,1569.4000244140625,387.6000061035156,1761.5,2285.800048828125,534.0999755859375,288.6000061035156,3940.60009765625,500.75,2224.39990234375,446.7999877929687,6600.5,16844.0,769.7000122070312,4316.10009765625,1240.199951171875,6988.0,347.8500061035156,397.8500061035156,214.5,1095.25,179.1699981689453,1864.4000244140625,90.87000274658205,1120.0999755859375,2205.300048828125,2859.800048828125,4861.2998046875,1475.800048828125,1515.0,2901.75,994.3499755859376,742.8499755859375,5579.5,780.0999755859375,451.9500122070313,2561.5,506.7000122070313,227.9900054931641,1417.300048828125,2010.0999755859373,587.0,8.850000381469727,71.79000091552734,134.7899932861328,738.0499877929688,771.0499877929688,5881.0,739.5,343.95001220703125,1471.5,146.83999633789062,153.6699981689453,153.1300048828125,124.72000122070312,405.1499938964844,1022.7999877929688,312.1000061035156,548.5999755859375,1172.0999755859375,595.2999877929688,487.1499938964844,6991.5,4172.60009765625,1123.9000244140625,441.0799865722656,1161.9000244140625,872.8499755859375,569.2999877929688,894.1500244140625,1194.800048828125,3861.800048828125,269.19000244140625,,1951.199951171875,3560.800048828125,286.79998779296875,2455.300048828125,725.7000122070312,16298.0,1175.300048828125,2831.89990234375,1866.0999755859373,1552.4000244140625,107.2699966430664,2783.60009765625,3268.5,226.83999633789065,1348.5,112.36000061035156,1276.5999755859375,86.94999694824219,75.87999725341797,341.5,1445.0999755859375,263.3099975585937,1687.0999755859375,8796.5,417.25,248.3500061035156,41020.0,589.8499755859375,1274.0,5841.5,278.75,401.5499877929687,568.8499755859375,1694.9000244140625,1523.0,3550.300048828125,116.11000061035156,843.4000244140625,1691.0,7578.0,291.8500061035156,17700.0,194.1600036621093,1067.699951171875,1696.9000244140625,306.75,377.5,1398.300048828125,336.04998779296875,131.3800048828125,166.88999938964844,934.8499755859376,1835.699951171875,886.9500122070312,30010.0,672.5,3119.0,14035.0,468.5499877929687,3190.0,1659.0,4240.2001953125,53.61000061035156,448.3999938964844,640.4000244140625,1149.300048828125,5403.5,399.0,174.0,692.0999755859375,2970.699951171875,1463.800048828125,3179.0,3640.300048828125,396.7999877929687,3533.800048828125,1337.5999755859375,4793.39990234375,3576.5,12358.0,138.80999755859375,1359.0999755859375,1235.199951171875,680.4000244140625,461.2999877929687,479.1000061035156,1415.5999755859375,3627.39990234375,253.8099975585937,23.1200008392334,984.5999755859376
2025-10-17,1164.9000244140625,5202.0,299.29998779296875,929.7000122070312,2549.39990234375,1036.699951171875,1479.4000244140625,5581.5,8249.5,563.5999755859375,249.6499938964844,1754.0999755859375,7901.5,134.50999450683594,2507.800048828125,1442.4000244140625,792.4500122070312,1101.0,1200.199951171875,9150.5,2083.699951171875,12655.0,1070.0999755859375,160.97999572753906,264.5,123.11000061035156,1540.0,412.7999877929687,1241.5999755859375,2012.0,232.6199951171875,356.1499938964844,1971.4000244140625,38755.0,335.8500061035156,6083.0,2485.60009765625,759.1400146484375,125.48999786376952,1611.300048828125,757.7000122070312,1654.300048828125,1577.5999755859375,388.7999877929687,1734.9000244140625,2295.300048828125,529.5,287.5,3974.89990234375,508.3500061035156,2245.10009765625,465.3500061035156,6621.5,16700.0,767.9500122070312,4302.5,1255.9000244140625,7042.5,342.6499938964844,400.9500122070313,212.3800048828125,1084.9000244140625,177.60000610351562,1861.9000244140625,90.1500015258789,1132.199951171875,2236.199951171875,2836.199951171875,4878.5,1491.5,1486.199951171875,2857.75,1002.5499877929688,745.9500122070312,5592.5,772.7999877929688,448.6000061035156,2603.699951171875,500.25,224.5599975585937,1436.5999755859375,2001.0,595.75,8.699999809265137,71.87999725341797,134.17999267578125,735.4000244140625,782.3499755859375,5848.0,751.0,343.0,1441.0999755859375,146.27999877929688,152.91000366210938,151.0500030517578,123.5199966430664,412.1499938964844,1007.5999755859376,309.29998779296875,540.7999877929688,1163.300048828125,592.6500244140625,489.8500061035156,7019.0,4131.10009765625,1124.300048828125,441.1600036621094,1144.800048828125,900.0499877929688,568.25,885.5,1186.9000244140625,3839.39990234375,266.260009765625,,1940.0,3647.199951171875,283.79998779296875,2476.60009765625,735.1500244140625,16401.0,1202.699951171875,2818.300048828125,1865.699951171875,1547.5999755859375,104.6999969482422,2693.699951171875,3334.5,225.3500061035156,1328.300048828125,111.41000366210938,1289.5,86.73999786376953,74.91000366210938,341.0,1404.0999755859375,261.1400146484375,1700.5,8780.5,408.8999938964844,247.69000244140625,41040.0,587.8499755859375,1285.300048828125,5755.7001953125,275.6000061035156,396.4500122070313,588.25,1687.800048828125,1542.699951171875,3573.10009765625,113.6999969482422,838.8499755859375,1646.9000244140625,7439.5,289.75,17439.0,192.63999938964844,1065.699951171875,1706.199951171875,299.5,374.9500122070313,1416.800048828125,331.6499938964844,128.67999267578125,166.75999450683594,927.0,1844.0999755859373,889.1500244140625,29690.0,675.5,3121.199951171875,14058.0,462.2000122070313,3169.39990234375,1679.0999755859375,4209.0,52.91999816894531,432.1499938964844,638.6500244140625,1166.0,5369.5,397.7999877929687,172.22000122070312,685.2000122070312,2962.199951171875,1447.5999755859375,3136.39990234375,3674.800048828125,396.6000061035156,3584.300048828125,1311.800048828125,4814.39990234375,3654.0,12370.0,136.69000244140625,1361.4000244140625,1217.800048828125,674.1500244140625,461.5499877929687,474.0499877929687,1426.5999755859375,3535.300048828125,240.8999938964844,22.25,987.6500244140624
2025-10-20,1183.300048828125,5231.5,305.3500061035156,937.0499877929688,2548.10009765625,1034.0999755859375,1467.0,5557.0,8245.0,565.5,249.9600067138672,1749.0999755859375,8010.0,135.83999633789062,2516.0,1448.199951171875,865.2000122070312,1099.4000244140625,1226.0,9124.5,2139.800048828125,12605.0,1081.0,166.99000549316406,271.45001220703125,129.77000427246094,1534.5999755859375,416.5,1247.699951171875,2051.5,233.7599945068359,364.2999877929687,1971.300048828125,39215.0,337.70001220703125,6070.0,2494.10009765625,765.6199951171875,127.58999633789062,1599.800048828125,740.1500244140625,1673.300048828125,1639.0999755859375,390.6000061035156,1747.4000244140625,2244.199951171875,533.7999877929688,287.04998779296875,4006.39990234375,504.5499877929687,2195.89990234375,474.8999938964844,6604.0,16075.0,773.9500122070312,4275.2998046875,1282.0,7013.5,338.1499938964844,398.8500061035156,227.0800018310547,1093.0,178.4199981689453,1852.800048828125,91.95999908447266,1136.5,2291.800048828125,2854.0,4860.0,1485.4000244140625,1495.4000244140625,2858.0,1002.9500122070312,742.25,5641.0,786.3499755859375,452.9500122070313,2594.39990234375,486.3999938964844,228.8099975585937,1390.300048828125,2011.0999755859373,596.75,8.9399995803833,76.93000030517578,138.2899932861328,743.0,813.7999877929688,5934.0,759.75,354.3999938964844,1460.9000244140625,146.7899932861328,153.85000610351562,153.25,125.06999969482422,413.0499877929687,1005.5999755859376,310.70001220703125,525.2000122070312,1145.199951171875,590.75,494.8999938964844,6862.5,4145.5,1120.5999755859375,442.760009765625,1146.5999755859375,920.6500244140624,573.0499877929688,891.8499755859375,1185.5999755859375,3872.699951171875,267.5400085449219,,1943.800048828125,3599.10009765625,287.8999938964844,2455.10009765625,727.3499755859375,16424.0,1209.5999755859375,2837.60009765625,1839.0,1533.300048828125,105.7699966430664,2747.5,3322.199951171875,226.02999877929688,1311.5,113.4800033569336,1285.4000244140625,86.55999755859375,75.23999786376953,341.95001220703125,1403.9000244140625,257.4800109863281,1699.199951171875,8585.5,406.9500122070313,248.7400054931641,41720.0,590.25,1305.5,5844.7001953125,279.0,397.9500122070313,584.0,1656.300048828125,1526.300048828125,3534.10009765625,118.0999984741211,869.1500244140625,1643.199951171875,7673.5,288.20001220703125,17452.0,195.5599975585937,1052.0,1717.5,326.6499938964844,374.7000122070313,1466.800048828125,329.0,129.83999633789062,171.99000549316406,937.9500122070312,1839.699951171875,907.5,28880.0,693.9500122070312,3096.800048828125,14084.0,461.2000122070313,3179.89990234375,1688.5999755859375,4192.89990234375,53.09000015258789,421.8999938964844,643.9000244140625,1176.4000244140625,5397.5,399.7999877929687,171.9499969482422,680.8499755859375,3015.199951171875,1444.4000244140625,3126.300048828125,3737.199951171875,399.75,3570.39990234375,1304.199951171875,4802.2998046875,3652.0,12346.0,141.3300018310547,1365.5999755859375,1229.5999755859375,680.7999877929688,456.3500061035156,473.8999938964844,1444.800048828125,3506.60009765625,241.2400054931641,22.63999938964844,1002.3499755859376
2025-10-21,1175.4000244140625,5240.0,304.8500061035156,936.4500122070312,2549.89990234375,1040.0,1473.5,5547.5,8245.5,567.5,249.77999877929688,1752.0999755859375,8012.0,136.24000549316406,2504.60009765625,1446.699951171875,861.3499755859375,1100.5,1237.300048828125,9118.0,2169.10009765625,12732.0,1086.5,165.99000549316406,270.20001220703125,130.25999450683594,1541.699951171875,417.7000122070313,1243.4000244140625,2043.5,234.6000061035156,366.1000061035156,1963.0,39200.0,339.04998779296875,6075.0,2487.800048828125,767.5999755859375,127.12000274658205,1604.0,739.0,1670.300048828125,1663.5999755859375,391.1000061035156,1741.5,2260.60009765625,534.0999755859375,288.6000061035156,4000.89990234375,506.3999938964844,2185.39990234375,476.5499877929687,6587.0,16122.0,771.75,4274.5,1288.699951171875,7018.5,338.1000061035156,399.3500061035156,227.44000244140625,1097.9000244140625,178.38999938964844,1855.4000244140625,92.01000213623048,1133.800048828125,2293.5,2870.699951171875,4858.2001953125,1484.0999755859375,1486.0,2853.75,1007.7000122070312,743.7000122070312,5646.5,784.9500122070312,455.3999938964844,2591.699951171875,483.8500061035156,228.1999969482422,1382.0,2007.0,595.2999877929688,9.0,76.7699966430664,139.13999938964844,744.25,813.2999877929688,5913.0,758.4500122070312,360.2999877929687,1472.4000244140625,149.14999389648438,154.1300048828125,153.13999938964844,125.1999969482422,412.8500061035156,1009.7999877929688,311.79998779296875,528.0999755859375,1152.5,590.7000122070312,492.1000061035156,6867.0,4143.7998046875,1127.300048828125,439.3999938964844,1152.4000244140625,923.9000244140624,573.6500244140625,892.0999755859375,1184.800048828125,3888.199951171875,267.8500061035156,,1942.300048828125,3621.199951171875,286.1000061035156,2445.60009765625,722.0499877929688,16396.0,1204.0,2831.699951171875,1837.4000244140625,1540.800048828125,105.37000274658205,2740.699951171875,3274.699951171875,227.3500061035156,1317.0,112.72000122070312,1287.300048828125,86.3499984741211,75.61000061035156,342.0,1452.0,256.8599853515625,1699.0,8620.5,406.6000061035156,248.1199951171875,41585.0,588.7000122070312,1308.199951171875,5800.10009765625,278.6000061035156,398.4500122070313,583.2000122070312,1651.800048828125,1532.0,3527.10009765625,117.66999816894533,875.5999755859375,1636.4000244140625,7605.0,288.6000061035156,17467.0,197.27999877929688,1059.5,1713.4000244140625,324.6499938964844,377.1499938964844,1465.199951171875,332.0,129.9499969482422,175.1199951171875,936.7000122070312,1841.0,907.8499755859376,28950.0,695.25,3102.89990234375,14107.0,461.9500122070313,3148.0,1690.5,4190.39990234375,54.18000030517578,432.1000061035156,641.8499755859375,1174.5999755859375,5354.5,398.7999877929687,172.77999877929688,685.0,3006.699951171875,1448.699951171875,3129.89990234375,3729.0,401.8500061035156,3590.89990234375,1319.199951171875,4791.10009765625,3658.300048828125,12342.0,141.66000366210938,1359.699951171875,1226.0,680.9500122070312,459.4500122070313,475.6499938964844,1455.800048828125,3514.300048828125,241.3600006103516,22.75,999.5
2025-10-23,1178.9000244140625,5181.5,308.0,952.4000244140624,2545.800048828125,1044.699951171875,1453.0999755859375,5534.0,8300.0,564.3499755859375,251.1000061035156,1753.5999755859375,7968.5,137.85000610351562,2502.39990234375,1455.800048828125,870.7000122070312,1099.0999755859375,1258.800048828125,9047.0,2176.60009765625,13144.0,1094.1500244140625,171.30999755859375,266.8999938964844,135.52999877929688,1514.800048828125,418.6499938964844,1300.0999755859375,2007.9000244140625,234.2899932861328,362.2999877929687,1972.199951171875,38920.0,331.29998779296875,6068.0,2487.5,774.6799926757812,126.23999786376952,1600.300048828125,732.8499755859375,1684.699951171875,1645.0999755859375,392.6499938964844,1754.699951171875,2286.89990234375,534.75,290.95001220703125,4073.89990234375,511.3999938964844,2133.800048828125,473.7000122070313,6565.5,15611.0,774.2999877929688,4268.0,1279.4000244140625,6884.5,328.3500061035156,392.1499938964844,227.8600006103516,1049.449951171875,180.0800018310547,1850.5999755859373,92.30999755859376,1132.300048828125,2278.800048828125,2864.60009765625,4810.2001953125,1496.4000244140625,1523.9000244140625,2806.0,1008.7999877929688,743.6500244140625,5588.5,792.4000244140625,440.7000122070313,2601.60009765625,482.1499938964844,228.7599945068359,1363.699951171875,1979.199951171875,607.1500244140625,9.520000457763672,78.95999908447266,144.52000427246094,737.5499877929688,826.2000122070312,5789.0,759.5999755859375,358.75,1528.5,152.2100067138672,150.1199951171875,153.5399932861328,125.11000061035156,415.9500122070313,1009.0999755859376,309.04998779296875,533.2999877929688,1138.199951171875,599.4000244140625,494.1499938964844,6704.0,4081.199951171875,1139.9000244140625,445.1199951171875,1161.0,934.4000244140624,580.75,899.9500122070312,1175.300048828125,3918.699951171875,266.9599914550781,,1939.800048828125,3623.60009765625,281.95001220703125,2451.0,724.7999877929688,16393.0,1211.0,2810.0,1851.800048828125,1531.800048828125,107.30999755859376,2799.199951171875,3182.10009765625,228.27999877929688,1379.800048828125,111.4800033569336,1272.800048828125,85.81999969482422,74.19000244140625,342.6499938964844,1442.0999755859375,253.72000122070312,1674.0,8532.0,417.3999938964844,252.3099975585937,41460.0,593.5999755859375,1284.0999755859375,5835.89990234375,279.04998779296875,396.6000061035156,575.75,1691.199951171875,1517.0999755859375,3541.199951171875,118.22000122070312,883.5999755859375,1669.5,7518.5,289.6499938964844,17075.0,203.6000061035156,1063.300048828125,1737.0999755859375,317.8999938964844,374.8999938964844,1448.4000244140625,329.95001220703125,129.33999633789062,174.39999389648438,928.5999755859376,1852.699951171875,911.5499877929688,28970.0,709.6500244140625,3149.89990234375,14022.0,478.0499877929687,3077.39990234375,1689.9000244140625,4151.0,54.52999877929688,424.2999877929687,661.25,1161.0,5471.0,397.6499938964844,174.16000366210938,691.4000244140625,3073.199951171875,1463.4000244140625,3206.39990234375,3772.300048828125,405.8500061035156,3614.10009765625,1328.4000244140625,4783.2998046875,3597.199951171875,12145.0,142.85000610351562,1351.199951171875,1197.4000244140625,675.6500244140625,465.5499877929687,483.25,1431.199951171875,3567.5,244.3000030517578,22.71999931335449,1009.0
2025-10-24,1185.699951171875,5181.0,306.1499938964844,944.25,2504.199951171875,1031.0999755859375,1429.0,5545.0,8321.5,555.0,251.4499969482422,1754.4000244140625,7837.5,136.35000610351562,2501.60009765625,1430.800048828125,860.3499755859375,1085.0,1241.9000244140625,9076.5,2159.5,13144.0,1089.75,170.0,266.20001220703125,133.89999389648438,1544.0,422.0499877929687,1283.9000244140625,2029.300048828125,230.94000244140625,359.5,2006.0,38585.0,330.45001220703125,6053.0,2475.0,776.0399780273438,125.6999969482422,1590.199951171875,723.8499755859375,1733.5999755859375,1584.4000244140625,394.0499877929687,1760.0,2239.39990234375,536.9000244140625,293.3500061035156,4183.2001953125,508.4500122070313,2098.39990234375,466.8999938964844,6593.0,15490.0,772.4500122070312,4213.89990234375,1283.5999755859375,6840.0,326.6000061035156,388.7000122070313,227.3999938964844,1037.300048828125,181.02000427246097,1818.800048828125,93.1999969482422,1130.4000244140625,2287.800048828125,2841.300048828125,4814.2001953125,1494.9000244140625,1523.800048828125,2771.75,994.75,734.9500122070312,5540.5,824.4500122070312,438.4500122070313,2516.39990234375,486.7000122070313,226.8500061035156,1377.699951171875,1993.9000244140625,601.9500122070312,9.619999885559082,78.19999694824219,147.0500030517578,735.9000244140625,820.0499877929688,5779.0,755.0499877929688,361.5499877929687,1525.4000244140625,154.0800018310547,150.3699951171875,153.39999389648438,123.7300033569336,416.7999877929687,1008.2000122070312,305.95001220703125,531.1500244140625,1141.4000244140625,590.5499877929688,495.2999877929687,6689.0,4125.7001953125,1149.4000244140625,437.3999938964844,1178.699951171875,926.4000244140624,579.5,889.6500244140625,1172.9000244140625,3904.89990234375,267.0,,1931.199951171875,3625.0,279.95001220703125,2432.39990234375,725.8499755859375,16274.0,1184.0999755859375,2805.5,1800.699951171875,1518.0,106.25,2818.89990234375,3163.10009765625,236.1000061035156,1377.800048828125,111.69000244140624,1282.0,84.79000091552734,74.19000244140625,339.6000061035156,1435.199951171875,250.58999633789065,1699.9000244140625,8565.0,419.5,254.9600067138672,41025.0,580.9500122070312,1287.0,5826.0,281.04998779296875,393.6000061035156,575.9500122070312,1680.699951171875,1507.0999755859375,3583.199951171875,116.94000244140624,907.2999877929688,1685.699951171875,7513.0,288.5,16767.0,202.3699951171875,1070.699951171875,1754.0999755859375,315.95001220703125,372.6000061035156,1451.5999755859375,329.45001220703125,129.4600067138672,188.25,928.9500122070312,1839.800048828125,904.5,28705.0,715.4500122070312,3152.199951171875,14017.0,478.7000122070313,3082.0,1699.0,4003.699951171875,53.81999969482422,424.8999938964844,659.8499755859375,1155.300048828125,5544.0,396.8500061035156,174.44000244140625,689.6500244140625,3063.199951171875,1453.699951171875,3159.199951171875,3714.89990234375,403.2999877929687,3581.39990234375,1325.800048828125,4789.60009765625,3599.800048828125,11918.0,141.77000427246094,1357.4000244140625,1192.0,672.0499877929688,461.3999938964844,495.6000061035156,1441.4000244140625,3529.5,242.97999572753903,22.670000076293945,1004.9000244140624
2025-10-27,1173.0,5238.0,310.75,946.3499755859376,2492.800048828125,1017.0999755859376,1420.5999755859375,5475.5,8476.0,560.25,257.70001220703125,1767.0,7845.5,140.80999755859375,2518.800048828125,1435.199951171875,864.2000122070312,1094.699951171875,1254.0999755859375,9095.5,2170.199951171875,12953.0,1084.4000244140625,172.0399932861328,273.6499938964844,139.7100067138672,1537.800048828125,415.1499938964844,1301.4000244140625,2080.10009765625,235.0,360.4500122070313,1979.5999755859373,39005.0,343.0,5912.0,2510.199951171875,793.0800170898438,129.1300048828125,1636.5,728.3499755859375,1732.4000244140625,1584.0,396.7000122070313,1830.5999755859373,2216.5,540.75,292.04998779296875,4311.5,507.0499877929687,2093.199951171875,473.0,6490.0,15505.0,779.5,4257.89990234375,1284.300048828125,6906.5,333.70001220703125,379.9500122070313,234.0399932861328,1052.550048828125,180.1699981689453,1812.699951171875,92.33999633789062,1124.699951171875,2320.300048828125,2923.89990234375,4756.7998046875,1492.5999755859375,1533.5,2779.5,1002.9500122070312,737.25,5646.5,840.8499755859375,453.75,2511.800048828125,482.2999877929687,227.0099945068359,1377.5999755859375,1986.4000244140625,600.75,9.970000267028809,78.02999877929688,147.13999938964844,746.5499877929688,825.8499755859375,5835.0,770.0499877929688,371.2999877929687,1504.5,153.10000610351562,155.1999969482422,153.3699951171875,123.4499969482422,420.6499938964844,1034.300048828125,305.54998779296875,529.3499755859375,1150.5999755859375,595.7000122070312,505.8500061035156,6737.5,4084.800048828125,1168.9000244140625,429.7200012207031,1207.0,940.1500244140624,584.3499755859375,897.6500244140625,1177.0,3923.800048828125,267.1499938964844,,1922.9000244140625,3611.60009765625,276.3999938964844,2416.699951171875,723.5999755859375,16388.0,1186.4000244140625,2810.39990234375,1861.0999755859373,1513.5999755859375,106.93000030517578,2888.699951171875,3145.89990234375,237.8699951171875,1364.699951171875,111.5,1283.0,85.0199966430664,74.37000274658203,341.75,1484.0999755859375,255.13999938964844,1736.0,8695.5,422.3500061035156,253.27000427246097,40985.0,590.5,1306.199951171875,5878.10009765625,280.1000061035156,396.8999938964844,571.9500122070312,1711.0999755859375,1504.4000244140625,3610.0,119.62999725341795,927.5999755859376,1749.4000244140625,7666.5,291.04998779296875,16655.0,203.13999938964844,1100.0,1784.800048828125,322.04998779296875,373.7000122070313,1484.0999755859375,330.0,129.89999389648438,188.6300048828125,900.7999877929688,1903.0999755859373,922.75,28590.0,719.5999755859375,3159.89990234375,14019.0,483.8500061035156,3019.39990234375,1693.5999755859375,4000.89990234375,53.709999084472656,425.6499938964844,660.4000244140625,1169.9000244140625,5585.5,400.25,176.66000366210938,695.7999877929688,3084.89990234375,1462.800048828125,3133.800048828125,3739.800048828125,410.0499877929687,3596.39990234375,1321.699951171875,4798.7001953125,3639.89990234375,12015.0,144.9600067138672,1353.0999755859375,1200.0999755859375,679.8499755859375,459.3500061035156,505.25,1436.5999755859375,3585.5,243.9100036621093,22.770000457763672,1013.8499755859376
2025-10-28,1171.800048828125,5175.5,312.6000061035156,921.2000122070312,2494.39990234375,1004.2000122070312,1417.9000244140625,5432.0,8526.5,554.9000244140625,253.7899932861328,1777.0,7880.5,140.10000610351562,2509.300048828125,1450.199951171875,879.9000244140625,1099.4000244140625,1246.300048828125,9057.5,2140.199951171875,12787.0,1072.75,175.6199951171875,276.95001220703125,141.08999633789062,1517.5999755859375,413.5499877929687,1308.0999755859375,2090.199951171875,237.33999633789065,365.75,1951.5999755859373,38540.0,340.6499938964844,5861.0,2419.699951171875,797.0399780273438,129.97999572753906,1632.800048828125,722.5,1723.199951171875,1568.0999755859375,391.3999938964844,1809.800048828125,2232.699951171875,541.2000122070312,290.29998779296875,4285.60009765625,503.3999938964844,2128.0,475.7999877929687,6438.5,15372.0,774.0499877929688,4220.89990234375,1289.4000244140625,7002.5,334.6000061035156,380.7000122070313,235.77999877929688,1057.0,178.4600067138672,1815.0999755859373,92.69000244140624,1115.5,2296.60009765625,2932.89990234375,4724.5,1480.5999755859375,1522.0999755859375,2823.25,1003.5499877929688,747.0,5609.5,848.9500122070312,452.1499938964844,2497.10009765625,471.2000122070313,225.9199981689453,1363.0999755859375,2019.0,600.5,9.4399995803833,79.19999694824219,147.52000427246094,741.75,852.9000244140625,5809.0,799.75,385.8999938964844,1500.199951171875,153.3000030517578,154.52000427246094,151.47000122070312,122.7699966430664,417.8999938964844,1073.5,307.95001220703125,536.3499755859375,1184.199951171875,600.75,504.8999938964844,6842.0,4063.800048828125,1174.800048828125,432.1600036621094,1190.300048828125,959.6500244140624,585.9000244140625,899.9000244140625,1169.0,3972.800048828125,268.3500061035156,,1918.699951171875,3579.10009765625,276.3500061035156,2406.5,720.0499877929688,16311.0,1179.699951171875,2780.39990234375,1823.300048828125,1524.0999755859375,106.9800033569336,2830.89990234375,3182.0,236.7599945068359,1385.699951171875,110.30999755859376,1271.0,84.62999725341797,74.62999725341797,339.1499938964844,1488.5,256.8599853515625,1708.0999755859375,8601.5,412.75,250.5399932861328,40915.0,593.6500244140625,1309.699951171875,5826.89990234375,277.8500061035156,394.6000061035156,565.2999877929688,1702.0,1492.0,3587.199951171875,121.12999725341795,933.5,1775.0,7510.0,288.25,16956.0,202.1000061035156,1090.9000244140625,1758.199951171875,325.1000061035156,368.9500122070313,1486.9000244140625,328.8500061035156,132.16000366210938,187.2599945068359,905.75,1936.800048828125,930.25,28585.0,723.7000122070312,3109.699951171875,13853.0,484.3500061035156,3027.699951171875,1687.0,3814.199951171875,56.220001220703125,422.1000061035156,657.5,1168.9000244140625,5545.0,398.6499938964844,181.8099975585937,695.5,3057.89990234375,1447.4000244140625,3125.5,3717.0,411.5,3576.5,1277.199951171875,4725.39990234375,3562.0,11931.0,147.07000732421875,1351.800048828125,1201.199951171875,702.5999755859375,454.1499938964844,502.4500122070313,1428.4000244140625,3486.39990234375,242.3800048828125,22.729999542236328,1001.25
2025-10-29,1126.699951171875,5289.0,310.79998779296875,967.5499877929688,2537.39990234375,1112.5999755859375,1454.800048828125,5535.0,8312.5,571.75,251.1699981689453,1804.800048828125,7858.5,139.47999572753906,2538.699951171875,1464.800048828125,882.4500122070312,1111.699951171875,1248.800048828125,9034.0,2137.0,12619.0,1062.949951171875,172.22999572753906,274.6000061035156,140.77000427246094,1525.800048828125,407.2000122070313,1322.199951171875,2100.60009765625,245.38999938964844,373.7000122070313,1965.0999755859373,37380.0,348.1000061035156,5852.5,2447.300048828125,771.0999755859375,128.77000427246094,1616.4000244140625,748.5999755859375,1710.4000244140625,1581.0999755859375,382.0,1797.4000244140625,2267.699951171875,553.8499755859375,291.04998779296875,4357.89990234375,508.0499877929687,2130.800048828125,484.7000122070313,6512.0,15512.0,778.7000122070312,4229.39990234375,1250.9000244140625,6952.0,330.45001220703125,384.6000061035156,234.9100036621093,1055.449951171875,184.63999938964844,1843.300048828125,92.97000122070312,1106.800048828125,2311.300048828125,2958.699951171875,4695.10009765625,1509.4000244140625,1557.300048828125,2699.0,1007.8499755859376,761.2999877929688,5551.5,856.25,468.8500061035156,2488.10009765625,483.6000061035156,235.67999267578125,1370.4000244140625,2029.9000244140625,601.0,9.359999656677246,79.3499984741211,148.66000366210938,746.75,854.4500122070312,5813.0,807.4500122070312,381.0499877929687,1510.4000244140625,156.22000122070312,163.08999633789062,155.57000732421875,125.08999633789062,421.6000061035156,1070.5999755859375,309.75,534.4500122070312,1207.9000244140625,613.0499877929688,513.2000122070312,6918.5,4088.199951171875,1129.300048828125,430.1000061035156,1194.0999755859375,961.7000122070312,593.4500122070312,908.75,1179.199951171875,3958.10009765625,268.1700134277344,,1955.9000244140625,3534.699951171875,276.54998779296875,2443.699951171875,721.7999877929688,16138.0,1189.5,2774.199951171875,1835.0999755859373,1518.800048828125,107.7300033569336,2874.60009765625,3183.199951171875,238.1000061035156,1389.0999755859375,115.22000122070312,1273.0,86.94999694824219,76.69999694824219,347.5,1471.5,258.0599975585937,1713.4000244140625,8659.5,420.5,255.63999938964844,41360.0,604.7000122070312,1309.300048828125,5891.10009765625,283.75,408.7999877929687,574.5999755859375,1707.9000244140625,1507.300048828125,3604.89990234375,121.0999984741211,938.4500122070312,1723.4000244140625,7735.5,295.3500061035156,17482.0,204.1300048828125,1099.199951171875,1753.0999755859375,323.6000061035156,385.5499877929687,1504.199951171875,332.75,140.5500030517578,184.0399932861328,910.9500122070312,1970.4000244140625,939.75,29210.0,738.4500122070312,3148.699951171875,13960.0,483.1499938964844,3027.800048828125,1715.9000244140625,3849.300048828125,58.18999862670898,418.9500122070313,659.25,1177.0999755859375,5538.5,410.7000122070313,185.19000244140625,701.1500244140625,3057.60009765625,1452.199951171875,3140.800048828125,3748.300048828125,411.3500061035156,3599.300048828125,1313.5999755859375,4780.60009765625,3498.89990234375,11999.0,146.1199951171875,1387.4000244140625,1215.0,720.0499877929688,495.4500122070313,516.2000122070312,1418.800048828125,3477.60009765625,242.27999877929688,22.690000534057617,1002.9000244140624
2025-10-30,1119.5999755859375,5279.0,326.79998779296875,965.6500244140624,2526.89990234375,1140.0999755859375,1457.9000244140625,5525.0,8085.5,567.9000244140625,251.3099975585937,1784.5999755859375,7790.0,140.77000427246094,2523.5,1464.9000244140625,878.2999877929688,1102.5,1238.5999755859375,8923.0,2114.60009765625,12446.0,1052.300048828125,170.5800018310547,272.75,138.83999633789062,1515.0999755859375,409.8999938964844,1317.199951171875,2066.300048828125,261.2900085449219,376.6000061035156,1961.800048828125,37210.0,357.6000061035156,5859.5,2442.800048828125,791.4199829101562,132.88999938964844,1614.699951171875,734.7000122070312,1711.800048828125,1540.0999755859375,387.7000122070313,1807.699951171875,2255.300048828125,549.5999755859375,286.6499938964844,4384.2001953125,501.5499877929687,2099.10009765625,475.2999877929687,6655.0,15644.0,776.5499877929688,4161.10009765625,1202.199951171875,6889.0,329.3500061035156,383.0499877929687,234.8099975585937,1044.5999755859375,183.08999633789065,1882.800048828125,94.47000122070312,1113.0999755859375,2298.89990234375,2950.39990234375,4650.2001953125,1506.300048828125,1549.800048828125,2682.25,998.1500244140624,746.5999755859375,5515.0,861.3499755859375,469.75,2469.60009765625,477.6000061035156,239.7400054931641,1362.4000244140625,2014.0999755859373,600.4000244140625,8.729999542236328,78.93000030517578,143.5500030517578,749.6500244140625,854.8499755859375,5725.0,800.9500122070312,368.25,1493.800048828125,154.72999572753906,163.50999450683594,153.74000549316406,123.9499969482422,418.75,1070.199951171875,309.79998779296875,538.1500244140625,1210.0,613.25,512.9000244140625,6800.0,4109.0,1112.0,427.4400024414063,1171.5,970.3499755859376,570.4500122070312,900.75,1171.4000244140625,3987.5,267.8900146484375,,1945.800048828125,3502.10009765625,274.8999938964844,2446.60009765625,721.5,16206.0,1178.5,2743.60009765625,1820.300048828125,1556.199951171875,106.87999725341795,2893.699951171875,3191.39990234375,238.0800018310547,1384.0999755859375,118.37000274658205,1279.9000244140625,86.1500015258789,75.88999938964844,345.1499938964844,1445.4000244140625,256.7699890136719,1750.300048828125,8612.5,434.75,254.52999877929688,40945.0,609.5499877929688,1309.800048828125,5961.7001953125,282.1000061035156,405.0499877929687,573.7999877929688,1703.5,1486.4000244140625,3595.800048828125,120.08999633789062,934.5499877929688,1844.5,7845.0,291.5,17933.0,201.8999938964844,1099.800048828125,1755.300048828125,324.95001220703125,378.2999877929687,1488.5,331.54998779296875,137.0500030517578,184.3800048828125,885.75,1968.4000244140625,934.3499755859376,28740.0,738.25,3126.800048828125,13901.0,482.9500122070313,2981.10009765625,1703.4000244140625,3809.300048828125,58.5099983215332,417.9500122070313,650.6500244140625,1176.5999755859375,5539.5,409.7999877929687,184.3500061035156,699.9000244140625,3035.300048828125,1433.800048828125,3059.699951171875,3750.699951171875,412.4500122070313,3602.39990234375,1316.0,4744.5,3491.699951171875,12053.0,142.32000732421875,1394.5999755859375,1222.800048828125,721.3499755859375,485.25,506.9500122070313,1419.800048828125,3432.199951171875,241.9199981689453,22.229999542236328,986.1500244140624
2025-10-31,1080.699951171875,5220.0,324.20001220703125,986.2000122070312,2481.0,1140.0,1451.5,5506.5,8036.5,565.4000244140625,249.2400054931641,1791.5,7681.0,141.52999877929688,2510.800048828125,1450.0999755859375,877.8499755859375,1138.9000244140625,1232.800048828125,8892.5,2088.300048828125,12303.0,1042.800048828125,156.55999755859375,278.3999938964844,139.8800048828125,1529.9000244140625,426.1000061035156,1324.699951171875,2054.5,265.489990234375,372.1000061035156,1937.4000244140625,37245.0,356.79998779296875,5836.5,2479.0,788.260009765625,136.99000549316406,1587.199951171875,736.6500244140625,1696.800048828125,1501.300048828125,388.6499938964844,1778.0999755859375,2243.0,545.25,282.70001220703125,4344.10009765625,487.5499877929687,2096.800048828125,465.9500122070313,6738.0,15494.0,756.25,4153.5,1197.5999755859375,7007.0,317.75,381.8999938964844,236.6100006103516,1023.0499877929688,182.7599945068359,1891.199951171875,93.97000122070312,1118.5999755859375,2288.0,2891.699951171875,4679.7998046875,1493.9000244140625,1541.5,2689.5,987.2999877929688,731.8499755859375,5544.0,847.8499755859375,476.0,2465.5,476.5,237.0,1345.300048828125,1993.699951171875,591.1500244140625,8.729999542236328,81.7699966430664,139.05999755859375,741.7999877929688,858.7000122070312,5625.0,794.7999877929688,363.6000061035156,1482.300048828125,155.1300048828125,165.89999389648438,151.92999267578125,123.30999755859376,420.3500061035156,1066.800048828125,306.79998779296875,527.4500122070312,1206.0,597.8499755859375,509.7000122070313,6704.5,4032.0,1098.0999755859375,420.4400024414063,1166.699951171875,953.6500244140624,570.9500122070312,894.7000122070312,1197.9000244140625,4030.89990234375,270.489990234375,,1963.5,3487.199951171875,269.5,2384.0,719.9500122070312,16186.0,1147.800048828125,2729.0,1848.699951171875,1546.5,105.38999938964844,2764.39990234375,3178.699951171875,234.13999938964844,1378.300048828125,117.41000366210938,1271.5999755859375,84.83999633789062,75.79000091552734,336.95001220703125,1418.4000244140625,247.94000244140625,1778.300048828125,8515.0,433.3500061035156,255.3699951171875,41200.0,602.4000244140625,1303.199951171875,5916.60009765625,281.25,403.25,570.9500122070312,1682.5999755859375,1444.5999755859375,3577.39990234375,122.88999938964844,928.7000122070312,1785.4000244140625,7704.0,288.1499938964844,17778.0,199.6300048828125,1093.199951171875,1744.699951171875,326.3500061035156,374.8500061035156,1486.4000244140625,328.79998779296875,136.85000610351562,188.58999633789065,878.6500244140625,1955.699951171875,937.0,28310.0,748.9000244140625,3096.300048828125,13878.0,472.75,2930.5,1690.699951171875,3812.5,59.29999923706055,409.9500122070313,650.0999755859375,1165.0,5454.5,404.8999938964844,182.83999633789065,692.25,3058.0,1424.4000244140625,3023.0,3746.699951171875,410.0,3560.10009765625,1316.5,4694.2998046875,3508.699951171875,11947.0,148.6699981689453,1431.4000244140625,1235.199951171875,720.0999755859375,469.6499938964844,493.5499877929687,1383.5999755859375,3427.39990234375,240.6699981689453,22.739999771118164,974.4500122070312
2025-11-03,1093.5999755859375,5256.0,334.25,994.5499877929688,2467.0,1105.199951171875,1444.699951171875,5628.5,7957.5,577.2000122070312,256.3800048828125,1796.199951171875,7824.5,139.8300018310547,2512.199951171875,1480.699951171875,866.9500122070312,1158.5999755859375,1233.699951171875,8922.5,2081.60009765625,12127.0,1043.0999755859375,157.60000610351562,291.20001220703125,142.1300048828125,1536.5999755859375,422.2999877929687,1340.699951171875,2074.0,264.95001220703125,377.1499938964844,1934.4000244140625,37025.0,367.2999877929687,5820.5,2548.300048828125,779.47998046875,139.60000610351562,1593.4000244140625,745.3499755859375,1718.5,1511.5,388.5499877929687,1794.800048828125,2200.39990234375,549.8499755859375,284.1000061035156,4379.7001953125,503.2999877929687,2081.89990234375,472.25,6804.0,15485.0,777.2000122070312,4156.0,1196.0,7023.5,322.6000061035156,383.2999877929687,237.88999938964844,1030.699951171875,183.69000244140625,1898.4000244140625,93.5,1178.5999755859375,2307.5,2899.89990234375,4694.7001953125,1497.300048828125,1543.5,2702.25,992.6500244140624,736.0,5539.0,847.2000122070312,484.1000061035156,2460.0,480.6499938964844,237.3300018310547,1346.4000244140625,2007.5999755859373,599.25,9.539999961853027,81.98999786376953,140.00999450683594,747.1500244140625,880.3499755859375,5695.5,796.9000244140625,382.75,1485.5,157.25,167.72999572753906,153.3000030517578,123.0999984741211,413.9500122070313,1077.0,306.79998779296875,532.9000244140625,1195.0,600.4000244140625,515.8499755859375,6652.5,3984.10009765625,1102.800048828125,422.7000122070313,1164.0,975.4000244140624,575.5499877929688,919.9000244140624,1235.0999755859375,3980.5,279.70001220703125,,1983.800048828125,3548.89990234375,267.8500061035156,2399.5,722.2000122070312,15651.0,1145.9000244140625,2748.60009765625,1905.300048828125,1559.9000244140625,105.56999969482422,2784.199951171875,3190.60009765625,238.6600036621093,1359.5999755859375,117.63999938964844,1266.699951171875,85.33000183105469,75.91999816894531,335.20001220703125,1426.5999755859375,250.0800018310547,1807.5,8407.0,437.0,257.54998779296875,40760.0,578.1500244140625,1274.800048828125,5931.0,285.04998779296875,403.3999938964844,575.9500122070312,1746.5,1460.5,3685.300048828125,123.5199966430664,937.9000244140624,1810.199951171875,7626.5,288.0,17919.0,201.5599975585937,1065.9000244140625,1780.699951171875,328.75,379.2000122070313,1484.699951171875,328.70001220703125,137.97000122070312,189.92999267578125,887.5,1969.5999755859373,949.7000122070312,27975.0,796.4500122070312,3127.5,14161.0,481.25,2968.10009765625,1706.4000244140625,3929.5,59.2400016784668,402.4500122070313,657.7999877929688,1197.5,5434.0,408.6000061035156,182.6699981689453,696.25,3016.800048828125,1419.800048828125,3046.5,3724.5,417.0,3628.300048828125,1344.800048828125,4713.39990234375,3510.5,11950.0,150.8800048828125,1447.5999755859375,1264.5999755859375,730.5999755859375,474.75,513.0,1365.699951171875,3430.0,240.5,22.96999931335449,981.0499877929688
2025-11-04,1079.0999755859375,5244.0,331.45001220703125,985.9000244140624,2419.800048828125,1086.4000244140625,1444.4000244140625,5664.0,7797.5,567.4000244140625,251.83999633789065,1779.199951171875,7810.5,140.44000244140625,2486.699951171875,1467.199951171875,880.2999877929688,1149.0999755859375,1226.5999755859375,8751.0,2073.199951171875,12091.0,1057.0,156.16000366210938,288.1000061035156,142.16000366210938,1481.0999755859375,415.1499938964844,1324.9000244140625,2113.300048828125,267.25,380.5,1917.5999755859373,37850.0,372.9500122070313,5892.5,2496.60009765625,760.219970703125,139.60000610351562,1539.0999755859375,747.5999755859375,1745.9000244140625,1503.300048828125,377.5499877929687,1767.0,2190.800048828125,542.5,283.25,4316.7998046875,517.0499877929688,2049.60009765625,484.8500061035156,6804.5,15254.0,774.5999755859375,4182.39990234375,1200.0,6930.0,313.5,379.7000122070313,237.8500061035156,1019.0999755859376,181.6199951171875,1845.0999755859373,95.16000366210938,1163.4000244140625,2293.199951171875,2882.0,4685.7998046875,1486.4000244140625,1529.0999755859375,2701.25,985.25,742.4500122070312,5309.0,831.4000244140625,484.8500061035156,2445.699951171875,473.3500061035156,233.0399932861328,1336.9000244140625,2040.0,607.5499877929688,9.40999984741211,81.12999725341797,137.66000366210938,743.2000122070312,872.4000244140625,5637.0,790.2000122070312,392.5499877929687,1467.9000244140625,154.77999877929688,169.25,151.00999450683594,122.23999786376952,408.8999938964844,1080.699951171875,301.8999938964844,528.0999755859375,1181.4000244140625,593.4500122070312,522.5999755859375,6658.5,3990.10009765625,1069.4000244140625,419.3200073242187,1155.4000244140625,983.1500244140624,574.0,905.7000122070312,1222.9000244140625,3924.39990234375,280.0,,1997.0,3581.199951171875,266.45001220703125,2369.5,717.2999877929688,15374.0,1138.4000244140625,2683.0,1865.0999755859373,1592.4000244140625,104.48999786376952,2766.60009765625,3188.300048828125,233.27000427246097,1338.699951171875,113.9499969482422,1265.0,84.16000366210938,74.2699966430664,330.6000061035156,1429.5999755859375,250.8300018310547,1781.0999755859375,8325.0,431.5,252.3500061035156,40135.0,575.5499877929688,1268.0,5858.5,280.5,396.2000122070313,568.75,1767.699951171875,1455.199951171875,3683.300048828125,123.25,931.6500244140624,1823.0999755859373,7560.0,279.04998779296875,20457.0,200.4199981689453,1041.800048828125,1746.5,323.8500061035156,370.6499938964844,1473.0999755859375,325.79998779296875,138.17999267578125,186.22000122070312,880.4000244140625,1971.5,957.5999755859376,27600.0,796.5,3119.60009765625,13624.0,483.7999877929687,2941.699951171875,1690.0,3888.60009765625,59.9900016784668,413.3500061035156,646.5499877929688,1179.300048828125,5381.0,400.6000061035156,179.2899932861328,686.7999877929688,2990.199951171875,1409.199951171875,2992.5,3813.5,406.5,3575.0,1304.300048828125,4660.60009765625,3473.10009765625,11819.0,151.5399932861328,1450.9000244140625,1252.0,731.3499755859375,471.0,508.1499938964844,1359.4000244140625,3369.60009765625,237.9199981689453,23.020000457763672,971.7000122070312
2025-11-06,1068.199951171875,5228.0,327.04998779296875,968.1500244140624,2314.300048828125,1060.5,1436.800048828125,5643.5,7832.5,558.4000244140625,248.6499938964844,1785.699951171875,7782.0,141.22999572753906,2602.89990234375,1566.0999755859375,881.0,1140.5999755859375,1228.5,8720.5,2063.199951171875,13139.0,1041.9000244140625,152.92999267578125,286.3500061035156,140.1699981689453,1438.0999755859375,408.7999877929687,1319.699951171875,2094.89990234375,260.04998779296875,385.2000122070313,1785.5,37020.0,367.9500122070313,6013.5,2455.5,747.9600219726562,139.24000549316406,1532.9000244140625,732.7000122070312,1683.4000244140625,1501.5,373.1499938964844,1763.9000244140625,2173.60009765625,519.3499755859375,278.54998779296875,4316.10009765625,523.7000122070312,2048.800048828125,442.6000061035156,6883.5,15079.0,758.3499755859375,4082.199951171875,1205.199951171875,6806.5,305.6499938964844,379.8500061035156,235.8300018310547,1009.9000244140624,178.97999572753906,1810.4000244140625,94.4499969482422,1146.0,2193.699951171875,2700.10009765625,4593.60009765625,1442.300048828125,1526.4000244140625,2694.25,984.6500244140624,736.0499877929688,5326.0,788.4000244140625,473.1499938964844,2436.0,467.2000122070313,227.52000427246097,1320.4000244140625,2001.0,603.75,9.270000457763672,80.37000274658203,138.13999938964844,697.0,865.7999877929688,5693.0,786.2000122070312,398.2999877929687,1466.699951171875,150.05999755859375,168.3699951171875,148.55999755859375,120.25,407.5,1045.5,298.1000061035156,517.3499755859375,1168.800048828125,583.25,512.8499755859375,6358.5,3927.60009765625,1062.0999755859375,416.6400146484375,1159.199951171875,979.7999877929688,570.1500244140625,896.0999755859375,1232.5,3881.60009765625,275.20001220703125,,1955.5,3618.5,274.0,2309.10009765625,713.1500244140625,15452.0,1125.4000244140625,2630.5,1850.0999755859373,1584.199951171875,103.91999816894533,2773.89990234375,3183.800048828125,230.58999633789065,1326.800048828125,111.44000244140624,1266.0999755859375,82.8499984741211,73.12000274658203,326.6499938964844,1461.5999755859375,246.13999938964844,1780.4000244140625,8212.5,433.0499877929687,251.5,39760.0,573.0,1320.5999755859375,5842.0,275.0,386.1000061035156,550.0999755859375,1744.800048828125,1442.800048828125,3750.10009765625,120.45999908447266,908.5499877929688,1757.4000244140625,7591.5,270.20001220703125,20207.0,199.3300018310547,1004.2000122070312,1725.199951171875,325.6000061035156,362.7000122070313,1496.0999755859375,317.79998779296875,137.91000366210938,185.3000030517578,870.2000122070312,1970.800048828125,960.75,27450.0,792.5,3083.5,13376.0,482.8999938964844,2899.300048828125,1685.9000244140625,3845.10009765625,59.61000061035156,403.9500122070313,620.5999755859375,1190.4000244140625,5242.5,391.75,177.27000427246094,676.9000244140625,3010.89990234375,1413.5999755859375,2977.60009765625,3774.39990234375,407.8500061035156,3553.39990234375,1273.199951171875,4679.2001953125,3446.800048828125,11910.0,150.14999389648438,1416.5,1233.800048828125,733.3499755859375,471.8500061035156,504.9500122070313,1292.4000244140625,3369.0,240.0500030517578,22.6299991607666,936.7000122070312
2025-11-07,1066.0,5016.5,338.1000061035156,960.5999755859376,2369.39990234375,1059.800048828125,1448.300048828125,5668.5,7227.0,558.7999877929688,261.6400146484375,1800.5,7642.0,141.27999877929688,2613.800048828125,1557.300048828125,908.7000122070312,1123.800048828125,1222.800048828125,8721.5,2102.10009765625,12580.0,1066.5999755859375,153.7100067138672,289.04998779296875,144.5800018310547,1447.699951171875,414.25,1317.0999755859375,2001.199951171875,263.8500061035156,380.3999938964844,1752.699951171875,36810.0,367.1499938964844,6157.5,2678.300048828125,759.0599975585938,140.6699981689453,1578.800048828125,733.25,1703.9000244140625,1505.699951171875,376.0,1740.199951171875,2167.199951171875,521.7000122070312,277.1499938964844,4291.7998046875,518.6500244140625,2037.5,429.5499877929687,6656.5,14849.0,759.4500122070312,4011.0,1205.4000244140625,6886.0,306.1000061035156,377.3500061035156,237.2599945068359,1020.0,180.47000122070312,1811.5,95.66000366210938,1121.800048828125,2142.699951171875,2724.60009765625,4626.60009765625,1448.5,1512.4000244140625,2716.25,982.2999877929688,749.25,5296.0,790.4000244140625,479.5499877929687,2414.0,474.5,230.69000244140625,1343.0,2020.199951171875,615.3499755859375,9.609999656677246,81.47000122070312,138.9600067138672,691.2999877929688,873.9500122070312,5583.5,797.25,400.7999877929687,1476.800048828125,149.4499969482422,169.16000366210938,149.3699951171875,121.36000061035156,404.0499877929687,1069.9000244140625,299.29998779296875,519.1500244140625,1171.699951171875,576.5,512.7999877929688,6225.0,3936.800048828125,1111.0,417.6600036621094,1153.0,982.1500244140624,571.2000122070312,924.1500244140624,1226.5999755859375,3882.5,303.6000061035156,,1971.800048828125,3690.199951171875,270.6499938964844,2261.800048828125,711.5999755859375,15479.0,1135.300048828125,2670.300048828125,1886.0999755859373,1618.0999755859375,103.8000030517578,2736.0,3230.0,234.72999572753903,1345.4000244140625,113.38999938964844,1262.699951171875,81.4800033569336,74.23999786376953,326.1000061035156,1460.0,245.8699951171875,1792.9000244140625,8076.5,433.7000122070313,252.1999969482422,39740.0,578.9000244140625,1346.5,5781.0,278.5,380.25,528.2999877929688,1773.300048828125,1454.800048828125,3758.300048828125,122.37999725341795,896.1500244140625,1783.800048828125,7542.0,272.0,20863.0,199.1499938964844,1029.800048828125,1738.5999755859375,328.25,364.9500122070313,1478.0,318.0,141.0,185.4100036621093,872.0,1998.9000244140625,955.8499755859376,27375.0,816.3499755859375,3033.39990234375,13573.0,491.1000061035156,2896.800048828125,1691.4000244140625,3831.199951171875,57.380001068115234,401.3999938964844,616.2999877929688,1167.199951171875,5180.0,393.2000122070313,181.3699951171875,672.9500122070312,2991.800048828125,1386.699951171875,2985.60009765625,3769.300048828125,405.7000122070313,3580.0,1281.199951171875,4627.2998046875,3456.800048828125,11849.0,153.3000030517578,1429.0999755859375,1229.699951171875,747.9500122070312,470.2000122070313,515.0499877929688,1321.5,3276.199951171875,236.4900054931641,22.850000381469727,944.0999755859376
2025-11-10,1074.5999755859375,4992.0,333.54998779296875,959.1500244140624,2298.358154296875,1041.300048828125,1444.9000244140625,5679.5,7016.5,556.0999755859375,260.6400146484375,1799.0999755859375,7529.5,142.27999877929688,2650.39990234375,1568.4000244140625,914.5999755859376,1154.800048828125,1217.0,8772.0,2118.300048828125,12614.0,1085.0,152.5,287.70001220703125,145.94000244140625,1514.4000244140625,416.8500061035156,1328.4000244140625,2019.800048828125,273.3500061035156,382.1499938964844,1771.5999755859375,37280.0,365.1499938964844,6133.5,2625.300048828125,763.47998046875,141.0399932861328,1589.800048828125,738.1500244140625,1754.4000244140625,1511.5,381.3500061035156,1757.5999755859375,2171.199951171875,521.3499755859375,280.29998779296875,4349.2001953125,515.4500122070312,2055.699951171875,427.6000061035156,6691.5,14867.0,760.0,4019.0,1198.699951171875,6866.5,301.45001220703125,379.1000061035156,238.4600067138672,992.7000122070312,181.52000427246097,1829.9000244140625,95.6500015258789,1126.699951171875,2167.699951171875,2762.89990234375,4789.7998046875,1457.699951171875,1540.5,2748.0,984.5,750.7000122070312,5359.5,785.2000122070312,482.0,2408.800048828125,484.6000061035156,233.7899932861328,1348.0,2025.4000244140625,614.7999877929688,9.5,81.20999908447266,139.5800018310547,703.7999877929688,876.3499755859375,5588.5,799.3499755859375,398.75,1513.5,151.6199951171875,169.38999938964844,148.7100067138672,120.7699966430664,405.5499877929687,1071.4000244140625,301.95001220703125,522.5,1179.300048828125,584.3499755859375,510.3999938964844,6482.0,4032.39990234375,1081.5999755859375,418.5400085449219,1192.9000244140625,1001.0499877929688,571.7000122070312,899.7000122070312,1206.0999755859375,3918.5,300.8999938964844,,1990.199951171875,3663.89990234375,277.95001220703125,2236.60009765625,719.25,15583.0,1098.0,2705.60009765625,1906.0999755859373,1619.0999755859375,102.5500030517578,2776.199951171875,3328.199951171875,257.3599853515625,1342.4000244140625,113.19000244140624,1262.9000244140625,82.30999755859375,75.08000183105469,325.45001220703125,1493.699951171875,260.82000732421875,1787.199951171875,8176.5,431.7999877929687,251.3999938964844,40200.0,580.0,1330.699951171875,5864.5,277.6499938964844,377.2999877929687,532.2999877929688,1760.9000244140625,1456.5999755859375,3820.5,122.33999633789062,898.9500122070312,1798.5,7608.0,268.20001220703125,21297.0,195.4499969482422,1023.5,1750.699951171875,324.0,362.3999938964844,1489.300048828125,315.8999938964844,144.33999633789062,179.24000549316406,875.0499877929688,1989.300048828125,951.1500244140624,27090.0,821.0999755859375,3054.39990234375,13407.0,485.7000122070313,2903.89990234375,1697.800048828125,3866.5,57.43000030517578,386.9500122070313,630.2000122070312,1142.699951171875,5207.0,395.8500061035156,181.47999572753903,678.9000244140625,3025.199951171875,1397.800048828125,2980.300048828125,3803.0,410.4500122070313,3817.5,1312.199951171875,4283.7001953125,3490.800048828125,11728.0,154.24000549316406,1409.5,1319.300048828125,750.6500244140625,463.25,519.5999755859375,1340.699951171875,3315.10009765625,239.83999633789065,22.739999771118164,948.4000244140624
2025-11-11,1070.0,4978.5,329.3500061035156,989.2999877929688,2294.5771484375,1044.199951171875,1474.4000244140625,5696.5,7144.5,557.5499877929688,264.1400146484375,1791.0,7501.0,146.0399932861328,2657.199951171875,1555.800048828125,889.4000244140625,1168.199951171875,1222.5,8895.0,1989.4000244140625,12156.0,1005.2000122070312,150.94000244140625,285.8500061035156,145.50999450683594,1533.4000244140625,427.2999877929687,1402.0999755859375,2042.300048828125,285.79998779296875,385.1000061035156,1780.0999755859375,36680.0,374.1499938964844,5950.5,2644.199951171875,767.6799926757812,140.8699951171875,1600.9000244140625,732.9500122070312,1741.800048828125,1514.9000244140625,382.7999877929687,1797.0999755859375,2182.10009765625,522.9000244140625,279.1000061035156,4414.2001953125,519.9500122070312,2044.800048828125,430.1000061035156,6539.5,15094.0,765.25,4072.199951171875,1211.5,6873.0,305.79998779296875,377.0,235.88999938964844,986.9000244140624,182.33999633789065,1817.300048828125,95.48999786376952,1138.4000244140625,2158.5,2775.800048828125,4862.60009765625,1443.5999755859375,1570.0,2740.0,991.7000122070312,763.9000244140625,5417.5,793.75,487.8999938964844,2427.5,487.5,230.6999969482422,1358.300048828125,1996.0999755859373,624.7000122070312,10.239999771118164,80.69000244140625,139.33999633789062,697.75,867.9000244140625,5782.5,826.0999755859375,400.6000061035156,1530.300048828125,151.77000427246094,172.44000244140625,149.0399932861328,121.61000061035156,406.8500061035156,1080.199951171875,304.8999938964844,526.8499755859375,1191.5,580.0499877929688,509.3999938964844,6455.5,4062.699951171875,1094.0999755859375,417.3800048828125,1212.5,985.7000122070312,571.5,900.5999755859375,1221.0,3955.0,295.04998779296875,,1975.9000244140625,3749.10009765625,274.8999938964844,2220.5,713.0,15645.0,1095.4000244140625,2752.5,1899.0,1635.5,105.45999908447266,2777.5,3389.300048828125,265.6600036621094,1341.0,113.58999633789062,1268.0999755859375,81.88999938964844,75.79000091552734,326.6499938964844,1469.300048828125,262.0199890136719,1762.699951171875,8242.0,435.9500122070313,249.4499969482422,40220.0,582.5,1332.5999755859375,6031.0,277.54998779296875,375.0,529.2000122070312,1736.699951171875,1472.9000244140625,3786.800048828125,122.0199966430664,898.5,1796.4000244140625,7659.5,267.6499938964844,21854.0,194.22000122070312,1025.0999755859375,1758.5999755859375,320.3999938964844,362.0499877929687,1493.4000244140625,317.75,144.39999389648438,176.36000061035156,863.4500122070312,1997.300048828125,953.2999877929688,27035.0,832.2999877929688,3022.0,13788.0,489.7999877929687,2929.89990234375,1716.0999755859375,3874.199951171875,57.81999969482422,394.25,644.9000244140625,1156.199951171875,5283.5,395.6000061035156,181.0399932861328,684.8499755859375,3047.0,1408.0,2999.39990234375,3812.39990234375,407.6000061035156,3825.800048828125,1336.800048828125,4315.7998046875,3474.199951171875,11825.0,152.6199951171875,1414.5,1311.0999755859375,752.3499755859375,470.6000061035156,523.8499755859375,1303.800048828125,3318.60009765625,241.69000244140625,22.6299991607666,938.9000244140624
2025-11-12,1089.0,4924.0,329.6000061035156,1001.9000244140624,2408.685546875,1070.800048828125,1506.9000244140625,5767.5,7204.5,562.5499877929688,267.95001220703125,1796.4000244140625,7498.0,142.52999877929688,2769.800048828125,1585.199951171875,882.0499877929688,1183.5999755859375,1221.5999755859375,8868.0,2035.5,11998.0,1013.2000122070312,155.85000610351562,285.0,146.66000366210938,1532.4000244140625,424.75,1389.199951171875,2073.800048828125,287.04998779296875,405.8999938964844,1798.0,37255.0,375.4500122070313,5880.0,2775.39990234375,792.7999877929688,143.57000732421875,1655.300048828125,739.8499755859375,1718.800048828125,1519.300048828125,386.5,1827.699951171875,2177.39990234375,530.4500122070312,281.29998779296875,4395.39990234375,522.2999877929688,2036.199951171875,431.3999938964844,6520.0,15307.0,761.2000122070312,4058.0,1229.5999755859375,6879.0,308.79998779296875,380.3999938964844,238.94000244140625,969.4000244140624,182.4499969482422,1847.800048828125,95.5,1135.9000244140625,2193.800048828125,2767.39990234375,4748.5,1458.0,1594.0,2742.75,989.5,783.0999755859375,5534.0,794.4000244140625,484.8999938964844,2424.5,481.8999938964844,227.1699981689453,1358.9000244140625,2028.5999755859373,632.9500122070312,10.369999885559082,81.58000183105469,139.42999267578125,706.9500122070312,867.5,5795.5,864.4000244140625,406.9500122070313,1551.699951171875,150.52999877929688,172.3000030517578,150.92999267578125,121.58999633789062,407.0,1079.9000244140625,309.5,528.0499877929688,1181.800048828125,585.2999877929688,508.75,6433.5,4073.199951171875,1100.300048828125,416.8999938964844,1244.300048828125,989.25,572.7999877929688,900.1500244140625,1217.199951171875,3954.60009765625,294.8999938964844,,2033.9000244140625,3754.300048828125,274.04998779296875,2270.0,720.9500122070312,15696.0,1103.5999755859375,2757.699951171875,1886.4000244140625,1718.800048828125,105.91999816894533,2825.800048828125,3324.89990234375,266.95001220703125,1376.4000244140625,112.05999755859376,1278.199951171875,81.9800033569336,77.18000030517578,327.1499938964844,1470.300048828125,256.8099975585937,1738.699951171875,8394.0,441.1499938964844,253.8500061035156,40720.0,588.2999877929688,1306.199951171875,6134.5,280.45001220703125,375.2999877929687,528.0,1732.199951171875,1482.0,3588.89990234375,122.4499969482422,899.0499877929688,1786.300048828125,7680.0,267.1000061035156,22018.0,195.63999938964844,1063.5999755859375,1701.199951171875,319.54998779296875,362.25,1511.5,316.3500061035156,143.49000549316406,176.97000122070312,869.7999877929688,1996.699951171875,957.1500244140624,27095.0,822.5,3056.60009765625,14084.0,497.75,2941.39990234375,1732.0999755859375,3914.300048828125,58.47999954223633,395.75,663.8499755859375,1162.0,5388.0,388.6499938964844,178.61000061035156,696.0999755859375,3131.800048828125,1456.0999755859375,3035.5,3851.10009765625,402.1499938964844,3824.60009765625,1292.800048828125,4375.7998046875,3454.5,11921.0,156.2899932861328,1435.5999755859375,1332.9000244140625,760.5999755859375,459.2999877929687,520.5999755859375,1337.5999755859375,3357.10009765625,245.22000122070312,22.75,951.4000244140624
2025-11-13,1085.5999755859375,4913.0,331.79998779296875,1021.4000244140624,2412.272705078125,1076.800048828125,1499.0,5725.5,7122.0,559.3499755859375,271.3500061035156,1765.4000244140625,7440.5,150.41000366210938,2879.39990234375,1550.5999755859375,886.7000122070312,1210.199951171875,1225.199951171875,8867.5,2056.199951171875,11981.0,1005.4000244140624,154.1300048828125,283.25,144.6199951171875,1517.9000244140625,419.7999877929687,1388.800048828125,2091.800048828125,281.5,417.0,1787.699951171875,37385.0,374.9500122070313,5851.5,2760.199951171875,788.7999877929688,143.4499969482422,1626.300048828125,745.2000122070312,1710.5999755859375,1525.800048828125,383.2000122070313,1810.199951171875,2174.0,523.9000244140625,278.6000061035156,4366.2001953125,522.2000122070312,2047.800048828125,434.0499877929687,6593.5,15323.0,764.7999877929688,4062.5,1234.9000244140625,6855.0,297.75,379.7000122070313,235.7899932861328,953.0,183.6699981689453,1880.5999755859373,95.48999786376952,1133.4000244140625,2206.10009765625,2777.800048828125,4751.0,1466.0999755859375,1598.5,2738.75,986.6500244140624,782.2000122070312,5508.5,811.9500122070312,486.0499877929687,2407.60009765625,495.2000122070313,225.38999938964844,1385.9000244140625,2033.800048828125,630.0999755859375,10.470000267028809,80.0,138.4499969482422,717.7000122070312,869.4500122070312,5905.5,863.4500122070312,407.8500061035156,1541.800048828125,148.55999755859375,172.4499969482422,149.2899932861328,120.75,405.7000122070313,1087.800048828125,310.70001220703125,528.2999877929688,1183.9000244140625,573.5,498.75,6376.5,4113.60009765625,1083.0999755859375,415.0400085449219,1238.699951171875,997.0499877929688,567.9000244140625,902.8499755859376,1217.5999755859375,4002.5,292.20001220703125,,2052.89990234375,3699.5,273.8500061035156,2257.0,722.0,15749.0,1098.0,2736.0,1919.4000244140625,1707.4000244140625,109.12999725341795,2822.0,3393.10009765625,268.6700134277344,1347.300048828125,108.9800033569336,1275.199951171875,81.45999908447266,77.38999938964844,326.95001220703125,1474.5,256.95001220703125,1744.199951171875,8303.5,434.4500122070313,250.8500061035156,39585.0,590.4500122070312,1307.5,6137.0,278.8999938964844,372.8999938964844,559.4500122070312,1714.800048828125,1481.4000244140625,3572.5,121.06999969482422,912.5499877929688,1734.699951171875,7721.0,269.8500061035156,21415.0,193.83999633789065,1061.199951171875,1755.199951171875,315.45001220703125,359.04998779296875,1510.9000244140625,314.29998779296875,144.72000122070312,178.3300018310547,877.6500244140625,1987.9000244140625,954.0,26995.0,814.0,3066.10009765625,13759.0,489.1499938964844,2912.0,1737.4000244140625,3832.0,57.58000183105469,383.1000061035156,662.0999755859375,1154.800048828125,5307.5,388.7999877929687,176.64999389648438,686.0,3105.699951171875,1451.4000244140625,3033.39990234375,3839.199951171875,397.9500122070313,3826.10009765625,1293.5999755859375,4326.39990234375,3450.60009765625,11934.0,151.89999389648438,1420.800048828125,1303.199951171875,758.1500244140625,453.0,529.5999755859375,1336.9000244140625,3335.5,245.3300018310547,22.479999542236328,944.1500244140624
2025-11-14,1065.4000244140625,4952.5,331.3999938964844,1023.8499755859376,2440.0,1068.800048828125,1512.699951171875,5722.5,7376.0,563.2000122070312,274.5299987792969,1763.300048828125,7420.5,148.25999450683594,2906.39990234375,1514.0,890.5999755859375,1222.5,1241.5999755859375,8843.0,2065.800048828125,12570.0,1018.5,154.58999633789062,286.75,146.52000427246094,1613.800048828125,426.8500061035156,1396.699951171875,2100.699951171875,281.6000061035156,411.1499938964844,1768.4000244140625,36955.0,371.1499938964844,5803.5,2827.60009765625,787.5999755859375,146.07000732421875,1625.800048828125,743.5,1714.5999755859375,1532.0999755859375,386.9500122070313,1799.5999755859375,2172.699951171875,518.8499755859375,276.1499938964844,4283.2001953125,525.0,2032.5999755859373,436.3999938964844,6511.5,15419.0,764.8499755859375,4053.699951171875,1246.0,6695.0,303.75,381.0,236.2599945068359,937.7000122070312,183.4100036621093,1895.5999755859373,95.66999816894533,1146.5,2195.800048828125,2783.39990234375,4729.7998046875,1469.4000244140625,1594.5999755859375,2706.5,989.5999755859376,773.7000122070312,5538.5,803.6500244140625,481.25,2427.699951171875,487.0499877929687,227.4900054931641,1373.0,2005.0999755859373,629.4500122070312,10.9399995803833,80.43000030517578,137.5500030517578,720.7999877929688,868.4500122070312,5908.5,848.25,412.3500061035156,1502.800048828125,148.69000244140625,171.25,149.61000061035156,121.01000213623048,408.1499938964844,1076.199951171875,314.8999938964844,528.7999877929688,1167.800048828125,615.2999877929688,495.5,6332.0,4112.7998046875,1084.0999755859375,415.9400024414063,1222.199951171875,999.0,567.7000122070312,909.4500122070312,1209.5,4004.39990234375,294.1499938964844,,2055.300048828125,3698.60009765625,281.1499938964844,2267.10009765625,738.7000122070312,15684.0,1103.0999755859375,2782.10009765625,1933.300048828125,1673.4000244140625,109.83999633789062,2772.10009765625,3725.60009765625,262.57000732421875,1323.5,114.13999938964844,1271.5999755859375,80.30000305175781,76.55000305175781,328.45001220703125,1467.9000244140625,260.1300048828125,1752.4000244140625,8223.5,436.8500061035156,247.6000061035156,39765.0,587.7999877929688,1299.199951171875,6101.0,273.6000061035156,374.6000061035156,578.0999755859375,1736.4000244140625,1459.800048828125,3560.5,122.20999908447266,915.4000244140624,1738.5999755859375,7632.0,271.29998779296875,21466.0,194.02999877929688,997.9000244140624,1744.9000244140625,318.6499938964844,358.04998779296875,1518.9000244140625,321.04998779296875,141.99000549316406,176.13999938964844,874.9500122070312,2000.9000244140625,967.8499755859376,26700.0,809.2999877929688,3084.199951171875,13880.0,485.6000061035156,2839.10009765625,1757.0999755859375,3709.800048828125,57.68000030517578,393.1000061035156,654.4000244140625,1157.800048828125,5266.5,388.3999938964844,174.25999450683594,679.8499755859375,3106.0,1439.199951171875,3067.60009765625,3829.199951171875,391.2000122070313,3831.800048828125,1301.0,4391.2001953125,3386.5,11874.0,152.75999450683594,1429.4000244140625,1307.199951171875,758.5999755859375,459.3999938964844,525.3499755859375,1350.9000244140625,3348.699951171875,244.3699951171875,22.5,944.4500122070312
2025-11-17,1071.800048828125,5041.5,334.79998779296875,1021.5499877929688,2462.0,1088.5999755859375,1507.5999755859375,5723.0,7443.5,560.2999877929688,284.739990234375,1777.699951171875,7487.5,148.4499969482422,2887.89990234375,1465.699951171875,912.7000122070312,1236.9000244140625,1249.5999755859375,8945.5,2079.60009765625,12124.0,1026.800048828125,154.77999877929688,287.95001220703125,147.35000610351562,1589.5,424.5499877929687,1383.699951171875,2112.199951171875,285.5,420.9500122070313,1788.9000244140625,37450.0,374.25,5830.5,2811.89990234375,792.8599853515625,149.1199951171875,1631.5,749.75,1699.699951171875,1535.5999755859375,387.8500061035156,1801.0999755859375,2186.60009765625,518.1500244140625,274.3500061035156,4381.2001953125,524.25,2014.5999755859373,440.1000061035156,6518.5,15641.0,768.5,4036.199951171875,1244.4000244140625,6799.0,309.54998779296875,382.7000122070313,239.0599975585937,944.0999755859376,185.3000030517578,1868.9000244140625,97.68000030517578,1152.300048828125,2184.60009765625,2790.300048828125,4795.2001953125,1480.4000244140625,1606.4000244140625,2719.25,996.5499877929688,770.25,5798.5,807.1500244140625,486.5,2425.0,483.8999938964844,239.13999938964844,1379.0,2042.9000244140625,630.5999755859375,10.93000030517578,81.01000213623047,137.5500030517578,722.2999877929688,890.1500244140625,5873.0,854.0499877929688,410.1499938964844,1507.5999755859375,146.11000061035156,173.1199951171875,150.7100067138672,122.5,407.1000061035156,1080.0,312.0,527.6500244140625,1175.5,603.2000122070312,495.4500122070313,6237.0,4150.89990234375,1088.5999755859375,420.5799865722656,1216.0,1021.8499755859376,571.0,915.3499755859376,1220.300048828125,4027.699951171875,299.3999938964844,,2052.10009765625,3734.89990234375,282.6499938964844,2247.0,760.7000122070312,15878.0,1121.5999755859375,2800.5,1939.5999755859373,1698.300048828125,110.0199966430664,2688.699951171875,3760.5,260.760009765625,1332.199951171875,116.81999969482422,1270.300048828125,81.25,76.54000091552734,330.20001220703125,1473.0999755859375,268.739990234375,1745.199951171875,8286.5,436.25,248.0500030517578,39470.0,586.9000244140625,1332.9000244140625,6116.5,276.04998779296875,376.3999938964844,580.3499755859375,1745.5999755859375,1475.5,3542.60009765625,123.0,917.6500244140624,1815.699951171875,7683.0,273.54998779296875,21474.0,195.47000122070312,1010.0,1753.199951171875,316.70001220703125,361.3999938964844,1518.300048828125,327.0,141.3300018310547,183.6600036621093,889.2000122070312,1996.0,973.3499755859376,26680.0,817.9000244140625,3232.60009765625,13910.0,486.0,2833.10009765625,1763.9000244140625,3625.699951171875,57.70000076293945,394.7999877929687,652.1500244140625,1178.9000244140625,5303.0,392.75,173.1699981689453,682.7999877929688,3102.199951171875,1452.800048828125,3091.60009765625,3868.60009765625,372.7000122070313,3819.39990234375,1310.0,4404.60009765625,3475.39990234375,11778.0,154.0800018310547,1434.9000244140625,1299.9000244140625,773.2000122070312,461.7000122070313,520.7999877929688,1373.9000244140625,3301.699951171875,244.0500030517578,23.15999984741211,934.75
2025-11-18,1078.0,5080.5,333.1000061035156,1026.6500244140625,2436.800048828125,1077.5999755859375,1495.0,5713.0,7356.0,557.7999877929688,279.3399963378906,1763.800048828125,7385.5,147.22999572753906,2906.0,1449.800048828125,920.1500244140624,1239.300048828125,1265.4000244140625,8921.0,2050.199951171875,11872.0,1013.5999755859376,153.16000366210938,288.45001220703125,146.49000549316406,1558.199951171875,420.8999938964844,1396.5999755859375,2149.199951171875,289.1000061035156,421.6000061035156,1777.5,37045.0,371.8500061035156,5840.0,2834.10009765625,789.1599731445312,149.0,1605.699951171875,733.75,1695.300048828125,1514.5,383.9500122070313,1784.300048828125,2180.699951171875,522.5999755859375,273.1000061035156,4252.39990234375,520.8499755859375,1991.0,435.8500061035156,6473.5,15697.0,750.3499755859375,3997.199951171875,1243.800048828125,6814.5,306.1499938964844,381.5,244.5099945068359,928.0999755859376,184.3099975585937,1842.800048828125,103.72000122070312,1142.0999755859375,2150.800048828125,2762.0,4807.89990234375,1468.0,1595.199951171875,2698.25,992.4500122070312,761.7999877929688,5799.5,797.1500244140625,483.5499877929687,2404.0,475.9500122070313,243.92999267578125,1373.4000244140625,2025.800048828125,626.7999877929688,10.739999771118164,80.11000061035156,136.64999389648438,712.75,886.9000244140625,5739.5,847.9500122070312,402.2000122070313,1486.4000244140625,140.9199981689453,171.58999633789062,148.0800018310547,120.81999969482422,405.8500061035156,1066.300048828125,305.95001220703125,526.9500122070312,1163.0,600.3499755859375,490.6499938964844,5889.0,4125.89990234375,1089.0,418.6199951171875,1195.0999755859375,1006.9000244140624,567.5499877929688,915.5,1192.0,3999.60009765625,296.5,,2047.4000244140625,3694.800048828125,280.3500061035156,2226.89990234375,756.4500122070312,15930.0,1116.699951171875,2799.300048828125,1933.0,1679.800048828125,108.95999908447266,2658.5,3695.89990234375,257.29998779296875,1324.9000244140625,114.95999908447266,1265.0999755859375,80.52999877929688,75.72000122070312,328.45001220703125,1463.9000244140625,269.0,1710.4000244140625,8177.5,433.3500061035156,246.9499969482422,39255.0,587.0499877929688,1295.5,6079.5,274.8500061035156,374.6000061035156,582.9000244140625,1724.0999755859375,1491.0,3458.300048828125,122.37999725341795,920.0,1800.300048828125,7661.0,274.20001220703125,21415.0,192.1300048828125,995.9000244140624,1722.300048828125,314.04998779296875,359.04998779296875,1519.4000244140625,321.20001220703125,138.89999389648438,182.7599945068359,867.3499755859375,1993.300048828125,972.4500122070312,26420.0,820.2000122070312,3249.5,13770.0,488.5499877929687,2816.60009765625,1758.800048828125,3618.39990234375,56.900001525878906,393.3500061035156,643.0999755859375,1154.0999755859375,5277.0,386.25,172.4499969482422,675.0499877929688,3087.10009765625,1422.0,3031.699951171875,3879.199951171875,371.2999877929687,3790.800048828125,1313.0999755859375,4374.0,3479.89990234375,11707.0,153.11000061035156,1434.699951171875,1292.300048828125,759.6500244140625,457.8999938964844,510.7000122070313,1384.199951171875,3281.89990234375,240.8999938964844,22.989999771118164,928.4000244140624
2025-11-19,1119.199951171875,5083.0,330.6499938964844,1006.25,2433.10009765625,1069.9000244140625,1484.199951171875,5724.0,7411.0,555.2999877929688,281.3900146484375,1720.9000244140625,7459.0,145.4600067138672,2893.699951171875,1448.199951171875,925.6500244140624,1235.800048828125,1270.4000244140625,8884.5,2050.199951171875,11733.0,1005.5999755859376,152.8800048828125,293.29998779296875,148.58999633789062,1536.800048828125,423.2000122070313,1446.199951171875,2159.800048828125,289.20001220703125,410.1000061035156,1795.0,36870.0,365.6499938964844,5874.5,2898.300048828125,785.7999877929688,150.3800048828125,1622.800048828125,724.0999755859375,1678.0999755859375,1526.800048828125,379.0499877929687,1858.199951171875,2183.39990234375,517.5499877929688,274.29998779296875,4261.2998046875,517.5499877929688,2021.300048828125,436.0,6454.0,15540.0,743.6500244140625,4026.5,1250.199951171875,6896.5,306.6000061035156,380.8999938964844,246.02000427246097,922.9000244140624,184.0500030517578,1840.800048828125,102.91999816894533,1139.9000244140625,2130.39990234375,2744.699951171875,4744.2001953125,1440.4000244140625,1662.5999755859375,2696.0,994.5999755859376,761.0999755859375,5876.5,790.9500122070312,477.1499938964844,2441.60009765625,476.5499877929687,237.27999877929688,1383.0999755859375,2041.699951171875,613.9500122070312,10.6899995803833,79.61000061035156,137.11000061035156,719.5499877929688,885.5499877929688,5758.5,839.5999755859375,403.25,1541.0999755859375,139.67999267578125,169.3300018310547,147.10000610351562,120.8499984741211,403.5499877929687,1071.0,304.45001220703125,513.6500244140625,1164.9000244140625,595.1500244140625,499.6000061035156,5974.0,4119.10009765625,1081.9000244140625,421.1799926757813,1203.0999755859375,987.5,563.5999755859375,914.0499877929688,1202.0,4019.60009765625,297.6499938964844,,2025.4000244140625,3722.5,280.3500061035156,2223.10009765625,748.1500244140625,15768.0,1164.4000244140625,2783.39990234375,1959.800048828125,1668.0,112.16000366210938,2713.699951171875,3701.699951171875,256.6000061035156,1362.199951171875,113.04000091552734,1279.0,80.05000305175781,75.26000213623047,326.6000061035156,1468.800048828125,269.1499938964844,1708.699951171875,8333.0,436.8500061035156,249.0,38810.0,582.9000244140625,1282.5999755859375,6316.0,274.25,373.6499938964844,579.7999877929688,1715.0999755859375,1476.699951171875,3439.89990234375,125.05999755859376,908.8499755859376,1850.699951171875,7688.0,275.1499938964844,21624.0,188.8000030517578,994.0999755859376,1717.300048828125,309.6000061035156,359.45001220703125,1518.9000244140625,320.1499938964844,139.99000549316406,159.5500030517578,863.7000122070312,2004.800048828125,982.75,26510.0,818.0499877929688,3211.5,13809.0,506.9500122070313,2786.39990234375,1784.0999755859375,3591.0,56.52999877929688,397.0,634.8499755859375,1162.0999755859375,5347.5,389.1000061035156,173.2100067138672,682.2999877929688,3147.699951171875,1433.9000244140625,3033.300048828125,3933.10009765625,360.8500061035156,3731.39990234375,1300.800048828125,4358.89990234375,3477.699951171875,11666.0,154.47999572753906,1411.699951171875,1305.0999755859375,752.6500244140625,454.5499877929687,511.7999877929687,1401.800048828125,3174.39990234375,246.07000732421875,22.93000030517578,930.2000122070312
2025-11-20,1142.0999755859375,5147.0,327.8500061035156,993.5999755859376,2446.10009765625,1060.0,1491.0999755859375,5700.0,7256.5,555.75,281.42999267578125,1721.199951171875,7423.0,146.24000549316406,2859.800048828125,1462.4000244140625,919.2999877929688,1207.699951171875,1285.199951171875,8979.5,2095.60009765625,11747.0,1028.5999755859375,151.22000122070312,288.25,147.72000122070312,1557.0,423.0,1435.4000244140625,2158.300048828125,285.25,395.1499938964844,1794.5999755859375,37050.0,365.0499877929687,5819.0,2895.5,802.9000244140625,147.94000244140625,1640.0999755859375,721.25,1703.199951171875,1529.199951171875,379.6499938964844,1846.0999755859373,2179.699951171875,515.4000244140625,270.0,4375.7001953125,525.0499877929688,2012.0999755859373,426.0,6462.5,15313.0,741.0999755859375,4085.0,1248.5999755859375,7125.5,306.8999938964844,380.7999877929687,244.92999267578125,935.4000244140624,184.3099975585937,1878.0,103.2699966430664,1127.300048828125,2123.800048828125,2748.60009765625,4716.60009765625,1448.5,1645.4000244140625,2699.5,1008.8499755859376,762.2000122070312,5999.5,799.7999877929688,477.8999938964844,2428.39990234375,472.1499938964844,237.1000061035156,1383.0,2037.5999755859373,618.4000244140625,10.170000076293944,78.93000030517578,143.1300048828125,733.3499755859375,882.3499755859375,5785.5,829.4000244140625,400.5,1536.5,138.0800018310547,168.6999969482422,146.63999938964844,120.08000183105467,405.4500122070313,1069.4000244140625,308.3500061035156,504.8500061035156,1170.0,591.1500244140625,504.1000061035156,5967.5,4167.2998046875,1080.4000244140625,419.739990234375,1196.5999755859375,987.0999755859376,554.7999877929688,908.2999877929688,1200.800048828125,4037.39990234375,292.29998779296875,,2030.800048828125,3716.699951171875,282.04998779296875,2239.5,736.1500244140625,15801.0,1168.9000244140625,2829.5,1971.699951171875,1692.5999755859375,112.0,2740.39990234375,3697.5,257.6199951171875,1365.4000244140625,115.98999786376952,1279.199951171875,80.12000274658203,74.45999908447266,326.6000061035156,1467.199951171875,268.739990234375,1708.5,8372.5,436.2000122070313,248.0500030517578,38565.0,584.25,1283.9000244140625,6350.5,274.3500061035156,372.75,590.5499877929688,1715.699951171875,1489.0,3441.10009765625,123.86000061035156,905.25,1843.9000244140625,7648.5,277.20001220703125,22397.0,189.63999938964844,997.9000244140624,1717.199951171875,313.6499938964844,361.3999938964844,1549.0999755859375,319.1000061035156,138.19000244140625,157.02000427246094,874.0999755859375,2027.0999755859373,981.5499877929688,26480.0,826.5999755859375,3216.300048828125,13951.0,507.6499938964844,2851.60009765625,1777.4000244140625,3568.699951171875,56.70000076293945,395.5,634.5999755859375,1173.9000244140625,5366.5,388.1000061035156,172.4600067138672,679.7999877929688,3144.800048828125,1456.0,3005.0,3902.39990234375,359.79998779296875,3721.39990234375,1313.9000244140625,4388.89990234375,3486.39990234375,11753.0,153.19000244140625,1416.199951171875,1298.0,753.5,451.5,509.75,1411.800048828125,3246.800048828125,246.2599945068359,22.6299991607666,928.0
2025-11-21,1139.699951171875,5092.0,325.6499938964844,974.7999877929688,2422.300048828125,1030.5,1479.800048828125,5700.0,7196.0,547.5499877929688,274.8099975585937,1727.800048828125,7391.0,144.69000244140625,2876.60009765625,1452.5999755859375,915.3499755859376,1205.9000244140625,1275.800048828125,8892.0,2052.39990234375,11641.0,1004.0999755859376,149.11000061035156,284.1499938964844,145.4600067138672,1512.699951171875,416.3500061035156,1410.199951171875,2162.699951171875,282.5,396.8500061035156,1776.300048828125,36500.0,364.5499877929687,5813.0,2858.300048828125,789.6199951171875,145.77000427246094,1610.199951171875,710.2000122070312,1659.699951171875,1511.800048828125,378.2000122070313,1797.5,2180.60009765625,511.2000122070313,267.3500061035156,4333.7998046875,515.6500244140625,2009.199951171875,418.3999938964844,6373.0,14965.0,725.3499755859375,4038.0,1243.9000244140625,7134.5,301.95001220703125,375.3500061035156,245.0599975585937,921.0,182.9900054931641,1844.199951171875,104.0500030517578,1125.199951171875,2090.89990234375,2734.800048828125,4595.0,1441.0999755859375,1608.0,2696.75,998.0499877929688,764.0,6002.5,777.7000122070312,471.8999938964844,2433.699951171875,458.2999877929687,230.02000427246097,1369.5,2004.0999755859373,610.9000244140625,9.970000267028809,78.33000183105469,141.1199951171875,733.2000122070312,851.7999877929688,5843.5,846.5499877929688,397.0,1545.0,137.77000427246094,167.35000610351562,144.41000366210938,119.08999633789062,407.8500061035156,1038.5999755859375,303.54998779296875,484.5499877929687,1140.300048828125,589.0499877929688,496.4500122070313,5883.5,4080.39990234375,1065.0999755859375,417.55999755859375,1168.9000244140625,978.2000122070312,545.9000244140625,902.4000244140624,1176.800048828125,4024.89990234375,288.70001220703125,,2029.4000244140625,3749.60009765625,277.1000061035156,2242.10009765625,739.9000244140625,15977.0,1181.0999755859375,2745.199951171875,1936.5999755859373,1661.5,109.8000030517578,2747.10009765625,3636.0,250.67999267578125,1340.4000244140625,112.61000061035156,1280.699951171875,78.81999969482422,73.51000213623047,326.6499938964844,1449.9000244140625,268.5199890136719,1655.4000244140625,8169.5,425.0499877929687,246.9499969482422,38885.0,579.2999877929688,1265.800048828125,6296.5,275.1499938964844,369.7000122070313,591.4000244140625,1698.0,1472.0999755859375,3427.39990234375,122.37000274658205,887.1500244140625,1810.800048828125,7521.0,277.6000061035156,21563.0,188.3800048828125,989.2000122070312,1688.5,312.45001220703125,358.20001220703125,1546.5999755859375,314.0,134.0800018310547,158.91000366210938,878.0499877929688,2022.5,972.5999755859376,26480.0,823.2999877929688,3173.5,13758.0,503.1499938964844,2838.39990234375,1779.699951171875,3475.300048828125,55.09999847412109,385.4500122070313,629.25,1183.0999755859375,5320.5,387.0,168.0,670.4500122070312,3150.60009765625,1461.5,2884.39990234375,3904.199951171875,362.25,3686.5,1291.4000244140625,4359.10009765625,3441.89990234375,11729.0,150.88999938964844,1427.0999755859375,1281.4000244140625,750.8499755859375,447.6499938964844,496.3999938964844,1395.800048828125,3185.699951171875,244.4900054931641,22.43000030517578,924.2999877929688
2025-11-24,1129.800048828125,5057.0,331.8500061035156,970.1500244140624,2399.199951171875,1009.4000244140624,1485.9000244140625,5625.0,7043.5,544.5999755859375,267.8500061035156,1716.199951171875,7354.5,144.58999633789062,2879.199951171875,1473.199951171875,925.0999755859376,1194.0,1269.0,9007.5,2030.800048828125,11473.0,994.0,149.91000366210938,281.8999938964844,145.85000610351562,1477.0,403.7999877929687,1412.199951171875,2152.10009765625,277.8999938964844,395.25,1785.300048828125,36200.0,359.6499938964844,5815.5,2802.199951171875,781.3599853515625,146.6699981689453,1587.5999755859375,683.0,1651.699951171875,1504.0,372.5499877929687,1808.199951171875,2156.699951171875,514.9500122070312,265.3999938964844,4299.0,512.4000244140625,2022.800048828125,405.8500061035156,6359.0,14669.0,717.7000122070312,3987.5,1226.199951171875,7258.5,301.0,363.4500122070313,248.1699981689453,922.2000122070312,181.08999633789065,1842.4000244140625,103.76000213623048,1111.4000244140625,2046.4000244140625,2688.699951171875,4445.10009765625,1424.5999755859375,1610.4000244140625,2685.5,999.1500244140624,761.6500244140625,5982.0,774.6500244140625,463.0499877929687,2424.199951171875,454.0,228.19000244140625,1368.4000244140625,1997.5,607.3499755859375,9.979999542236328,77.97000122070312,140.2899932861328,721.1500244140625,854.75,5805.5,836.0499877929688,400.1000061035156,1548.0,135.80999755859375,165.69000244140625,142.49000549316406,116.9000015258789,403.5499877929687,1021.2999877929688,299.8500061035156,481.0,1106.0,589.0499877929688,484.3999938964844,5826.0,4107.7998046875,1045.5,417.4599914550781,1198.199951171875,979.5499877929688,545.9500122070312,895.0499877929688,1159.9000244140625,4013.300048828125,292.54998779296875,,1999.5999755859373,3690.800048828125,275.0,2222.699951171875,735.9500122070312,15958.0,1155.800048828125,2686.10009765625,1973.0999755859373,1679.5999755859375,109.22000122070312,2765.300048828125,3614.39990234375,251.0599975585937,1346.300048828125,116.47000122070312,1269.199951171875,76.95999908447266,72.54000091552734,323.45001220703125,1410.5999755859375,271.1600036621094,1607.0999755859375,8146.5,420.6000061035156,245.75,38860.0,569.75,1260.699951171875,6374.5,271.3999938964844,362.6499938964844,573.9000244140625,1677.9000244140625,1463.0,3425.10009765625,121.75,872.0999755859375,1781.300048828125,7427.0,275.79998779296875,21542.0,186.3300018310547,989.2999877929688,1631.300048828125,308.29998779296875,355.8500061035156,1535.9000244140625,324.8500061035156,132.0800018310547,152.2899932861328,869.7000122070312,2014.800048828125,970.5999755859376,26490.0,828.2000122070312,3163.89990234375,13367.0,505.7999877929687,2807.5,1780.800048828125,3432.5,54.61000061035156,404.6000061035156,639.7000122070312,1186.0,5231.0,382.5499877929687,165.36000061035156,677.9500122070312,3141.199951171875,1494.699951171875,2909.300048828125,3874.300048828125,358.29998779296875,3718.39990234375,1302.300048828125,4310.89990234375,3441.5,11584.0,150.99000549316406,1431.199951171875,1279.5,742.7000122070312,446.1000061035156,495.1499938964844,1354.5999755859375,3257.39990234375,247.27000427246097,22.200000762939453,926.6500244140624
2025-11-25,1120.0,5070.5,345.45001220703125,971.5,2332.89990234375,1011.5999755859376,1483.9000244140625,5701.0,7138.0,545.8499755859375,268.7699890136719,1698.4000244140625,7330.5,145.8300018310547,2875.800048828125,1465.5,944.0499877929688,1208.0,1266.300048828125,9048.0,2030.199951171875,11640.0,986.2000122070312,149.6300048828125,287.25,147.2100067138672,1462.4000244140625,410.25,1409.699951171875,2161.60009765625,282.8999938964844,393.25,1746.699951171875,35770.0,355.8500061035156,5867.0,2840.60009765625,778.8800048828125,148.69000244140625,1574.0999755859375,682.5499877929688,1685.4000244140625,1507.5,370.0499877929687,1831.699951171875,2167.699951171875,512.5,265.04998779296875,4311.2998046875,514.4000244140625,2019.9000244140625,410.6499938964844,6412.0,14401.0,721.2999877929688,3988.60009765625,1236.0999755859375,7218.5,302.29998779296875,361.8500061035156,255.9900054931641,920.4000244140624,180.22000122070312,1881.5,104.20999908447266,1144.5,2094.0,2686.800048828125,4441.60009765625,1419.4000244140625,1601.0999755859375,2668.25,989.7999877929688,766.5499877929688,6081.5,789.3499755859375,455.25,2414.10009765625,462.6000061035156,230.7599945068359,1357.800048828125,1999.0,612.25,10.050000190734863,79.3499984741211,140.24000549316406,726.5,873.0999755859375,5775.0,839.9000244140625,403.6000061035156,1530.5999755859375,134.6999969482422,164.1199951171875,141.36000061035156,116.73999786376952,400.7999877929687,1022.5999755859376,300.79998779296875,476.6000061035156,1112.0,593.0499877929688,482.7999877929687,5777.5,4071.5,1050.4000244140625,413.9800109863281,1172.0,977.5499877929688,548.0999755859375,897.6500244140625,1160.199951171875,3996.699951171875,296.8999938964844,,2042.300048828125,3669.300048828125,279.04998779296875,2241.89990234375,731.3499755859375,15889.0,1158.0999755859375,2643.0,1973.4000244140625,1697.9000244140625,110.20999908447266,2797.199951171875,3681.39990234375,253.97000122070312,1332.0,117.58999633789062,1263.199951171875,77.2300033569336,72.69999694824219,323.70001220703125,1394.5,270.45001220703125,1629.5999755859375,8084.0,421.0499877929687,245.3500061035156,38535.0,569.3499755859375,1241.4000244140625,6370.5,272.1499938964844,361.3999938964844,570.3499755859375,1731.699951171875,1466.5999755859375,3448.5,123.0500030517578,881.4500122070312,1765.9000244140625,7439.0,273.45001220703125,21742.0,184.8699951171875,967.4000244140624,1655.9000244140625,308.25,351.75,1539.699951171875,322.8999938964844,132.25,151.74000549316406,873.4000244140625,2031.0,983.5999755859376,26455.0,838.25,3181.10009765625,13267.0,501.2999877929687,2793.800048828125,1776.800048828125,3427.300048828125,54.18999862670898,394.6000061035156,642.0499877929688,1177.699951171875,5164.0,380.0,166.3300018310547,669.5,3119.199951171875,1494.699951171875,2879.699951171875,3855.10009765625,352.45001220703125,3745.199951171875,1293.0,4243.89990234375,3447.800048828125,11580.0,152.85000610351562,1430.4000244140625,1285.300048828125,749.7000122070312,449.0499877929687,504.6499938964844,1356.300048828125,3260.60009765625,245.63999938964844,22.700000762939453,928.5
2025-11-26,1150.0,5197.5,349.79998779296875,991.2000122070312,2315.0,1034.4000244140625,1506.199951171875,5773.0,7302.0,550.0,274.95001220703125,1732.800048828125,7393.0,148.9499969482422,2874.0,1466.0,953.75,1227.4000244140625,1290.199951171875,9164.0,2085.10009765625,11734.0,1010.7000122070312,151.17999267578125,288.3999938964844,148.85000610351562,1487.5999755859375,415.2999877929687,1431.300048828125,2126.800048828125,289.70001220703125,398.4500122070313,1775.9000244140625,36485.0,367.6499938964844,5880.5,2886.699951171875,786.760009765625,150.16000366210938,1619.9000244140625,688.4000244140625,1712.9000244140625,1523.800048828125,377.3500061035156,1871.0999755859373,2185.0,518.5999755859375,268.3500061035156,4408.2001953125,517.2000122070312,2026.5999755859373,419.3999938964844,6510.0,14825.0,730.75,4019.10009765625,1248.0,7198.5,306.8500061035156,365.1499938964844,256.3699951171875,932.9000244140624,185.1600036621093,1921.300048828125,106.76000213623048,1154.199951171875,2114.39990234375,2744.0,4517.7998046875,1439.800048828125,1617.9000244140625,2679.0,1003.9000244140624,787.5499877929688,6136.5,800.7999877929688,466.25,2425.199951171875,470.25,239.1699981689453,1375.0,2010.300048828125,621.9000244140625,10.079999923706056,80.37000274658203,141.75999450683594,731.4000244140625,886.75,5913.0,850.7000122070312,405.6000061035156,1557.9000244140625,136.75,165.58999633789062,144.35000610351562,118.08000183105467,402.2999877929687,1042.4000244140625,308.0,487.25,1154.4000244140625,605.0,497.5499877929687,5796.5,4133.10009765625,1070.5,420.760009765625,1194.9000244140625,986.5999755859376,555.7999877929688,894.7999877929688,1163.5999755859375,4062.0,307.6000061035156,,2071.60009765625,3686.39990234375,287.79998779296875,2258.89990234375,734.0999755859375,16156.0,1162.5999755859375,2696.5,2056.60009765625,1736.699951171875,111.80999755859376,2800.199951171875,3725.60009765625,258.17999267578125,1341.5,118.51000213623048,1276.800048828125,77.43000030517578,74.29000091552734,326.1000061035156,1462.5999755859375,264.45001220703125,1662.800048828125,8177.5,423.1499938964844,247.6999969482422,39000.0,569.6500244140625,1286.5,6415.0,275.1000061035156,362.3999938964844,604.2000122070312,1751.699951171875,1484.4000244140625,3438.10009765625,124.98999786376952,915.9000244140624,1787.0999755859375,7539.0,275.04998779296875,22204.0,187.3800048828125,981.4000244140624,1667.800048828125,317.5,356.3999938964844,1569.9000244140625,323.6000061035156,136.9199981689453,156.7899932861328,877.75,2029.0999755859373,983.9000244140624,26935.0,856.5999755859375,3318.800048828125,13460.0,507.2000122070313,2809.800048828125,1804.9000244140625,3463.89990234375,55.58000183105469,392.3999938964844,646.8499755859375,1185.300048828125,5229.5,391.5,169.6699981689453,683.2999877929688,3162.89990234375,1520.4000244140625,2880.699951171875,3897.699951171875,359.25,3755.800048828125,1316.0999755859375,4292.39990234375,3538.60009765625,11759.0,155.39999389648438,1459.5,1320.0999755859375,760.5999755859375,465.5,516.2999877929688,1387.0,3286.199951171875,250.19000244140625,22.93000030517578,940.5499877929688
2025-11-27,1166.5999755859375,5240.5,351.75,984.3499755859376,2255.0,1031.0999755859375,1509.0999755859375,5686.5,7103.0,548.7000122070312,276.4200134277344,1734.9000244140625,7322.5,159.75,2879.10009765625,1471.0,947.1500244140624,1235.800048828125,1287.300048828125,9022.5,2103.199951171875,11246.0,1033.800048828125,149.63999938964844,287.8999938964844,147.63999938964844,1504.5,413.0499877929687,1433.4000244140625,2115.60009765625,290.8500061035156,399.6499938964844,1758.199951171875,36320.0,364.7000122070313,5826.5,2929.10009765625,778.8800048828125,151.75999450683594,1624.5999755859375,679.25,1724.5999755859375,1525.199951171875,378.0499877929687,1910.199951171875,2171.300048828125,514.0499877929688,266.6499938964844,4449.39990234375,519.1500244140625,2019.199951171875,425.25,6490.5,14643.0,725.4000244140625,4007.10009765625,1249.300048828125,6999.0,302.75,368.3500061035156,254.8699951171875,922.0999755859376,183.8000030517578,1944.0,106.69000244140624,1144.5999755859375,2096.300048828125,2740.0,4483.2001953125,1434.5999755859375,1629.0,2680.0,1009.5,777.7999877929688,6151.0,807.5499877929688,463.3999938964844,2451.699951171875,474.5499877929687,239.57000732421875,1392.199951171875,1980.699951171875,625.25,10.109999656677246,80.5,140.89999389648438,735.0,865.9000244140625,5919.0,857.4500122070312,404.25,1566.4000244140625,134.07000732421875,163.80999755859375,143.75999450683594,117.95999908447266,404.2999877929687,1041.0999755859375,306.45001220703125,488.0,1160.5999755859375,606.6500244140625,493.8999938964844,5573.5,4135.7001953125,1065.5,422.0400085449219,1218.9000244140625,1003.2000122070312,550.25,900.25,1156.5999755859375,4081.300048828125,308.25,,2071.39990234375,3681.199951171875,285.6499938964844,2249.300048828125,727.4000244140625,15903.0,1161.800048828125,2677.39990234375,2084.89990234375,1728.4000244140625,116.12999725341795,2791.5,3760.5,261.3299865722656,1339.4000244140625,117.41999816894533,1266.4000244140625,76.94999694824219,74.20999908447266,327.3500061035156,1476.9000244140625,264.8500061035156,1661.5999755859375,8150.5,417.2000122070313,244.0,38930.0,569.4500122070312,1293.0999755859375,6432.0,273.95001220703125,365.1499938964844,585.5,1741.0,1472.300048828125,3432.199951171875,124.93000030517578,910.7999877929688,1808.699951171875,7479.0,273.70001220703125,21798.0,186.3999938964844,989.2999877929688,1669.5,311.75,362.25,1563.4000244140625,324.54998779296875,136.2100067138672,155.49000549316406,880.4000244140625,2004.5,972.8499755859376,26755.0,867.6500244140625,3312.10009765625,13353.0,509.5,2840.0,1810.300048828125,3416.89990234375,54.93000030517578,386.6499938964844,640.0,1177.699951171875,5197.0,392.0499877929687,168.1300048828125,677.5499877929688,3136.60009765625,1509.800048828125,2836.800048828125,3903.300048828125,357.79998779296875,3730.39990234375,1312.9000244140625,4266.10009765625,3518.0,11617.0,154.27999877929688,1445.800048828125,1312.4000244140625,758.6500244140625,467.2999877929687,519.0999755859375,1398.0,3217.10009765625,249.5599975585937,22.84000015258789,937.25
2025-11-28,1183.199951171875,5175.0,358.04998779296875,994.5499877929688,2280.199951171875,1048.199951171875,1516.9000244140625,5685.0,7181.0,550.2000122070312,270.3800048828125,1718.9000244140625,7335.5,158.1199951171875,2874.39990234375,1440.800048828125,955.25,1226.699951171875,1279.699951171875,9073.5,2094.0,11499.0,1037.5,150.36000061035156,289.79998779296875,147.13999938964844,1513.5999755859375,411.75,1433.800048828125,2101.60009765625,290.8500061035156,398.3500061035156,1765.4000244140625,36110.0,359.1000061035156,5846.0,2902.39990234375,774.0599975585938,151.5800018310547,1617.199951171875,672.9000244140625,1736.0,1531.300048828125,376.1499938964844,1908.699951171875,2168.60009765625,511.25,265.3500061035156,4479.2998046875,517.4000244140625,2009.4000244140625,426.2000122070313,6477.0,14601.0,723.5999755859375,3996.5,1258.800048828125,7053.5,300.1000061035156,374.7999877929687,257.9200134277344,919.0999755859376,176.08999633789062,1946.199951171875,108.3499984741211,1145.5999755859375,2114.60009765625,2739.39990234375,4542.39990234375,1441.9000244140625,1624.199951171875,2673.0,1007.5999755859376,764.2999877929688,6174.5,808.4000244140625,457.5,2466.60009765625,485.2000122070313,239.27999877929688,1388.800048828125,1970.5,619.75,9.960000038146973,80.12999725341797,139.2899932861328,744.2999877929688,870.25,5901.5,858.5499877929688,401.0499877929687,1560.0999755859375,134.5,161.75,142.89999389648438,117.56999969482422,404.25,1044.4000244140625,306.20001220703125,488.6499938964844,1160.300048828125,601.5,505.3500061035156,5490.0,4145.60009765625,1056.300048828125,424.8800048828125,1222.4000244140625,1031.3499755859375,549.0999755859375,894.4500122070312,1148.199951171875,4069.60009765625,312.3500061035156,,2082.199951171875,3757.300048828125,284.95001220703125,2251.0,717.4000244140625,15900.0,1162.800048828125,2679.60009765625,2014.699951171875,1702.0999755859375,116.30999755859376,2811.39990234375,3744.199951171875,259.9800109863281,1330.199951171875,116.69000244140624,1261.0999755859375,76.73999786376953,73.91999816894531,326.45001220703125,1492.5,267.3099975585937,1647.199951171875,8107.0,413.2000122070313,243.25,38320.0,568.1500244140625,1320.5999755859375,6353.0,271.8500061035156,362.7000122070313,590.9000244140625,1736.800048828125,1469.800048828125,3395.60009765625,124.5,905.2999877929688,1818.9000244140625,7470.0,269.95001220703125,22056.0,187.2100067138672,975.7000122070312,1677.300048828125,312.3999938964844,360.8999938964844,1567.5,324.1000061035156,134.91000366210938,153.75999450683594,880.1500244140625,1966.0,979.0,26400.0,851.6500244140625,3297.0,13272.0,511.75,2927.300048828125,1831.5999755859373,3391.60009765625,54.0099983215332,378.2999877929687,648.2999877929688,1172.4000244140625,5158.5,390.1000061035156,167.9600067138672,679.0499877929688,3137.5,1517.300048828125,2784.39990234375,3907.699951171875,356.79998779296875,3720.60009765625,1314.5,4250.39990234375,3531.5,11600.0,153.27000427246094,1451.5999755859375,1306.800048828125,758.6500244140625,481.5499877929687,526.0,1376.300048828125,3172.5,249.52999877929688,22.93000030517578,942.5
2025-12-01,1189.300048828125,5189.5,356.1000061035156,999.0999755859376,2262.0,1039.5999755859375,1530.5,5609.5,7072.5,543.3499755859375,276.3399963378906,1734.300048828125,7287.5,160.3000030517578,2867.60009765625,1440.5,950.5,1216.199951171875,1275.699951171875,9096.0,2081.800048828125,11332.0,1021.0999755859376,150.0500030517578,295.54998779296875,147.24000549316406,1530.300048828125,417.25,1433.0,2089.699951171875,291.0,394.5,1769.4000244140625,36335.0,354.0,5813.5,2886.60009765625,781.6199951171875,150.5,1604.5,669.75,1724.9000244140625,1523.0999755859375,379.6499938964844,1902.5999755859373,2152.89990234375,505.7999877929687,262.45001220703125,4544.2001953125,515.25,2009.4000244140625,417.6000061035156,6422.5,14566.0,712.5,3963.300048828125,1260.0999755859375,7125.5,301.5,380.1499938964844,256.6000061035156,904.8499755859376,175.41000366210938,1941.699951171875,107.63999938964844,1129.4000244140625,2096.5,2731.5,4530.7001953125,1435.300048828125,1642.9000244140625,2648.800048828125,1002.0999755859376,766.75,6295.5,810.7999877929688,451.9500122070313,2464.5,499.8500061035156,238.52000427246097,1390.0999755859375,1991.4000244140625,621.5499877929688,9.93000030517578,80.70999908447266,146.6999969482422,749.0499877929688,887.3499755859375,5794.0,847.1500244140625,396.6000061035156,1564.0,133.0800018310547,162.97000122070312,142.47999572753906,117.08999633789062,404.25,1048.0,304.75,491.7999877929687,1168.4000244140625,609.3499755859375,506.9500122070313,5358.5,4107.0,1096.199951171875,429.5199890136719,1258.199951171875,1029.4000244140625,550.6500244140625,882.0999755859375,1128.199951171875,4073.199951171875,309.1499938964844,,2081.89990234375,3741.60009765625,282.3999938964844,2229.800048828125,718.9500122070312,16097.0,1125.4000244140625,2672.199951171875,2042.0,1713.4000244140625,116.5500030517578,2832.300048828125,3811.10009765625,263.79998779296875,1365.0999755859375,118.01000213623048,1260.5999755859375,77.30000305175781,75.38999938964844,327.1000061035156,1490.5999755859375,264.8999938964844,1618.9000244140625,8149.5,414.2000122070313,244.8300018310547,37405.0,569.25,1367.800048828125,6406.0,271.8999938964844,360.9500122070313,592.5,1729.9000244140625,1468.5999755859375,3388.89990234375,125.3000030517578,908.7999877929688,1863.5999755859373,7401.0,269.6499938964844,22185.0,184.8699951171875,971.75,1659.199951171875,307.04998779296875,358.20001220703125,1566.0999755859375,321.6499938964844,135.0500030517578,152.52999877929688,876.5,1971.5999755859373,973.0999755859376,26415.0,851.5499877929688,3310.199951171875,13248.0,508.75,2923.0,1807.4000244140625,3334.5,53.720001220703125,388.6499938964844,645.4500122070312,1163.800048828125,5123.0,389.75,168.6300048828125,680.25,3133.39990234375,1529.5,2797.800048828125,3894.89990234375,363.7999877929687,3736.89990234375,1307.4000244140625,4215.89990234375,3661.800048828125,11662.0,154.19000244140625,1447.0999755859375,1309.0999755859375,750.8499755859375,484.1499938964844,533.2999877929688,1360.4000244140625,3179.89990234375,250.27999877929688,22.450000762939453,936.4500122070312
2025-12-02,1162.9000244140625,5183.0,355.75,976.9500122070312,2239.60009765625,1022.5999755859376,1518.0999755859375,5638.5,7041.5,543.0,281.4200134277344,1734.5999755859375,7242.0,160.0,2954.39990234375,1419.699951171875,953.0499877929688,1215.199951171875,1258.0,9085.5,2065.89990234375,11049.0,1025.5,149.77999877929688,296.8999938964844,145.72999572753906,1525.300048828125,413.0499877929687,1421.4000244140625,2104.0,285.5,399.0,1745.4000244140625,36660.0,358.75,5875.5,2843.199951171875,770.1599731445312,152.02999877929688,1592.0999755859375,659.7000122070312,1711.5999755859375,1516.5999755859375,378.9500122070313,1913.9000244140625,2158.199951171875,503.3999938964844,260.8999938964844,4514.5,507.9500122070313,1986.800048828125,409.1000061035156,6417.5,14494.0,712.2000122070312,3961.800048828125,1275.199951171875,7112.5,300.54998779296875,378.4500122070313,258.45001220703125,915.75,175.0,1978.5999755859373,106.62999725341795,1132.0999755859375,2097.699951171875,2735.0,4508.5,1422.5,1635.5,2599.0,989.7999877929688,759.0,6270.5,806.8499755859375,450.4500122070313,2477.800048828125,495.6499938964844,236.1000061035156,1373.0,1986.699951171875,616.5499877929688,10.130000114440918,81.9800033569336,148.5399932861328,742.5,859.4500122070312,5697.5,850.2999877929688,401.9500122070313,1561.0,133.2899932861328,162.33999633789062,140.17999267578125,116.41999816894533,400.9500122070313,1028.800048828125,304.8500061035156,484.1499938964844,1162.0,603.4500122070312,501.2999877929687,5408.5,4184.2998046875,1083.4000244140625,428.4800109863281,1253.5,1020.2000122070312,554.6500244140625,883.9000244140625,1119.800048828125,4030.5,306.04998779296875,,2082.699951171875,3716.5,278.0,2216.39990234375,717.3499755859375,16239.0,1117.5,2651.199951171875,2043.800048828125,1691.800048828125,119.26000213623048,2838.10009765625,3779.89990234375,265.1499938964844,1386.5999755859375,115.26000213623048,1258.9000244140625,77.27999877929688,76.08999633789062,328.6000061035156,1453.800048828125,261.79998779296875,1632.5999755859375,8099.0,416.6499938964844,243.5399932861328,37605.0,563.3499755859375,1364.199951171875,6393.5,271.1000061035156,360.2999877929687,587.2000122070312,1731.199951171875,1468.9000244140625,3374.0,125.3499984741211,899.4500122070312,1866.300048828125,7347.0,267.45001220703125,22755.0,185.27000427246097,965.5999755859376,1652.5,302.25,357.45001220703125,1546.300048828125,317.8999938964844,132.4600067138672,150.0,883.4500122070312,1981.5,967.2999877929688,26545.0,843.4000244140625,3361.0,13307.0,506.3999938964844,2859.5,1799.5,3332.10009765625,53.41999816894531,399.3999938964844,637.2999877929688,1162.199951171875,5127.0,388.4500122070313,167.77999877929688,676.4000244140625,3135.699951171875,1536.699951171875,2793.699951171875,3885.800048828125,361.75,3728.0,1313.300048828125,4226.5,3670.699951171875,11666.0,155.77000427246094,1440.9000244140625,1294.4000244140625,746.75,481.3999938964844,538.4000244140625,1352.9000244140625,3154.10009765625,250.1699981689453,22.709999084472656,942.7000122070312
2025-12-03,1148.0999755859375,5107.0,350.0,969.5,2189.800048828125,1012.5999755859376,1497.699951171875,5647.5,7026.5,535.3499755859375,267.0199890136719,1752.0999755859375,7184.0,162.7100067138672,2953.5,1409.5999755859375,948.7000122070312,1208.9000244140625,1270.699951171875,9000.5,2046.0,11222.0,1021.4000244140624,146.77999877929688,287.0,140.3000030517578,1483.0,403.9500122070313,1406.699951171875,2086.0,278.54998779296875,410.0,1754.5,36580.0,358.3999938964844,5824.5,2751.10009765625,771.9199829101562,146.0800018310547,1550.5,664.2000122070312,1668.9000244140625,1508.0,375.25,1912.5,2101.89990234375,506.5,255.8500061035156,4514.10009765625,506.0,1983.5,401.9500122070313,6455.0,14018.0,708.0,3909.699951171875,1280.699951171875,7081.5,297.75,372.6499938964844,258.25,898.25,170.27000427246094,1965.9000244140625,105.3499984741211,1120.699951171875,2067.800048828125,2720.300048828125,4436.2998046875,1420.5999755859375,1640.5,2596.199951171875,1000.5,751.9500122070312,6211.5,816.2999877929688,450.7000122070313,2448.0,504.3999938964844,225.38999938964844,1391.5,1972.4000244140625,611.25,10.550000190734863,80.58000183105469,148.88999938964844,734.5999755859375,812.7999877929688,5595.5,846.9000244140625,404.6499938964844,1578.699951171875,130.1199951171875,164.11000061035156,136.83999633789062,114.70999908447266,400.5,1017.9000244140624,301.0,470.2000122070313,1143.5999755859375,589.2000122070312,490.0,5307.0,4161.60009765625,1071.4000244140625,429.2200012207031,1258.699951171875,1016.5,549.4000244140625,868.0499877929688,1103.9000244140625,3988.0,302.79998779296875,,2080.10009765625,3649.39990234375,275.79998779296875,2205.60009765625,710.6500244140625,16082.0,1086.0,2617.199951171875,2027.5999755859373,1664.800048828125,116.56999969482422,2861.0,3763.39990234375,266.5,1377.199951171875,113.20999908447266,1241.9000244140625,76.83000183105469,76.05000305175781,322.95001220703125,1415.5,258.1000061035156,1640.5999755859375,8075.5,410.7000122070313,240.02000427246097,37240.0,555.1500244140625,1338.9000244140625,6331.0,268.75,351.95001220703125,572.0999755859375,1721.199951171875,1478.5999755859375,3374.60009765625,119.8000030517578,878.0499877929688,1839.0999755859373,7227.0,268.45001220703125,21850.0,182.0500030517578,971.0999755859376,1642.199951171875,304.29998779296875,350.29998779296875,1538.800048828125,311.6499938964844,131.9199981689453,153.47000122070312,867.9500122070312,1972.800048828125,951.0499877929688,26300.0,828.0999755859375,3329.89990234375,12835.0,491.6499938964844,2830.0,1806.699951171875,3297.39990234375,52.59000015258789,403.25,636.2000122070312,1140.0,5174.5,383.6499938964844,166.9199981689453,671.1500244140625,3180.0,1541.699951171875,2740.5,3817.800048828125,356.8500061035156,3720.89990234375,1302.199951171875,4188.2001953125,3631.800048828125,11591.0,151.3800048828125,1421.300048828125,1266.9000244140625,743.0,477.5,532.7999877929688,1335.9000244140625,3108.60009765625,254.69000244140625,22.39999961853028,934.9500122070312
2025-12-04,1127.9000244140625,5172.5,349.3999938964844,971.7000122070312,2217.89990234375,1013.4000244140624,1505.5999755859375,5659.0,6750.0,536.9000244140625,262.5,1772.9000244140625,7201.0,160.2100067138672,2957.199951171875,1440.699951171875,948.75,1223.0999755859375,1280.0,9085.0,2049.199951171875,11118.0,1029.0999755859375,146.1199951171875,288.20001220703125,141.52000427246094,1528.0,407.1499938964844,1394.300048828125,2103.800048828125,275.75,388.3500061035156,1752.4000244140625,36845.0,356.0,5876.5,2765.0,791.3400268554688,147.38999938964844,1536.300048828125,662.3499755859375,1675.699951171875,1521.0,379.0499877929687,1966.199951171875,2138.10009765625,512.7000122070312,258.8999938964844,4459.2998046875,508.1000061035156,1990.300048828125,401.6000061035156,6469.0,13707.0,709.3499755859375,3913.300048828125,1277.5999755859375,7100.0,295.75,380.3500061035156,258.6499938964844,888.5499877929688,170.6300048828125,1973.800048828125,103.05999755859376,1132.5999755859375,2079.60009765625,2730.39990234375,4496.7998046875,1433.5,1654.5999755859375,2596.0,997.2000122070312,760.7999877929688,6340.0,810.7999877929688,447.9500122070313,2462.199951171875,496.75,222.3300018310547,1386.699951171875,1983.0,615.3499755859375,10.68000030517578,79.87999725341797,147.92999267578125,729.5499877929688,802.5999755859375,5436.5,863.0,402.0,1597.5999755859375,129.83999633789062,162.75999450683594,136.75,114.8499984741211,403.0499877929687,1005.7999877929688,302.25,459.8500061035156,1150.5999755859375,590.9000244140625,490.1000061035156,4978.0,4185.10009765625,1075.5,427.0799865722656,1269.800048828125,1013.5,546.9500122070312,876.6500244140625,1109.5,3983.60009765625,300.45001220703125,,2092.0,3671.60009765625,274.29998779296875,2206.300048828125,714.6500244140625,15994.0,1083.9000244140625,2641.199951171875,2024.199951171875,1689.4000244140625,117.55999755859376,2908.39990234375,3702.0,269.25,1396.199951171875,112.5199966430664,1242.4000244140625,76.88999938964844,75.97000122070312,322.95001220703125,1415.699951171875,255.5,1663.699951171875,8191.5,408.1499938964844,242.22999572753903,37505.0,528.75,1328.5999755859375,6452.0,280.95001220703125,352.04998779296875,579.0499877929688,1734.0999755859375,1484.699951171875,3409.699951171875,119.52999877929688,882.25,1854.300048828125,7348.5,269.1000061035156,20085.0,180.8500061035156,941.9500122070312,1659.199951171875,298.45001220703125,352.75,1535.5999755859375,312.3999938964844,132.13999938964844,149.69000244140625,855.9000244140625,2002.9000244140625,948.0999755859376,26450.0,828.1500244140625,3362.5,12941.0,499.6499938964844,2840.10009765625,1818.300048828125,3341.10009765625,50.84999847412109,401.5499877929687,642.3499755859375,1148.4000244140625,5216.5,384.4500122070313,166.77000427246094,674.4500122070312,3229.199951171875,1562.300048828125,2703.60009765625,3800.39990234375,356.45001220703125,3795.699951171875,1299.699951171875,4215.7998046875,3646.39990234375,11608.0,152.42999267578125,1431.9000244140625,1271.9000244140625,756.4500122070312,479.8999938964844,529.6500244140625,1329.4000244140625,2984.300048828125,256.92999267578125,22.76000022888184,935.75
2025-12-05,1146.699951171875,5173.5,358.75,978.8499755859376,2265.39990234375,1017.7000122070312,1509.4000244140625,5675.5,6562.5,533.7999877929688,264.1700134277344,1771.0,7189.5,160.86000061035156,2968.5,1459.5,960.7000122070312,1217.5999755859375,1282.5,9109.0,2096.5,11181.0,1048.0,140.0800018310547,292.6000061035156,143.11000061035156,1512.5,406.8999938964844,1406.0,2108.800048828125,277.75,392.6499938964844,1734.4000244140625,36920.0,360.2999877929687,5961.0,2815.89990234375,775.7000122070312,148.63999938964844,1550.5999755859375,661.3499755859375,1730.4000244140625,1520.800048828125,379.9500122070313,1977.9000244140625,2164.39990234375,511.0499877929687,260.1000061035156,4468.89990234375,510.1000061035156,1989.0,404.6000061035156,6473.5,13749.0,719.75,3952.10009765625,1275.199951171875,7208.0,292.3999938964844,380.1499938964844,259.20001220703125,888.5499877929688,169.97999572753906,1968.199951171875,103.51000213623048,1136.0,2082.39990234375,2747.0,4443.0,1436.5,1683.0,2577.5,1003.2999877929688,768.2999877929688,6350.5,823.25,450.3500061035156,2338.60009765625,498.1000061035156,225.22000122070312,1392.5,1974.4000244140625,626.0499877929688,10.800000190734863,80.87000274658203,145.30999755859375,730.9000244140625,808.9500122070312,5370.5,870.0999755859375,415.7000122070313,1616.199951171875,130.24000549316406,163.66000366210938,133.39999389648438,114.5999984741211,404.9500122070313,1006.7999877929688,303.75,461.9500122070313,1162.199951171875,593.2000122070312,492.5,4353.5,4163.5,1066.4000244140625,430.9800109863281,1267.0,1026.0999755859375,541.7999877929688,869.9000244140625,1111.5999755859375,4038.199951171875,309.6000061035156,,2098.800048828125,3717.10009765625,279.70001220703125,2205.5,736.6500244140625,16282.0,1097.4000244140625,2616.300048828125,2068.60009765625,1690.199951171875,117.0500030517578,2953.60009765625,3800.10009765625,273.1499938964844,1388.699951171875,112.05999755859376,1246.9000244140625,77.06999969482422,76.45999908447266,323.29998779296875,1434.5,254.8000030517578,1657.699951171875,8219.0,411.9500122070313,241.22999572753903,37455.0,550.7999877929688,1344.5999755859375,6520.5,274.79998779296875,352.6499938964844,553.9000244140625,1725.0999755859375,1475.0999755859375,3396.10009765625,121.70999908447266,903.8499755859376,1893.800048828125,7257.0,269.79998779296875,19305.0,179.85000610351562,900.2000122070312,1689.699951171875,305.79998779296875,353.29998779296875,1540.5999755859375,310.8500061035156,132.5399932861328,148.32000732421875,885.1500244140625,2023.699951171875,971.5,26075.0,854.9000244140625,3325.89990234375,12819.0,492.8500061035156,2885.39990234375,1805.300048828125,3371.10009765625,51.7400016784668,394.3999938964844,639.7999877929688,1162.9000244140625,5217.5,384.5,167.11000061035156,666.4500122070312,3238.199951171875,1570.800048828125,2666.699951171875,3813.300048828125,353.6000061035156,3785.89990234375,1289.9000244140625,4183.10009765625,3665.39990234375,11597.0,153.3000030517578,1455.5999755859375,1272.4000244140625,759.0999755859375,479.9500122070313,524.5,1327.0,2871.39990234375,259.9100036621094,22.600000381469727,931.4500122070312
2025-12-08,1128.199951171875,5057.5,357.1000061035156,960.5,2216.199951171875,993.7999877929688,1480.5,5599.0,6451.0,528.9500122070312,254.2599945068359,1736.0999755859375,7096.0,159.27999877929688,2928.300048828125,1433.300048828125,952.5499877929688,1177.4000244140625,1273.800048828125,9026.0,2059.199951171875,10968.0,1026.4000244140625,135.47000122070312,285.20001220703125,138.14999389648438,1423.0999755859375,386.3999938964844,1373.5999755859375,2086.199951171875,269.70001220703125,383.7999877929687,1723.199951171875,36595.0,357.54998779296875,5847.5,2798.800048828125,753.4000244140625,142.83999633789062,1520.9000244140625,647.1500244140625,1724.4000244140625,1497.5999755859375,377.3500061035156,1951.300048828125,2146.39990234375,500.1499938964844,252.6999969482422,4467.0,504.4500122070313,1993.800048828125,398.0499877929687,6328.5,13563.0,687.4500122070312,3867.60009765625,1266.5,7142.0,285.25,373.25,257.45001220703125,860.7999877929688,166.80999755859375,1921.9000244140625,98.70999908447266,1121.5999755859375,1975.0999755859373,2744.199951171875,4287.10009765625,1407.300048828125,1688.5999755859375,2551.5,1003.0999755859376,764.0499877929688,6167.0,819.4500122070312,445.9500122070313,2314.0,490.4500122070313,212.7899932861328,1389.5999755859375,1961.0999755859373,616.25,10.289999961853027,79.12000274658203,141.91000366210938,718.0999755859375,779.0999755859375,4923.5,841.4000244140625,403.0,1610.800048828125,124.4800033569336,162.10000610351562,131.2100067138672,111.36000061035156,402.2999877929687,997.5,297.20001220703125,453.8500061035156,1119.0999755859375,584.2000122070312,475.0499877929687,3807.0,4095.199951171875,1042.0,426.3200073242187,1220.5,1004.0999755859376,522.7999877929688,857.5499877929688,1072.0,3996.699951171875,299.29998779296875,,2070.699951171875,3681.699951171875,271.75,2185.5,729.2999877929688,16187.0,1079.4000244140625,2483.699951171875,2036.5999755859373,1695.300048828125,115.3000030517578,2896.800048828125,3775.699951171875,268.3500061035156,1372.0999755859375,107.9800033569336,1214.800048828125,76.43000030517578,74.66000366210938,319.5,1425.4000244140625,252.6000061035156,1610.0,8026.0,403.9500122070313,238.52000427246097,37235.0,547.8499755859375,1321.0,6347.0,270.79998779296875,342.45001220703125,529.5999755859375,1721.0999755859375,1456.0999755859375,3329.699951171875,116.0,873.1500244140625,1913.9000244140625,7025.0,265.20001220703125,19040.0,174.64999389648438,869.7000122070312,1610.0,300.0,342.6000061035156,1543.0,307.1499938964844,129.75,141.42999267578125,870.0999755859375,2020.699951171875,956.4000244140624,26135.0,834.25,3204.199951171875,12436.0,486.3500061035156,2831.89990234375,1796.199951171875,3348.39990234375,51.77999877929688,385.8999938964844,632.1500244140625,1145.800048828125,5034.5,374.1499938964844,163.47000122070312,650.8499755859375,3236.5,1591.800048828125,2566.800048828125,3767.0,348.29998779296875,3760.0,1255.0999755859375,4090.5,3612.699951171875,11540.0,148.36000061035156,1429.4000244140625,1258.199951171875,739.8499755859375,469.7999877929687,511.25,1322.5,2884.10009765625,261.3800048828125,21.89999961853028,924.5999755859376
2025-12-09,1117.9000244140625,5117.0,364.0499877929687,974.5999755859376,2245.199951171875,998.9000244140624,1497.199951171875,5667.5,6682.5,533.0499877929688,253.3500061035156,1740.800048828125,7091.0,159.5800018310547,2796.0,1428.4000244140625,972.0499877929688,1163.5999755859375,1275.9000244140625,8961.0,2069.5,11063.0,1016.7000122070312,141.0,289.8500061035156,141.63999938964844,1427.4000244140625,389.4500122070313,1383.300048828125,2089.699951171875,277.0,383.6499938964844,1738.5999755859375,36780.0,355.04998779296875,5884.0,2715.800048828125,749.5,146.19000244140625,1517.199951171875,667.7999877929688,1731.199951171875,1490.5999755859375,379.3500061035156,1873.5,2158.89990234375,505.6499938964844,253.1499938964844,4479.10009765625,503.6000061035156,1968.0,415.2999877929687,6294.0,13517.0,690.0499877929688,3910.0,1246.199951171875,7123.0,291.70001220703125,373.3999938964844,260.8500061035156,863.8499755859375,167.88999938964844,1938.5,100.41000366210938,1128.800048828125,2043.0,2746.0,4303.0,1419.800048828125,1657.5999755859375,2558.89990234375,997.0999755859376,762.9000244140625,6001.0,812.9000244140625,448.75,2306.5,491.4500122070313,213.47999572753903,1375.199951171875,1945.300048828125,623.5999755859375,10.739999771118164,80.91000366210938,141.19000244140625,727.75,793.9000244140625,4967.5,844.3499755859375,403.0499877929687,1599.0,124.31999969482422,163.00999450683594,134.4600067138672,113.63999938964844,401.0499877929687,1002.7999877929688,293.20001220703125,451.2000122070313,1107.800048828125,583.5,473.3500061035156,4331.0,4073.0,1039.5999755859375,425.5400085449219,1206.0999755859375,1021.4000244140624,533.2000122070312,860.9500122070312,1076.0,3997.5,307.29998779296875,,2051.800048828125,3635.89990234375,275.20001220703125,2180.39990234375,730.5,16020.0,1074.699951171875,2489.10009765625,2071.60009765625,1690.9000244140625,116.75,2878.800048828125,3742.10009765625,265.6499938964844,1376.300048828125,108.0999984741211,1215.800048828125,76.47000122070312,74.83000183105469,319.8500061035156,1414.800048828125,252.9499969482422,1628.0,8062.0,401.8999938964844,239.83999633789065,37195.0,539.0,1316.699951171875,6302.0,269.25,342.5,556.4500122070312,1739.199951171875,1459.800048828125,3343.0,117.83000183105467,882.5999755859375,1957.300048828125,7194.0,264.54998779296875,19500.0,173.33999633789062,869.5499877929688,1632.9000244140625,304.1000061035156,342.8500061035156,1529.4000244140625,312.70001220703125,129.14999389648438,141.58999633789062,865.3499755859375,2006.199951171875,959.3499755859376,26100.0,846.7000122070312,3142.800048828125,12588.0,479.1499938964844,2894.800048828125,1776.0,3329.60009765625,52.54999923706055,398.0499877929687,627.1500244140625,1146.699951171875,4979.5,376.25,160.6699981689453,652.0999755859375,3208.300048828125,1561.5999755859375,2655.39990234375,3849.0,344.70001220703125,3763.89990234375,1259.0,4085.39990234375,3614.5,11414.0,150.42999267578125,1435.4000244140625,1231.699951171875,739.7000122070312,471.5499877929687,516.1500244140625,1335.9000244140625,2909.5,257.4100036621094,22.020000457763672,920.25
2025-12-10,1102.800048828125,5152.0,358.95001220703125,982.5499877929688,2211.60009765625,989.7999877929688,1498.0999755859375,5598.5,6566.5,529.7000122070312,247.8300018310547,1736.0,7018.5,158.00999450683594,2804.5,1392.4000244140625,993.7000122070312,1172.5999755859375,1278.5999755859375,8991.0,2065.800048828125,11102.0,1010.2999877929688,141.33999633789062,286.1000061035156,138.16000366210938,1400.300048828125,387.3500061035156,1383.800048828125,2067.0,275.0,379.1499938964844,1729.4000244140625,36400.0,355.1499938964844,5828.5,2581.699951171875,737.2000122070312,145.55999755859375,1479.300048828125,665.4500122070312,1744.0,1490.9000244140625,382.1499938964844,1820.199951171875,2143.0,503.25,249.8999938964844,4535.7001953125,502.5499877929687,1944.5999755859373,404.6499938964844,6294.5,12351.0,684.7999877929688,3816.300048828125,1250.800048828125,7228.5,283.25,370.3999938964844,259.6000061035156,852.9500122070312,168.02000427246094,1950.800048828125,98.54000091552734,1130.5,2014.300048828125,2746.800048828125,4294.10009765625,1389.9000244140625,1666.0,2609.39990234375,989.7999877929688,771.0499877929688,5945.5,821.75,449.5,2301.699951171875,512.6500244140625,211.0599975585937,1363.5999755859375,1934.800048828125,642.8499755859375,10.720000267028809,80.31999969482422,139.47000122070312,718.5999755859375,782.7999877929688,4805.5,833.8499755859375,404.25,1584.800048828125,119.8000030517578,163.07000732421875,133.02000427246094,112.1999969482422,403.1499938964844,1008.9000244140624,290.8500061035156,451.1499938964844,1096.800048828125,583.0999755859375,460.7000122070313,3890.5,3947.89990234375,1025.9000244140625,425.8999938964844,1198.699951171875,1018.4000244140624,531.4000244140625,858.9500122070312,1072.300048828125,3991.300048828125,303.95001220703125,,2055.39990234375,3630.0,277.79998779296875,2148.89990234375,724.75,16019.0,1077.0999755859375,2439.10009765625,1972.800048828125,1698.800048828125,116.27999877929688,2857.5,3745.800048828125,263.0,1342.800048828125,106.69000244140624,1209.300048828125,76.87000274658203,74.41000366210938,321.6000061035156,1402.5999755859375,247.0500030517578,1626.4000244140625,7870.0,399.8500061035156,239.2899932861328,36695.0,528.75,1268.300048828125,6033.5,269.8999938964844,343.8500061035156,540.1500244140625,1737.800048828125,1455.699951171875,3347.39990234375,117.16000366210938,884.2999877929688,1922.9000244140625,7139.0,265.5,18980.0,170.99000549316406,864.2999877929688,1618.4000244140625,302.0,342.6000061035156,1536.9000244140625,308.8999938964844,128.52000427246094,142.44000244140625,865.3499755859375,2014.5,959.75,25885.0,837.25,3179.89990234375,12456.0,471.5499877929687,2931.699951171875,1785.5,3297.10009765625,51.540000915527344,395.5,629.3499755859375,1140.0999755859375,4863.0,379.8500061035156,162.22999572753906,643.2999877929688,3189.199951171875,1550.800048828125,2627.89990234375,3845.699951171875,343.3999938964844,3794.39990234375,1267.0,4018.300048828125,3606.60009765625,11317.0,148.05999755859375,1436.5,1223.300048828125,736.9000244140625,472.9500122070313,524.2000122070312,1340.9000244140625,2887.300048828125,257.9800109863281,21.71999931335449,923.5999755859376
2025-12-11,1135.800048828125,5242.5,354.45001220703125,999.5999755859376,2277.699951171875,1018.7999877929688,1504.0,5626.0,6521.5,536.0999755859375,257.739990234375,1723.0,7009.5,160.3300018310547,2779.39990234375,1406.699951171875,973.0,1172.199951171875,1272.699951171875,9053.5,2065.800048828125,10984.0,1006.4000244140624,145.2899932861328,285.0,140.75999450683594,1413.4000244140625,387.5,1407.4000244140625,2053.199951171875,276.5,381.75,1746.199951171875,36880.0,351.29998779296875,5847.0,2698.800048828125,756.7000122070312,146.8000030517578,1522.699951171875,666.5,1719.4000244140625,1512.300048828125,384.0,1841.4000244140625,2154.10009765625,505.9500122070313,251.5,4531.89990234375,501.75,1987.0999755859373,410.7000122070313,6430.0,12988.0,693.6500244140625,3830.800048828125,1273.5,7256.0,290.95001220703125,374.6000061035156,260.8999938964844,855.8499755859375,168.9499969482422,1956.0,98.16000366210938,1147.9000244140625,2035.5999755859373,2797.800048828125,4320.7998046875,1402.4000244140625,1672.4000244140625,2664.699951171875,1000.2999877929688,775.2000122070312,5979.5,824.3499755859375,448.0499877929687,2305.60009765625,522.6500244140625,212.52999877929688,1360.0,1939.699951171875,635.8499755859375,11.25,80.61000061035156,142.4499969482422,729.0,782.6500244140625,4819.0,835.5499877929688,410.3500061035156,1598.0,121.5500030517578,161.75,134.47999572753906,113.29000091552734,402.8999938964844,1012.9000244140624,298.45001220703125,457.7999877929687,1105.4000244140625,597.9000244140625,470.0499877929687,4041.5,4057.300048828125,1074.0,436.0400085449219,1232.5,1019.2999877929688,533.4000244140625,858.3499755859375,1080.5,4003.89990234375,301.70001220703125,,2081.800048828125,3665.199951171875,283.1499938964844,2166.800048828125,724.7000122070312,16248.0,1087.9000244140625,2467.5,1987.5999755859373,1703.5999755859375,119.8000030517578,2894.89990234375,3734.199951171875,264.29998779296875,1343.5,108.30999755859376,1215.0,76.69000244140625,75.30999755859375,322.6000061035156,1446.0999755859375,249.5500030517578,1632.800048828125,8005.0,404.8500061035156,238.4100036621093,37065.0,534.0499877929688,1280.5,6204.0,271.1000061035156,342.54998779296875,548.2000122070312,1743.800048828125,1467.4000244140625,3376.0,117.56999969482422,900.1500244140625,1948.0999755859373,7218.5,264.79998779296875,19230.0,171.7899932861328,904.9000244140624,1652.199951171875,311.20001220703125,344.0,1545.0,311.8999938964844,129.5399932861328,144.42999267578125,873.2000122070312,2006.9000244140625,963.25,26080.0,847.1500244140625,3196.5,12458.0,483.1499938964844,2943.699951171875,1807.199951171875,3234.199951171875,52.040000915527344,401.2000122070313,640.8499755859375,1142.0999755859375,5016.5,380.1499938964844,166.3800048828125,655.75,3191.89990234375,1568.199951171875,2651.10009765625,3844.800048828125,346.6499938964844,3799.0,1282.699951171875,4047.5,3637.39990234375,11472.0,150.52999877929688,1437.199951171875,1234.9000244140625,745.8499755859375,478.5,529.0499877929688,1353.4000244140625,2895.39990234375,259.25,21.940000534057617,922.5499877929688
2025-12-12,1142.199951171875,5278.0,362.9500122070313,1011.2999877929688,2282.39990234375,1040.199951171875,1522.800048828125,5631.0,6626.0,548.1500244140625,259.5299987792969,1737.9000244140625,7101.0,163.86000061035156,2764.800048828125,1416.4000244140625,968.0499877929688,1195.0999755859375,1286.0999755859375,9015.0,2083.10009765625,10900.0,1017.2999877929688,149.57000732421875,284.45001220703125,141.1199951171875,1409.9000244140625,389.4500122070313,1426.5999755859375,2083.39990234375,285.1499938964844,386.3500061035156,1796.699951171875,36715.0,365.0499877929687,5915.5,2735.0,755.2000122070312,146.6300048828125,1526.5,665.9000244140625,1735.5999755859375,1517.4000244140625,383.3500061035156,1851.0,2161.300048828125,505.5,254.1000061035156,4600.2001953125,495.0,2072.199951171875,412.2999877929687,6426.5,13379.0,699.4000244140625,3843.0,1279.300048828125,7229.0,298.04998779296875,373.75,261.3500061035156,874.0499877929688,170.7100067138672,1975.0,104.33999633789062,1153.800048828125,2075.10009765625,2836.699951171875,4302.5,1409.5999755859375,1673.199951171875,2674.699951171875,1001.5,777.5,5960.0,852.0999755859375,459.8999938964844,2260.60009765625,561.6500244140625,213.69000244140625,1366.0,1937.9000244140625,647.5499877929688,11.640000343322754,82.29000091552734,143.1999969482422,735.0499877929688,789.3499755859375,4860.5,846.1500244140625,415.2000122070313,1598.199951171875,124.61000061035156,163.6699981689453,136.17999267578125,113.81999969482422,400.1000061035156,1029.5,300.75,482.2000122070313,1125.5,583.5499877929688,479.2999877929687,4265.5,4067.10009765625,1051.699951171875,435.3200073242187,1237.9000244140625,1012.2999877929688,532.4000244140625,867.5999755859375,1091.0999755859375,4074.10009765625,307.8500061035156,,2113.89990234375,3679.60009765625,287.6000061035156,2178.800048828125,727.0499877929688,16522.0,1081.300048828125,2458.699951171875,2032.4000244140625,1719.0,121.3000030517578,2912.699951171875,3837.60009765625,278.1499938964844,1377.699951171875,109.56999969482422,1238.300048828125,77.12999725341797,77.94000244140625,325.04998779296875,1470.4000244140625,251.1000061035156,1659.800048828125,7990.0,404.3500061035156,238.02000427246097,36930.0,536.8499755859375,1304.699951171875,6336.5,268.95001220703125,344.20001220703125,567.0999755859375,1770.9000244140625,1476.800048828125,3311.10009765625,117.80999755859376,937.0999755859376,1925.300048828125,7276.5,263.6000061035156,19535.0,174.4499969482422,919.25,1660.9000244140625,307.6000061035156,344.3999938964844,1556.5,313.8999938964844,131.89999389648438,149.49000549316406,874.5999755859375,2025.9000244140625,963.1500244140624,26285.0,848.0,3144.60009765625,12304.0,492.5,3023.60009765625,1793.5,3221.10009765625,53.02000045776367,416.5,647.0,1149.300048828125,5030.5,381.9500122070313,171.88999938964844,660.0,3220.5,1578.4000244140625,2655.60009765625,3880.199951171875,347.45001220703125,3791.5,1290.800048828125,4075.39990234375,3655.199951171875,11723.0,152.74000549316406,1447.0999755859375,1248.0999755859375,748.3499755859375,479.9500122070313,543.5999755859375,1377.199951171875,2980.0,260.6000061035156,21.920000076293945,929.1500244140624
2025-12-15,1144.699951171875,5285.0,351.79998779296875,1016.4500122070312,2278.89990234375,1047.5999755859375,1512.5999755859375,5624.5,6801.5,553.4500122070312,258.25,1739.0999755859375,7086.5,166.82000732421875,2780.199951171875,1430.5999755859375,979.0499877929688,1186.300048828125,1284.800048828125,8940.0,2070.5,11062.0,1012.7000122070312,151.7899932861328,285.1000061035156,141.77000427246094,1402.5999755859375,390.75,1414.0999755859375,2069.699951171875,282.6000061035156,390.6499938964844,1806.199951171875,36400.0,367.0,6038.0,2648.89990234375,755.2000122070312,148.2899932861328,1517.5999755859375,670.1500244140625,1733.699951171875,1508.0,384.4500122070313,1870.0,2164.39990234375,502.75,253.0500030517578,4539.89990234375,497.2000122070313,2103.60009765625,407.25,6347.5,13737.0,697.9000244140625,3825.60009765625,1280.5999755859375,7121.5,298.45001220703125,372.4500122070313,265.25,869.7999877929688,169.86000061035156,1985.5999755859373,104.87999725341795,1166.0999755859375,2067.800048828125,2821.0,4321.60009765625,1412.300048828125,1684.0,2607.0,996.0999755859376,772.7000122070312,5959.5,847.8499755859375,466.1499938964844,2293.5,568.0499877929688,214.8500061035156,1365.199951171875,1951.800048828125,648.5,11.350000381469728,83.87000274658203,142.32000732421875,731.1500244140625,783.8499755859375,4965.5,851.25,409.4500122070313,1606.800048828125,125.98999786376952,168.5500030517578,135.4600067138672,113.25,402.2999877929687,1034.0,299.6000061035156,486.4500122070313,1114.800048828125,577.4500122070312,480.1000061035156,4197.5,4167.89990234375,1049.5,436.260009765625,1207.4000244140625,1004.9000244140624,531.4500122070312,856.9000244140625,1091.0,4092.300048828125,305.1000061035156,,2092.60009765625,3608.0,286.25,2141.199951171875,737.6500244140625,16415.0,1085.4000244140625,2447.800048828125,2037.199951171875,1698.300048828125,120.30999755859376,2897.89990234375,3856.39990234375,278.70001220703125,1361.5999755859375,115.38999938964844,1243.5,77.20999908447266,78.55000305175781,323.95001220703125,1454.800048828125,251.6000061035156,1655.9000244140625,7967.5,403.5499877929687,235.3500061035156,36740.0,529.75,1310.0999755859375,6297.5,268.54998779296875,341.20001220703125,564.75,1789.4000244140625,1479.4000244140625,3245.39990234375,118.73999786376952,922.0499877929688,1926.4000244140625,7339.5,262.20001220703125,19535.0,171.6999969482422,935.4000244140624,1655.4000244140625,304.29998779296875,342.5,1556.199951171875,313.1499938964844,132.30999755859375,148.67999267578125,870.0,2034.9000244140625,967.25,26625.0,855.3499755859375,3157.800048828125,12196.0,486.8999938964844,3001.0,1797.0999755859375,3272.0,53.13999938964844,413.3999938964844,660.3499755859375,1157.4000244140625,5048.5,381.6499938964844,172.8699951171875,657.2999877929688,3230.199951171875,1575.4000244140625,2647.699951171875,3866.199951171875,347.1499938964844,3782.60009765625,1292.699951171875,4109.0,3639.300048828125,11728.0,153.64999389648438,1442.4000244140625,1239.4000244140625,765.6500244140625,477.6000061035156,549.4000244140625,1388.9000244140625,2965.0,261.739990234375,21.76000022888184,921.5999755859376
2025-12-16,1133.4000244140625,5242.0,348.04998779296875,994.2999877929688,2247.89990234375,1028.199951171875,1499.0,5663.5,6779.5,548.7000122070312,253.2400054931641,1732.9000244140625,7051.5,167.75,2790.89990234375,1462.9000244140625,980.5999755859376,1178.0999755859375,1219.5999755859375,9008.0,2035.199951171875,11068.0,998.4000244140624,149.49000549316406,282.8500061035156,139.3800048828125,1355.5999755859375,388.0,1417.4000244140625,2102.0,279.3500061035156,384.8999938964844,1815.5999755859373,36230.0,368.1499938964844,6066.0,2605.89990234375,753.7999877929688,147.1699981689453,1501.199951171875,673.0499877929688,1715.4000244140625,1499.5999755859375,381.6000061035156,1866.800048828125,2160.39990234375,499.6000061035156,252.4499969482422,4494.2998046875,497.2000122070313,2066.5,401.7999877929687,6335.5,13628.0,691.9500122070312,3856.800048828125,1276.9000244140625,7061.5,284.45001220703125,366.25,262.20001220703125,875.0,168.32000732421875,1966.5,103.5199966430664,1182.4000244140625,2023.5999755859373,2799.10009765625,4261.39990234375,1412.0,1651.699951171875,2583.699951171875,994.2999877929688,764.3499755859375,5946.5,837.1500244140625,465.3500061035156,2281.10009765625,567.7000122070312,211.02000427246097,1366.0,1951.199951171875,637.9500122070312,11.25,83.45999908447266,140.39999389648438,725.25,773.1500244140625,4974.0,845.0499877929688,408.1499938964844,1592.9000244140625,126.91999816894533,167.74000549316406,133.8699951171875,112.01000213623048,401.7000122070313,1011.2000122070312,295.25,478.5,1082.5999755859375,560.2000122070312,479.1000061035156,4186.5,4156.2998046875,1034.5,436.4800109863281,1176.300048828125,1001.2999877929688,525.7999877929688,854.5,1075.4000244140625,4063.800048828125,300.79998779296875,,2090.60009765625,3621.0,283.5,2106.0,738.7999877929688,16354.0,1073.0,2408.0,2032.800048828125,1669.5999755859375,119.56999969482422,2863.10009765625,3847.0,276.8500061035156,1346.9000244140625,111.68000030517578,1240.5999755859375,76.01000213623047,77.1500015258789,321.0,1438.0,247.3000030517578,1626.800048828125,7828.5,401.7000122070313,232.2100067138672,36355.0,537.8499755859375,1281.4000244140625,6263.0,264.70001220703125,336.1499938964844,570.9500122070312,1781.0,1473.0999755859375,3259.300048828125,117.02999877929688,913.4000244140624,1820.5,7361.5,260.3500061035156,19320.0,168.60000610351562,911.0999755859376,1627.9000244140625,300.70001220703125,335.3999938964844,1542.300048828125,309.3999938964844,129.67999267578125,146.88999938964844,847.7000122070312,2036.0,961.1500244140624,25990.0,848.4000244140625,3161.39990234375,11918.0,484.9500122070313,3015.699951171875,1781.300048828125,3405.800048828125,52.66999816894531,396.25,646.3499755859375,1169.9000244140625,4998.0,379.8500061035156,169.8300018310547,650.3499755859375,3205.10009765625,1578.199951171875,2622.39990234375,3929.5,345.45001220703125,3765.10009765625,1281.199951171875,4108.7001953125,3619.60009765625,11528.0,153.1999969482422,1451.4000244140625,1257.0,749.9000244140625,477.1499938964844,569.5,1394.300048828125,2919.0,259.2200012207031,21.5,914.3499755859376
2025-12-17,1126.0999755859375,5171.0,346.79998779296875,977.5499877929688,2232.5,1020.7000122070312,1486.300048828125,5628.5,6580.5,541.2999877929688,250.4600067138672,1764.5,6921.5,166.13999938964844,2785.699951171875,1428.9000244140625,990.2999877929688,1193.0,1224.699951171875,8895.0,2021.199951171875,11072.0,999.5999755859376,147.83999633789062,287.6000061035156,141.9600067138672,1324.300048828125,385.6000061035156,1413.300048828125,2108.0,277.8500061035156,386.1000061035156,1826.800048828125,35975.0,368.3500061035156,6096.0,2630.5,733.7999877929688,150.2100067138672,1477.300048828125,670.4000244140625,1673.5,1496.9000244140625,384.75,1844.699951171875,2087.39990234375,496.3500061035156,249.1499938964844,4512.7001953125,494.1499938964844,2073.89990234375,399.7999877929687,6293.0,13274.0,683.0999755859375,3826.199951171875,1272.0,7134.5,284.45001220703125,363.7999877929687,263.6000061035156,870.9500122070312,169.07000732421875,1948.4000244140625,100.9499969482422,1179.699951171875,2014.9000244140625,2806.60009765625,4228.39990234375,1397.0,1655.0,2541.199951171875,984.0,753.5,5817.0,848.7999877929688,465.4500122070313,2275.60009765625,578.2999877929688,207.9100036621093,1352.4000244140625,1947.0,630.5,11.130000114440918,83.94999694824219,140.22000122070312,713.2000122070312,775.0,4980.5,833.8499755859375,407.2000122070313,1602.0,126.04000091552734,168.16000366210938,131.42999267578125,111.08000183105467,399.7999877929687,1001.5,293.1499938964844,475.25,1079.300048828125,554.0499877929688,474.8500061035156,4093.5,4106.60009765625,1031.300048828125,434.6400146484375,1168.9000244140625,1010.0,524.7999877929688,844.5499877929688,1063.800048828125,4062.39990234375,301.8999938964844,,2113.10009765625,3612.800048828125,286.25,2111.199951171875,738.1500244140625,16398.0,1031.0999755859375,2356.60009765625,2005.0,1663.9000244140625,119.55999755859376,2865.300048828125,3766.5,279.45001220703125,1338.199951171875,109.55999755859376,1234.5999755859375,75.38999938964844,77.27999877929688,321.25,1434.199951171875,245.1000061035156,1609.9000244140625,7712.5,398.1499938964844,232.9100036621093,36055.0,543.9000244140625,1268.5999755859375,6282.5,268.6499938964844,335.6499938964844,563.75,1781.5,1450.699951171875,3206.199951171875,119.33000183105467,894.8499755859375,1765.0,7079.5,261.1000061035156,19150.0,167.89999389648438,907.5,1607.4000244140625,296.95001220703125,333.95001220703125,1544.4000244140625,307.25,130.1999969482422,145.77999877929688,834.4000244140625,2010.199951171875,975.8499755859376,26045.0,864.2000122070312,3140.10009765625,11815.0,489.8999938964844,3033.300048828125,1792.9000244140625,3345.199951171875,51.93999862670898,398.9500122070313,646.5,1179.800048828125,4968.5,378.5499877929687,170.33999633789062,641.7999877929688,3217.800048828125,1579.4000244140625,2614.10009765625,3907.89990234375,346.3500061035156,3770.800048828125,1274.5,4045.199951171875,3638.89990234375,11540.0,153.0399932861328,1424.9000244140625,1248.800048828125,746.2999877929688,470.8500061035156,569.7999877929688,1380.5,2878.800048828125,261.1400146484375,21.559999465942383,918.0999755859376
2025-12-18,1143.199951171875,5097.5,344.25,976.2999877929688,2229.300048828125,1011.0,1495.699951171875,5521.0,6585.5,535.7999877929688,247.9100036621093,1795.699951171875,6918.5,171.57000732421875,2759.699951171875,1407.9000244140625,987.6500244140624,1209.300048828125,1229.800048828125,8831.0,2026.300048828125,10941.0,1000.2999877929688,145.3300018310547,288.1000061035156,142.3000030517578,1342.5,383.4500122070313,1407.5,2092.0,275.04998779296875,392.25,1854.5999755859373,35720.0,363.3500061035156,6040.5,2682.89990234375,752.2999877929688,149.8300018310547,1489.5999755859375,661.7999877929688,1679.0,1498.9000244140625,385.2999877929687,1854.800048828125,2090.0,498.25,255.6499938964844,4385.39990234375,492.5499877929687,2024.4000244140625,402.3500061035156,6380.0,13299.0,679.0499877929688,3757.199951171875,1280.0,7106.5,284.75,359.04998779296875,265.3999938964844,866.3499755859375,167.5500030517578,1957.0999755859373,100.58999633789062,1186.800048828125,1999.800048828125,2807.60009765625,4259.5,1401.199951171875,1661.4000244140625,2722.89990234375,979.7000122070312,757.0,5748.5,856.7000122070312,464.0,2265.5,592.1500244140625,206.8999938964844,1356.800048828125,1949.800048828125,645.6500244140625,11.300000190734863,83.79000091552734,139.75999450683594,722.0,777.8499755859375,5115.5,834.9000244140625,408.75,1626.800048828125,124.20999908447266,161.75,131.4199981689453,110.80999755859376,400.3999938964844,986.0,292.29998779296875,472.0,1082.199951171875,558.7000122070312,470.8500061035156,4046.5,4086.800048828125,1069.0,432.9200134277344,1160.800048828125,1015.5,528.0999755859375,847.4000244140625,1069.0999755859375,4031.10009765625,299.8500061035156,,2119.10009765625,3586.60009765625,287.04998779296875,2142.0,742.4500122070312,16329.0,1048.5,2358.0,2034.4000244140625,1686.5999755859375,117.1500015258789,2887.89990234375,3749.89990234375,279.25,1333.699951171875,108.26000213623048,1233.5,75.04000091552734,76.51000213623047,318.5,1460.300048828125,244.1000061035156,1658.199951171875,7662.5,399.8500061035156,232.0,35695.0,550.2999877929688,1286.0999755859375,6318.5,268.79998779296875,335.04998779296875,566.3499755859375,1798.0,1451.5999755859375,3213.800048828125,118.9000015258789,896.1500244140625,1834.4000244140625,7099.0,257.95001220703125,18160.0,166.52000427246094,894.7000122070312,1600.199951171875,298.75,337.0,1544.4000244140625,305.95001220703125,127.2699966430664,143.47999572753906,848.1500244140625,2014.4000244140625,977.5499877929688,25645.0,869.4500122070312,3074.0,11772.0,486.4500122070313,3050.699951171875,1745.9000244140625,3340.89990234375,51.77999877929688,410.7000122070313,657.0999755859375,1171.5,5013.5,374.9500122070313,168.1199951171875,643.0499877929688,3280.800048828125,1605.5999755859375,2579.89990234375,3919.300048828125,345.79998779296875,3759.5,1252.699951171875,4030.0,3592.199951171875,11461.0,154.14999389648438,1391.199951171875,1226.5999755859375,744.4000244140625,473.6000061035156,579.1500244140625,1401.699951171875,2878.5,263.8500061035156,21.440000534057617,913.6500244140624
2025-12-19,1138.9000244140625,5177.0,348.70001220703125,988.25,2239.0,1020.9000244140624,1496.4000244140625,5555.5,6681.0,539.6500244140625,251.8099975585937,1820.0999755859373,7012.5,173.55999755859375,2799.89990234375,1423.5999755859375,985.1500244140624,1225.0999755859375,1230.5999755859375,9002.0,2043.800048828125,11148.0,1008.2999877929688,150.08999633789062,292.04998779296875,143.2100067138672,1373.0999755859375,392.8500061035156,1439.9000244140625,2097.699951171875,275.75,398.5499877929687,1781.4000244140625,35940.0,365.9500122070313,6103.0,2684.800048828125,758.0999755859375,148.5800018310547,1499.5999755859375,671.5999755859375,1648.0999755859375,1517.0999755859375,385.6000061035156,1845.4000244140625,2111.10009765625,501.3500061035156,255.6000061035156,4410.39990234375,493.9500122070313,2015.300048828125,405.9500122070313,6478.5,13268.0,691.2000122070312,3819.5,1278.199951171875,7217.0,286.04998779296875,363.25,267.8500061035156,890.9000244140625,169.75999450683594,1992.0999755859373,101.52999877929688,1186.199951171875,2044.800048828125,2812.5,4305.2998046875,1416.9000244140625,1642.4000244140625,2672.199951171875,985.5,766.4500122070312,5781.0,852.0,469.75,2280.0,588.75,211.27000427246097,1354.0999755859375,1954.300048828125,650.4000244140625,11.960000038146973,84.68000030517578,141.39999389648438,731.2000122070312,781.4000244140625,5153.5,844.7000122070312,414.0499877929687,1638.699951171875,126.87000274658205,162.60000610351562,133.19000244140625,113.9800033569336,401.0499877929687,992.5999755859376,296.95001220703125,478.25,1079.5999755859375,563.7000122070312,484.8500061035156,4185.0,4284.39990234375,1078.0999755859375,431.8999938964844,1224.5999755859375,1045.199951171875,532.4500122070312,852.0,1090.199951171875,4073.5,300.29998779296875,,2125.800048828125,3603.60009765625,292.6499938964844,2172.10009765625,741.2000122070312,16414.0,1075.800048828125,2408.199951171875,2061.39990234375,1689.9000244140625,120.9800033569336,2890.199951171875,3781.199951171875,278.5,1340.800048828125,113.6999969482422,1244.4000244140625,76.61000061035156,76.30000305175781,319.8999938964844,1433.800048828125,249.0500030517578,1675.300048828125,7823.5,405.0499877929687,232.88999938964844,35745.0,559.4000244140625,1336.0,6358.0,273.8500061035156,338.70001220703125,582.0,1831.300048828125,1458.300048828125,3249.60009765625,119.81999969482422,927.7999877929688,1888.9000244140625,7439.0,263.45001220703125,18555.0,171.27999877929688,885.5499877929688,1624.0999755859375,300.25,339.20001220703125,1565.0999755859375,319.1499938964844,125.91000366210938,145.0500030517578,870.2999877929688,2028.4000244140625,980.2999877929688,25600.0,901.7000122070312,3111.60009765625,11911.0,496.7999877929687,3090.300048828125,1744.9000244140625,3368.10009765625,52.59000015258789,412.2000122070313,654.1500244140625,1184.0,5413.5,380.5499877929687,168.69000244140625,654.2000122070312,3282.0,1612.5,2634.89990234375,3930.10009765625,352.6499938964844,3800.300048828125,1279.0999755859375,4062.199951171875,3666.0,11496.0,154.02999877929688,1406.699951171875,1267.800048828125,751.5499877929688,469.3999938964844,581.5999755859375,1375.5,3025.60009765625,264.45001220703125,21.700000762939453,919.5999755859376
2025-12-22,1165.5,5181.0,346.1000061035156,1007.9000244140624,2263.5,1020.7999877929688,1508.699951171875,5624.0,6709.0,539.9500122070312,258.1600036621094,1863.300048828125,7054.0,177.0500030517578,2807.60009765625,1408.0999755859375,984.4500122070312,1224.5,1233.199951171875,9164.0,2049.800048828125,11255.0,1007.7999877929688,148.97000122070312,294.0,142.72000122070312,1423.5999755859375,398.9500122070313,1456.199951171875,2147.60009765625,281.8500061035156,399.2999877929687,1766.199951171875,36160.0,369.8999938964844,6083.0,2775.5,762.2000122070312,150.3000030517578,1518.699951171875,671.0499877929688,1584.9000244140625,1512.9000244140625,386.25,1868.699951171875,2108.199951171875,508.3999938964844,259.1000061035156,4519.89990234375,493.7000122070313,2014.199951171875,409.3500061035156,6511.5,12845.0,692.0499877929688,3818.60009765625,1283.4000244140625,7291.5,286.70001220703125,366.25,269.1499938964844,914.1500244140624,171.72000122070312,2038.199951171875,102.16999816894533,1185.4000244140625,2030.4000244140625,2809.699951171875,4386.10009765625,1431.199951171875,1670.300048828125,2662.800048828125,987.7000122070312,761.7999877929688,5699.5,864.5499877929688,475.5499877929687,2289.5,606.5,214.75,1368.5,1950.5999755859373,650.5,11.850000381469728,85.3499984741211,140.9499969482422,740.1500244140625,787.9000244140625,5145.5,856.4000244140625,411.4500122070313,1689.5999755859375,126.56999969482422,163.66000366210938,135.6699981689453,117.0,402.7000122070313,1002.0999755859376,298.75,478.9500122070313,1094.9000244140625,568.5,485.2999877929687,4194.0,4441.60009765625,1082.0,429.9400024414063,1229.300048828125,1064.199951171875,533.9000244140625,857.3499755859375,1095.5,4072.39990234375,303.3500061035156,,2126.300048828125,3616.699951171875,294.1000061035156,2186.300048828125,739.25,16649.0,1077.5999755859375,2544.800048828125,2164.199951171875,1692.699951171875,121.11000061035156,2887.0,3790.39990234375,290.29998779296875,1345.5999755859375,116.36000061035156,1257.199951171875,77.66999816894531,78.5199966430664,320.70001220703125,1428.300048828125,253.6499938964844,1662.800048828125,7860.5,406.0,234.17999267578125,36735.0,550.1500244140625,1328.9000244140625,6563.5,276.25,343.3999938964844,579.5499877929688,1847.0,1459.199951171875,3266.89990234375,121.30999755859376,936.3499755859376,1882.0999755859373,7603.0,265.0,18710.0,177.6999969482422,885.7000122070312,1603.0999755859375,303.1000061035156,344.29998779296875,1575.4000244140625,332.5,130.05999755859375,141.85000610351562,872.2000122070312,2022.300048828125,974.2999877929688,25710.0,934.8499755859376,3140.0,12620.0,493.4500122070313,3091.60009765625,1769.800048828125,3342.699951171875,53.5099983215332,406.3999938964844,659.0,1178.800048828125,5458.5,380.7999877929687,169.22000122070312,663.4000244140625,3324.89990234375,1646.699951171875,2597.699951171875,3933.800048828125,359.1499938964844,3816.0,1287.300048828125,4206.7998046875,3709.60009765625,11532.0,152.8000030517578,1426.699951171875,1295.199951171875,776.5499877929688,485.6499938964844,585.6500244140625,1388.0,3061.800048828125,272.6700134277344,21.780000686645508,918.2000122070312
2025-12-23,1181.699951171875,5204.0,346.79998779296875,994.5999755859376,2248.800048828125,1016.9000244140624,1493.5999755859375,5597.0,6654.5,546.9000244140625,255.7100067138672,1867.9000244140625,7073.5,177.9600067138672,2807.800048828125,1417.0,980.3499755859376,1218.0,1225.0,9099.0,2047.5999755859373,11279.0,1011.4000244140624,149.33999633789062,292.5,140.88999938964844,1431.4000244140625,399.3999938964844,1460.199951171875,2122.89990234375,281.8999938964844,401.5499877929687,1766.4000244140625,36305.0,370.0,6061.0,2737.5,760.2000122070312,150.22000122070312,1515.5,666.2999877929688,1678.5,1500.699951171875,400.3999938964844,1780.199951171875,2106.199951171875,512.5999755859375,259.70001220703125,4503.2001953125,493.1499938964844,2059.39990234375,412.1000061035156,6476.5,12832.0,694.25,3828.199951171875,1283.5,7303.0,284.3500061035156,370.0499877929687,265.45001220703125,901.5999755859376,172.0399932861328,2047.0,104.88999938964844,1196.5,2019.5,2829.800048828125,4407.39990234375,1426.800048828125,1679.9000244140625,2709.300048828125,996.5999755859376,763.9500122070312,5744.0,863.8499755859375,475.1000061035156,2302.60009765625,609.7999877929688,216.07000732421875,1363.0,1960.0999755859373,650.9000244140625,12.010000228881836,85.0,142.0500030517578,738.2999877929688,783.25,5157.0,849.9000244140625,414.3500061035156,1668.300048828125,127.0999984741211,163.27000427246094,138.72999572753906,121.4000015258789,407.3500061035156,1012.5999755859376,298.70001220703125,485.6499938964844,1096.800048828125,566.3499755859375,488.3500061035156,4140.5,4409.5,1101.800048828125,432.5400085449219,1230.199951171875,1068.4000244140625,533.8499755859375,855.4000244140625,1082.800048828125,4058.800048828125,303.5,,2113.5,3625.10009765625,294.79998779296875,2229.60009765625,737.3499755859375,16585.0,1075.199951171875,2513.199951171875,2165.60009765625,1697.5999755859375,120.23999786376952,2938.39990234375,3808.199951171875,290.1499938964844,1365.5999755859375,116.2699966430664,1256.5,78.2300033569336,81.52999877929688,323.25,1456.4000244140625,256.8500061035156,1662.5,7817.0,410.25,235.4900054931641,36700.0,553.3499755859375,1340.300048828125,6489.0,279.3999938964844,354.8999938964844,576.0,1842.4000244140625,1462.0999755859375,3238.39990234375,120.9000015258789,932.8499755859376,1914.0,7645.0,267.0,18465.0,178.00999450683594,880.4500122070312,1604.800048828125,303.6000061035156,354.20001220703125,1570.699951171875,341.8500061035156,132.7100067138672,140.88999938964844,866.9500122070312,2024.800048828125,971.9000244140624,25940.0,957.7999877929688,3134.199951171875,12545.0,488.2999877929687,3111.699951171875,1755.9000244140625,3350.89990234375,53.619998931884766,405.0499877929687,658.5499877929688,1185.5999755859375,5429.0,382.2000122070313,170.89999389648438,663.3499755859375,3310.0,1633.0,2597.39990234375,3925.800048828125,363.25,3820.10009765625,1288.699951171875,4189.39990234375,3686.5,11678.0,152.36000061035156,1441.800048828125,1296.300048828125,781.0,481.75,586.4000244140625,1385.5999755859375,3096.60009765625,271.3999938964844,21.739999771118164,927.7999877929688
2025-12-24,1196.0,5215.0,347.3999938964844,996.5499877929688,2222.699951171875,1015.0,1494.300048828125,5566.0,6660.0,548.0999755859375,252.3800048828125,1858.5999755859373,7172.0,175.30999755859375,2785.5,1396.5999755859375,974.0499877929688,1211.4000244140625,1226.300048828125,9170.0,2035.699951171875,11224.0,1011.7000122070312,146.3300018310547,290.54998779296875,139.77999877929688,1481.199951171875,400.0,1450.5,2123.699951171875,278.20001220703125,398.3500061035156,1777.4000244140625,36195.0,365.8999938964844,6030.0,2670.89990234375,760.0999755859375,149.6699981689453,1498.9000244140625,660.9000244140625,1697.800048828125,1496.300048828125,402.3500061035156,1737.699951171875,2093.300048828125,508.6000061035156,257.3999938964844,4417.39990234375,490.5499877929687,2109.39990234375,406.1000061035156,6496.5,12629.0,694.9000244140625,3800.199951171875,1265.800048828125,7312.5,284.8500061035156,367.1499938964844,261.75,902.7000122070312,171.0,2020.0999755859373,103.08000183105467,1192.199951171875,2006.0999755859373,2826.89990234375,4421.2998046875,1424.4000244140625,1674.699951171875,2656.10009765625,997.2000122070312,755.3499755859375,5698.5,864.4500122070312,470.7000122070313,2282.199951171875,624.8499755859375,216.22999572753903,1359.800048828125,1959.300048828125,652.0499877929688,12.020000457763672,84.23999786376953,139.13999938964844,740.0999755859375,777.2000122070312,5081.5,848.0499877929688,423.8999938964844,1663.4000244140625,126.75,161.1699981689453,138.10000610351562,121.48999786376952,406.6000061035156,999.0,298.8999938964844,484.3500061035156,1091.300048828125,563.6500244140625,487.2000122070313,4118.5,4408.7998046875,1091.300048828125,432.739990234375,1217.300048828125,1084.800048828125,539.4500122070312,853.9000244140625,1080.0999755859375,4053.60009765625,303.25,,2107.0,3636.699951171875,314.54998779296875,2193.300048828125,734.75,16703.0,1081.4000244140625,2540.300048828125,2165.0,1678.5,119.52999877929688,2891.89990234375,3804.699951171875,295.29998779296875,1366.800048828125,116.16000366210938,1259.699951171875,77.80999755859375,81.43000030517578,322.54998779296875,1523.0,257.95001220703125,1672.4000244140625,7782.0,408.8999938964844,233.77000427246097,36605.0,547.2000122070312,1324.699951171875,6352.5,281.04998779296875,352.29998779296875,581.5999755859375,1853.4000244140625,1446.5999755859375,3218.199951171875,120.93000030517578,966.2999877929688,1916.300048828125,7630.5,268.04998779296875,18420.0,177.30999755859375,886.6500244140625,1618.0,305.95001220703125,354.75,1558.199951171875,345.70001220703125,131.85000610351562,141.42999267578125,867.5999755859375,2025.4000244140625,968.9500122070312,26145.0,973.7000122070312,3098.0,12485.0,484.0,3098.199951171875,1737.0,3320.300048828125,53.29999923706055,400.0499877929687,652.9500122070312,1179.199951171875,5387.5,379.7000122070313,170.07000732421875,657.5999755859375,3319.0,1631.5,2595.699951171875,3909.300048828125,359.20001220703125,3834.300048828125,1280.800048828125,4289.60009765625,3665.199951171875,11764.0,150.75999450683594,1422.0999755859375,1292.300048828125,772.7000122070312,477.6499938964844,598.1500244140625,1394.699951171875,3080.300048828125,268.0599975585937,21.690000534057617,917.7999877929688
2025-12-26,1179.4000244140625,5183.0,348.1499938964844,1015.2999877929688,2229.89990234375,1018.0999755859376,1487.0999755859375,5535.0,6652.0,554.6500244140625,249.5800018310547,1886.0999755859373,7156.0,174.67999267578125,2746.5,1390.0,974.9500122070312,1206.199951171875,1228.199951171875,9064.5,2017.5999755859373,11155.0,1000.0,144.8800048828125,288.20001220703125,139.77000427246094,1477.9000244140625,398.4500122070313,1443.800048828125,2105.39990234375,281.5,395.4500122070313,1763.9000244140625,35855.0,366.0,6032.5,2649.0,748.7999877929688,150.07000732421875,1482.699951171875,656.0,1698.0,1506.0,402.1499938964844,1673.300048828125,2087.39990234375,520.2999877929688,256.8500061035156,4346.39990234375,488.2000122070313,2160.60009765625,407.25,6427.5,12328.0,695.0,3787.39990234375,1269.300048828125,7324.0,281.75,365.1499938964844,262.0,902.4000244140624,171.02000427246094,2010.5999755859373,102.4499969482422,1206.199951171875,2002.5999755859373,2817.699951171875,4409.2001953125,1418.199951171875,1660.9000244140625,2647.199951171875,992.0999755859376,748.4500122070312,5637.0,872.9000244140625,467.7000122070313,2285.39990234375,636.8499755859375,221.6300048828125,1350.4000244140625,1950.0,649.9500122070312,11.9399995803833,85.12000274658203,135.36000061035156,739.5999755859375,778.4500122070312,5074.0,849.8499755859375,419.8500061035156,1656.0999755859375,126.43000030517578,160.3000030517578,140.99000549316406,133.63999938964844,404.1499938964844,986.5,296.95001220703125,479.3999938964844,1094.4000244140625,559.7999877929688,491.1499938964844,4060.5,4367.39990234375,1100.300048828125,432.8399963378906,1209.199951171875,1085.0,539.4500122070312,849.75,1073.5,4047.300048828125,301.29998779296875,,2112.39990234375,3623.10009765625,313.3500061035156,2193.0,743.2999877929688,16596.0,1074.300048828125,2541.39990234375,2210.39990234375,1672.0,119.29000091552734,2850.60009765625,3797.0,306.8500061035156,1365.800048828125,122.05999755859376,1272.5999755859375,78.36000061035156,82.61000061035156,324.1000061035156,1493.5,259.45001220703125,1680.5999755859375,7777.0,402.75,234.52999877929688,36470.0,546.5499877929688,1315.300048828125,6300.5,281.70001220703125,354.6000061035156,581.0499877929688,1850.4000244140625,1458.5999755859375,3235.10009765625,120.37000274658205,943.7999877929688,1909.4000244140625,7556.5,265.45001220703125,18350.0,174.22000122070312,877.0,1609.5999755859375,303.25,357.1000061035156,1559.199951171875,387.9500122070313,132.32000732421875,139.8800048828125,864.5999755859375,2019.0999755859373,966.2999877929688,26420.0,960.25,3100.89990234375,12437.0,482.1000061035156,3101.60009765625,1719.5,3273.10009765625,53.20000076293945,391.8999938964844,654.6500244140625,1175.699951171875,5348.0,379.5499877929687,169.1199951171875,654.5499877929688,3280.0,1612.300048828125,2600.800048828125,3992.0,358.79998779296875,3816.60009765625,1299.199951171875,4285.2998046875,3634.10009765625,11794.0,150.22000122070312,1428.4000244140625,1271.4000244140625,774.0499877929688,482.8500061035156,600.9500122070312,1381.0999755859375,3046.699951171875,266.29998779296875,21.520000457763672,911.5499877929688
2025-12-29,1170.5999755859375,5165.0,346.75,999.3499755859376,2203.199951171875,1001.9000244140624,1454.4000244140625,5505.0,6493.0,552.0999755859375,241.02000427246097,1888.5999755859373,7084.5,174.9199981689453,2775.39990234375,1372.0,986.6500244140624,1200.0999755859375,1232.0,9087.0,2012.0999755859373,11250.0,998.0,146.0500030517578,287.6000061035156,139.91000366210938,1473.699951171875,393.25,1445.699951171875,2081.60009765625,279.3999938964844,390.3999938964844,1731.5999755859375,35630.0,371.6000061035156,6041.5,2628.300048828125,737.7000122070312,150.9199981689453,1463.5,647.25,1698.800048828125,1494.0,400.6499938964844,1683.300048828125,2070.10009765625,519.9500122070312,255.3999938964844,4402.2001953125,489.2999877929687,2159.39990234375,405.2000122070313,6390.5,11857.0,688.75,3788.0,1268.5999755859375,7272.0,282.8500061035156,361.8999938964844,262.8999938964844,883.7999877929688,170.4199981689453,2009.699951171875,101.95999908447266,1206.300048828125,1997.800048828125,2842.39990234375,4374.2998046875,1415.199951171875,1630.800048828125,2647.199951171875,991.7000122070312,746.4500122070312,5566.0,865.0,474.1499938964844,2293.300048828125,618.5499877929688,226.75,1343.300048828125,1943.199951171875,651.2000122070312,11.960000038146973,84.54000091552734,133.77000427246094,742.1500244140625,784.4500122070312,5085.5,839.5999755859375,422.25,1644.699951171875,124.66000366210938,161.97999572753906,138.7100067138672,126.3499984741211,402.6000061035156,990.5,293.95001220703125,471.1499938964844,1092.5999755859375,563.5999755859375,486.2999877929687,3988.0,4393.10009765625,1096.300048828125,431.7200012207031,1188.199951171875,1081.4000244140625,538.75,842.25,1064.699951171875,4038.699951171875,300.0,,2082.10009765625,3592.10009765625,310.5,2182.0,753.0999755859375,16542.0,1064.0999755859375,2537.300048828125,2187.39990234375,1650.199951171875,119.63999938964844,2812.300048828125,3736.5,300.8999938964844,1359.5,122.08999633789062,1280.0,76.79000091552734,80.83999633789062,325.5,1461.0,258.8500061035156,1670.5,7691.0,406.2999877929687,234.82000732421875,36305.0,542.0499877929688,1309.0,6228.5,278.45001220703125,351.54998779296875,574.0499877929688,1851.800048828125,1452.800048828125,3240.699951171875,120.54000091552734,932.7999877929688,1902.5,7493.5,260.6000061035156,18390.0,172.85000610351562,857.4000244140625,1591.0,304.20001220703125,355.95001220703125,1545.5999755859375,367.6000061035156,134.08999633789062,141.83999633789062,849.9500122070312,2009.800048828125,965.0499877929688,26275.0,955.5,3054.300048828125,12331.0,477.3999938964844,3075.89990234375,1717.199951171875,3276.0,52.72999954223633,394.8500061035156,655.5499877929688,1195.199951171875,5315.5,376.2000122070313,172.3000030517578,651.2000122070312,3251.5,1612.4000244140625,2606.199951171875,3983.699951171875,358.6000061035156,3793.699951171875,1284.300048828125,4226.0,3574.199951171875,11799.0,149.14999389648438,1429.699951171875,1268.800048828125,770.9500122070312,482.7000122070313,593.0999755859375,1380.0999755859375,2980.39990234375,264.239990234375,21.36000061035156,904.5999755859376
2025-12-30,1191.5999755859375,5138.5,349.29998779296875,1024.1500244140625,2214.699951171875,1007.0999755859376,1461.199951171875,5469.0,6264.5,550.0,234.7100067138672,1883.199951171875,6990.0,178.6300048828125,2758.300048828125,1360.300048828125,996.4500122070312,1186.300048828125,1246.0,9282.0,2026.4000244140625,10982.0,989.2999877929688,145.82000732421875,293.0,142.00999450683594,1454.5999755859375,393.2999877929687,1454.5999755859375,2099.800048828125,282.79998779296875,390.3999938964844,1708.0,35525.0,369.5,6013.0,2581.0,731.7999877929688,154.02999877929688,1433.9000244140625,641.0499877929688,1701.5,1492.5,398.0,1654.9000244140625,2053.39990234375,519.0,251.6000061035156,4389.89990234375,495.6499938964844,2127.699951171875,402.2999877929687,6360.5,11767.0,680.6500244140625,3753.5,1265.800048828125,7192.5,277.1000061035156,357.8500061035156,267.6000061035156,878.7999877929688,170.6300048828125,2029.800048828125,102.86000061035156,1212.199951171875,1977.699951171875,2841.699951171875,4325.5,1413.0,1615.199951171875,2630.199951171875,990.9000244140624,743.0,5711.0,884.1500244140625,468.75,2290.199951171875,625.2999877929688,223.9900054931641,1342.5,1955.0,654.8499755859375,12.0600004196167,84.83000183105469,132.00999450683594,729.5499877929688,809.0,5018.0,841.5,422.0499877929687,1621.5999755859375,121.76000213623048,161.57000732421875,136.86000061035156,124.58999633789062,400.6000061035156,1021.2999877929688,292.5,469.75,1111.5999755859375,558.2999877929688,481.8500061035156,3933.0,4352.5,1092.0999755859375,430.5400085449219,1161.699951171875,1091.9000244140625,537.5999755859375,849.25,1056.9000244140625,4052.0,305.45001220703125,,2080.39990234375,3660.300048828125,309.54998779296875,2152.5,739.0999755859375,16647.0,1040.800048828125,2462.39990234375,2177.800048828125,1634.4000244140625,119.75,2795.699951171875,3799.10009765625,316.6000061035156,1335.0,121.91999816894533,1274.0999755859375,78.58000183105469,83.41000366210938,324.8999938964844,1451.5,263.54998779296875,1646.199951171875,7626.5,411.4500122070313,234.67999267578125,35565.0,546.2999877929688,1294.5999755859375,6183.0,279.75,349.3500061035156,562.0499877929688,1851.5999755859373,1450.9000244140625,3183.89990234375,122.37999725341795,944.9000244140624,1858.9000244140625,7497.0,260.3500061035156,18110.0,171.3000030517578,852.0499877929688,1569.5999755859375,309.70001220703125,351.3999938964844,1539.800048828125,360.3500061035156,141.02000427246094,141.00999450683594,843.4000244140625,1995.5,973.4500122070312,26340.0,979.4000244140624,3029.5,12028.0,478.7999877929687,3038.300048828125,1720.199951171875,3274.300048828125,52.0,394.0499877929687,643.75,1179.0,5193.0,374.3500061035156,175.8000030517578,638.75,3246.800048828125,1604.5999755859375,2565.39990234375,3974.10009765625,361.75,3822.10009765625,1266.5999755859375,4207.7001953125,3634.60009765625,11705.0,151.64999389648438,1423.800048828125,1273.300048828125,787.3499755859375,484.4500122070313,605.5499877929688,1350.699951171875,2980.300048828125,263.6499938964844,21.3700008392334,901.4500122070312
2025-12-31,1190.0,5170.0,357.70001220703125,1027.3499755859375,2239.699951171875,1015.0999755859376,1469.800048828125,5506.5,6387.0,556.3499755859375,234.3999938964844,1914.0,7042.5,179.19000244140625,2769.5,1388.5,994.5,1183.0,1269.4000244140625,9343.0,2039.9000244140625,11328.0,986.7999877929688,145.82000732421875,295.8999938964844,143.85000610351562,1466.5,399.6000061035156,1470.4000244140625,2105.60009765625,287.45001220703125,393.8999938964844,1730.699951171875,36040.0,384.0,6031.0,2632.199951171875,740.9000244140625,154.91000366210938,1443.5999755859375,647.9000244140625,1702.199951171875,1511.300048828125,399.0,1663.0,2075.699951171875,524.9500122070312,252.25,4434.39990234375,503.6000061035156,2130.89990234375,403.8500061035156,6392.5,12102.0,687.4000244140625,3782.199951171875,1271.4000244140625,7312.5,278.04998779296875,362.2000122070313,267.1000061035156,884.0,172.16000366210938,2035.199951171875,104.37000274658205,1222.199951171875,2004.4000244140625,2829.0,4388.7001953125,1424.9000244140625,1623.300048828125,2672.199951171875,991.2000122070312,749.8499755859375,5771.0,886.7000122070312,499.0499877929687,2315.89990234375,612.4500122070312,228.1300048828125,1342.9000244140625,1962.0999755859373,668.25,10.760000228881836,85.61000061035156,134.22000122070312,738.8499755859375,837.25,5059.5,864.2000122070312,418.75,1615.4000244140625,123.52999877929688,166.4600067138672,139.89999389648438,124.62000274658205,403.0,1053.800048828125,294.95001220703125,482.4500122070313,1164.800048828125,558.5999755859375,485.3500061035156,4013.0,4460.2001953125,1082.0,440.2200012207031,1172.5,1108.0,539.5499877929688,854.9000244140625,1061.300048828125,4083.5,315.95001220703125,,2109.5,3709.199951171875,308.54998779296875,2196.5,750.5999755859375,16697.0,1045.0999755859375,2490.199951171875,2227.199951171875,1671.800048828125,119.94000244140624,2791.199951171875,3811.699951171875,314.29998779296875,1333.5999755859375,121.7699966430664,1288.0,79.22000122070312,83.16999816894531,329.54998779296875,1480.5,265.1499938964844,1670.5999755859375,7687.0,424.3500061035156,240.3800048828125,36045.0,545.5,1298.9000244140625,6272.0,284.1000061035156,355.3999938964844,575.2999877929688,1853.5,1482.4000244140625,3238.199951171875,123.58000183105467,951.5,1825.5999755859373,7619.0,264.6000061035156,18310.0,172.2100067138672,842.1500244140625,1594.800048828125,315.79998779296875,356.79998779296875,1570.4000244140625,357.25,146.99000549316406,145.63999938964844,861.7000122070312,2034.9000244140625,982.2000122070312,26575.0,996.2000122070312,3063.300048828125,12252.0,479.3999938964844,3075.0,1719.699951171875,3353.800048828125,52.66999816894531,386.25,651.0,1192.0,5240.5,379.6000061035156,180.0800018310547,643.0,3206.199951171875,1590.9000244140625,2614.10009765625,4051.5,367.3500061035156,3850.0,1306.699951171875,4279.0,3719.800048828125,11784.0,153.75999450683594,1443.699951171875,1285.800048828125,795.1500244140625,489.8500061035156,604.4000244140625,1361.199951171875,2968.10009765625,263.2799987792969,21.600000381469727,914.3499755859376
2026-01-01,1179.699951171875,5176.5,361.9500122070313,1046.4000244140625,2260.0,1025.9000244140625,1481.0999755859375,5463.5,6447.5,559.6500244140625,236.27999877929688,1970.0,7111.5,184.8800048828125,2752.0,1434.9000244140625,999.4500122070312,1193.0,1274.4000244140625,9558.0,2037.0,11342.0,973.0999755859376,144.17999267578125,300.75,146.99000549316406,1481.5,397.7000122070313,1464.4000244140625,2110.39990234375,291.45001220703125,387.75,1772.199951171875,36140.0,381.5,6009.5,2628.0,735.0999755859375,154.24000549316406,1446.199951171875,637.9000244140625,1724.0,1500.9000244140625,400.4500122070313,1655.800048828125,2093.800048828125,524.25,249.25,4470.60009765625,499.9500122070313,2136.199951171875,400.6000061035156,6344.0,12091.0,691.4000244140625,3716.10009765625,1253.4000244140625,7348.0,283.79998779296875,363.25,266.25,900.5499877929688,171.77000427246094,2026.199951171875,105.5,1243.4000244140625,2015.300048828125,2851.699951171875,4397.89990234375,1417.5,1634.5,2648.199951171875,991.1500244140624,750.0999755859375,5841.5,894.9500122070312,498.6000061035156,2323.0,611.9500122070312,227.5800018310547,1338.0,1956.9000244140625,674.2999877929688,11.600000381469728,85.61000061035156,133.38999938964844,738.5999755859375,832.5999755859375,5110.5,890.2000122070312,435.7999877929687,1629.800048828125,122.8499984741211,165.8800048828125,139.36000061035156,125.79000091552734,363.8500061035156,1068.4000244140625,295.70001220703125,502.0,1171.5,553.1500244140625,484.2000122070313,3943.5,4514.5,1076.699951171875,443.55999755859375,1163.199951171875,1110.4000244140625,535.8499755859375,852.7999877929688,1072.800048828125,4140.39990234375,317.25,,2102.800048828125,3761.0,314.1000061035156,2164.60009765625,760.4500122070312,16708.0,1049.4000244140625,2476.699951171875,2197.800048828125,1674.0,122.5199966430664,2828.60009765625,3839.0,314.6000061035156,1340.9000244140625,122.0999984741211,1295.0,79.55999755859375,83.66000366210938,336.29998779296875,1458.5,265.75,1695.9000244140625,7687.5,427.5499877929687,237.94000244140625,35645.0,552.5499877929688,1291.699951171875,6282.5,288.1000061035156,363.1499938964844,578.9500122070312,1872.699951171875,1469.300048828125,3219.10009765625,123.94000244140624,986.5999755859376,1805.800048828125,7673.0,266.79998779296875,18482.0,169.8800048828125,847.2000122070312,1604.0999755859375,315.29998779296875,367.7000122070313,1575.5999755859375,361.5,148.4499969482422,144.2100067138672,859.5,2040.4000244140625,984.75,26835.0,1019.7000122070312,3091.300048828125,12166.0,474.2999877929687,3057.300048828125,1721.0999755859375,3484.39990234375,52.470001220703125,390.7000122070313,650.2000122070312,1176.9000244140625,5211.5,381.8500061035156,181.88999938964844,644.25,3227.39990234375,1607.699951171875,2622.89990234375,4049.300048828125,367.5499877929687,3848.39990234375,1327.0,4297.39990234375,3794.39990234375,11901.0,153.5800018310547,1404.199951171875,1286.699951171875,805.3499755859375,491.75,602.6500244140625,1384.300048828125,2955.300048828125,267.3500061035156,21.489999771118164,915.0499877929688
2026-01-02,1200.0999755859375,5205.5,361.25,1057.9000244140625,2279.800048828125,1038.800048828125,1489.5,5592.5,6482.5,565.4000244140625,238.7899932861328,1931.9000244140625,7129.5,188.77999877929688,2772.60009765625,1453.4000244140625,999.4000244140624,1215.4000244140625,1266.9000244140625,9502.5,2038.4000244140625,11181.0,990.4500122070312,144.4600067138672,305.04998779296875,149.22000122070312,1495.0,403.1499938964844,1477.199951171875,2106.300048828125,299.5,392.9500122070313,1816.0999755859373,39420.0,381.4500122070313,5984.5,2666.5,756.5499877929688,154.8699951171875,1466.5999755859375,649.0999755859375,1781.0999755859375,1511.5999755859375,427.8999938964844,1650.300048828125,2090.10009765625,531.7999877929688,252.1000061035156,4482.10009765625,522.5999755859375,2147.10009765625,404.5,6392.5,12165.0,698.2000122070312,3719.800048828125,1256.0999755859375,7334.5,284.1499938964844,367.7000122070313,266.95001220703125,914.75,175.3800048828125,2064.5,105.7699966430664,1235.199951171875,2068.5,2856.39990234375,4417.7998046875,1439.9000244140625,1640.199951171875,2657.199951171875,1001.5999755859376,754.8499755859375,5933.0,925.7000122070312,495.8500061035156,2348.0,628.7999877929688,231.4199981689453,1355.4000244140625,1973.9000244140625,678.2999877929688,11.779999732971191,85.91999816894531,134.36000061035156,748.6500244140625,861.4000244140625,5106.0,902.4500122070312,442.0499877929687,1640.4000244140625,128.0399932861328,166.7899932861328,146.63999938964844,128.47999572753906,350.04998779296875,1080.300048828125,301.70001220703125,510.6499938964844,1180.699951171875,552.9500122070312,495.7000122070313,3977.199951171875,4529.60009765625,1082.0,439.0199890136719,1167.5999755859375,1106.5,545.5499877929688,860.8499755859375,1085.699951171875,4163.39990234375,319.75,,2105.300048828125,3802.39990234375,311.1499938964844,2202.699951171875,757.75,16960.0,1062.5999755859375,2494.5,2216.0,1671.0,122.04000091552734,2807.199951171875,3820.800048828125,330.29998779296875,1367.699951171875,122.66999816894533,1279.699951171875,83.62000274658203,84.52999877929688,352.1000061035156,1468.199951171875,264.8999938964844,1730.0,7731.5,428.8500061035156,241.4600067138672,35775.0,557.0,1340.5999755859375,6289.5,291.04998779296875,375.9500122070313,602.7000122070312,1903.4000244140625,1478.199951171875,3256.60009765625,125.3499984741211,998.0,1781.800048828125,7798.0,270.95001220703125,18803.0,178.47999572753906,845.9000244140625,1618.800048828125,320.75,380.6499938964844,1592.300048828125,365.8500061035156,147.47000122070312,148.61000061035156,875.9500122070312,2067.39990234375,998.9500122070312,27045.0,1010.3499755859376,3097.699951171875,12336.0,486.3500061035156,3059.5,1728.0,3534.10009765625,54.27999877929688,387.2000122070313,658.4000244140625,1170.699951171875,5337.5,393.1000061035156,182.8800048828125,655.9500122070312,3250.699951171875,1612.0,2597.699951171875,4051.699951171875,370.3500061035156,3885.300048828125,1399.4000244140625,4409.60009765625,3847.800048828125,11899.0,156.6999969482422,1381.5999755859375,1321.199951171875,804.6500244140625,493.7999877929687,616.9500122070312,1430.199951171875,2866.300048828125,269.0,22.290000915527344,916.9000244140624
2026-01-05,1199.0,5168.5,363.2999877929687,1044.9000244140625,2279.5,1030.5,1493.0,5552.5,6712.0,571.25,240.1999969482422,1966.199951171875,7083.0,187.7599945068359,2815.60009765625,1492.800048828125,1014.9500122070312,1207.4000244140625,1285.800048828125,9497.5,2039.199951171875,11272.0,978.75,147.19000244140625,306.8500061035156,149.88999938964844,1541.800048828125,413.7999877929687,1482.300048828125,2105.0,300.04998779296875,391.3500061035156,1848.9000244140625,39170.0,377.8999938964844,6026.5,2673.89990234375,752.0499877929688,154.22999572753906,1468.5999755859375,645.25,1772.4000244140625,1519.800048828125,427.4500122070313,1642.0,2091.300048828125,528.3499755859375,259.75,4309.7998046875,521.2000122070312,2133.89990234375,411.9500122070313,6363.5,12051.0,711.3499755859375,3646.300048828125,1250.0,7482.5,281.79998779296875,367.2999877929687,263.75,915.4500122070312,173.0500030517578,2039.199951171875,105.73999786376952,1244.300048828125,2124.199951171875,2848.89990234375,4526.10009765625,1451.4000244140625,1607.5999755859375,2660.699951171875,977.5,759.2999877929688,5985.5,931.7000122070312,492.3999938964844,2384.10009765625,628.5999755859375,226.32000732421875,1371.5,1979.9000244140625,683.8499755859375,11.43000030517578,84.93000030517578,134.3800048828125,744.2000122070312,858.2000122070312,5102.5,899.9500122070312,434.2000122070313,1606.4000244140625,125.81999969482422,165.00999450683594,144.57000732421875,127.5999984741211,349.70001220703125,1081.5999755859375,300.3999938964844,516.9000244140625,1185.9000244140625,539.0499877929688,504.2000122070313,3997.60009765625,4528.89990234375,1090.0,438.1799926757813,1151.0,1103.199951171875,539.9000244140625,846.2000122070312,1120.0,4150.39990234375,320.29998779296875,,2083.699951171875,3790.300048828125,307.1000061035156,2195.0,773.0499877929688,17155.0,1050.5,2514.699951171875,2199.0,1703.699951171875,121.80999755859376,2801.89990234375,3921.0,330.79998779296875,1343.199951171875,119.6500015258789,1314.5999755859375,83.66000366210938,83.91000366210938,350.6000061035156,1492.9000244140625,269.54998779296875,1740.0,7677.0,419.8999938964844,238.08999633789065,35550.0,572.9500122070312,1340.0999755859375,6204.0,288.45001220703125,375.0499877929687,630.5999755859375,1924.5,1505.0,3263.60009765625,125.08000183105467,1003.9000244140624,1772.0,7762.0,271.6499938964844,19004.0,178.86000061035156,787.75,1667.0999755859375,316.04998779296875,381.0,1578.0999755859375,361.0,150.85000610351562,151.49000549316406,873.5,2075.60009765625,1005.5499877929688,27645.0,1003.3499755859376,3086.60009765625,12731.0,481.3999938964844,3089.300048828125,1728.9000244140625,3594.39990234375,53.66999816894531,378.3999938964844,655.4000244140625,1182.0999755859375,5363.5,388.8500061035156,185.72000122070312,651.0499877929688,3216.10009765625,1596.9000244140625,2530.0,4079.699951171875,373.5499877929687,3869.800048828125,1403.800048828125,4429.7998046875,3864.199951171875,12087.0,162.36000061035156,1375.5,1336.5999755859375,805.0999755859375,488.7000122070313,615.6500244140625,1476.800048828125,2714.300048828125,263.29998779296875,22.82999992370605,921.9500122070312
2026-01-06,1187.0,5224.5,360.6499938964844,1044.0999755859375,2259.10009765625,1019.4000244140624,1473.199951171875,5655.5,6707.5,563.5499877929688,241.1300048828125,1947.9000244140625,7348.0,186.1499938964844,2845.800048828125,1487.199951171875,1008.75,1231.300048828125,1293.800048828125,9661.0,2044.5999755859373,11202.0,977.3499755859376,147.6699981689453,305.04998779296875,150.66000366210938,1542.5,413.1000061035156,1474.699951171875,2105.300048828125,296.95001220703125,385.1499938964844,1823.5999755859373,38960.0,370.7999877929687,6129.5,2706.300048828125,749.75,153.8800048828125,1457.0,637.8499755859375,1805.4000244140625,1530.800048828125,427.0499877929687,1657.0999755859375,2089.10009765625,529.9500122070312,259.8999938964844,4130.2998046875,520.3499755859375,2115.60009765625,414.25,6642.5,11726.0,706.2999877929688,3663.699951171875,1256.199951171875,7522.5,279.04998779296875,363.7999877929687,256.70001220703125,945.0,169.38999938964844,2074.60009765625,104.5199966430664,1254.0,2127.89990234375,2865.300048828125,4516.0,1501.699951171875,1616.300048828125,2622.10009765625,962.2000122070312,777.8499755859375,6000.0,942.25,482.3500061035156,2424.699951171875,643.0999755859375,224.8300018310547,1411.199951171875,2010.0,688.4500122070312,11.59000015258789,84.7300033569336,148.6699981689453,726.4000244140625,861.5,5002.5,914.25,432.25,1612.199951171875,122.56999969482422,164.0,143.5500030517578,127.22000122070312,342.45001220703125,1079.800048828125,298.54998779296875,514.8499755859375,1176.300048828125,546.5,500.1499938964844,3791.39990234375,4526.2001953125,1074.699951171875,429.2799987792969,1139.9000244140625,1115.9000244140625,539.9000244140625,850.0499877929688,1112.0999755859375,4140.60009765625,319.3500061035156,,2149.699951171875,3785.60009765625,308.25,2240.800048828125,779.0499877929688,17292.0,1051.5999755859375,2496.39990234375,2246.0,1731.300048828125,120.83000183105467,2816.0,3940.699951171875,346.70001220703125,1335.800048828125,118.54000091552734,1319.9000244140625,83.52999877929688,83.87000274658203,350.79998779296875,1478.5,269.04998779296875,1726.300048828125,7593.0,425.5499877929687,241.88999938964844,35360.0,574.5,1332.0999755859375,6249.0,295.29998779296875,376.25,626.5999755859375,1950.800048828125,1505.0,3275.5,125.47000122070312,1007.8499755859376,1743.800048828125,7795.5,268.54998779296875,18847.0,180.0,762.0999755859375,1653.199951171875,320.25,382.8500061035156,1507.5999755859375,358.29998779296875,146.44000244140625,149.10000610351562,901.5499877929688,2095.800048828125,1018.9000244140624,27670.0,1002.6500244140624,3128.10009765625,12856.0,476.4500122070313,3051.39990234375,1760.199951171875,3636.89990234375,53.45000076293945,361.0,655.6500244140625,1210.4000244140625,5345.0,386.5,186.1999969482422,649.1500244140625,3255.800048828125,1601.800048828125,2549.0,4111.7998046875,368.8999938964844,3936.800048828125,1409.0,4047.60009765625,3866.10009765625,12204.0,165.74000549316406,1376.5999755859375,1320.9000244140625,799.2999877929688,498.8500061035156,621.75,1486.199951171875,2634.39990234375,265.6000061035156,22.809999465942383,931.0499877929688
2026-01-07,1191.800048828125,5299.0,361.1000061035156,1033.5,2274.10009765625,1019.2000122070312,1465.300048828125,5806.5,6653.0,562.0,247.0599975585937,1949.800048828125,7447.5,186.1199951171875,2809.39990234375,1502.5999755859375,1004.5499877929688,1235.4000244140625,1295.5,9789.5,2031.9000244140625,11198.0,968.7999877929688,147.63999938964844,308.25,151.49000549316406,1539.5,415.6499938964844,1483.4000244140625,2084.199951171875,303.54998779296875,387.0499877929687,1842.699951171875,39145.0,368.2000122070313,6185.0,2744.89990234375,756.7999877929688,152.9600067138672,1475.5999755859375,636.9500122070312,1786.5,1467.9000244140625,431.6499938964844,1701.5,2076.60009765625,532.7999877929688,263.45001220703125,4147.89990234375,520.9000244140625,2121.199951171875,422.25,6642.5,11770.0,703.25,3841.60009765625,1242.800048828125,7582.5,280.95001220703125,359.3999938964844,258.54998779296875,940.8499755859376,168.47999572753906,2113.10009765625,104.51000213623048,1247.699951171875,2138.199951171875,2837.10009765625,4525.10009765625,1496.199951171875,1647.699951171875,2624.60009765625,949.0499877929688,772.3499755859375,5981.0,938.4500122070312,476.4500122070313,2399.39990234375,630.0,226.82000732421875,1427.699951171875,1966.199951171875,684.5999755859375,11.460000038146973,84.4000015258789,154.77999877929688,715.3499755859375,864.5999755859375,4951.0,897.8499755859375,429.0,1639.0,122.94000244140624,162.6699981689453,146.02999877929688,128.0399932861328,341.25,1074.699951171875,303.5,512.5999755859375,1189.800048828125,537.4000244140625,520.75,3831.300048828125,4538.2001953125,1074.4000244140625,428.7999877929687,1208.5,1128.5,538.2000122070312,851.9500122070312,1110.9000244140625,4157.0,313.95001220703125,,2214.300048828125,3748.800048828125,319.8999938964844,2311.800048828125,773.7999877929688,16809.0,1034.699951171875,2511.39990234375,2305.0,1727.0999755859375,119.3499984741211,2874.800048828125,3960.10009765625,352.6000061035156,1359.4000244140625,116.0500030517578,1314.800048828125,83.66000366210938,86.16000366210938,348.8500061035156,1478.9000244140625,266.3500061035156,1708.699951171875,7832.5,418.3999938964844,239.0599975585937,35380.0,576.4500122070312,1318.800048828125,6513.5,294.3500061035156,376.9500122070313,622.4000244140625,1942.5999755859373,1514.800048828125,3283.800048828125,125.68000030517578,1004.4000244140624,1719.5,7897.0,264.1000061035156,19582.0,180.8099975585937,752.0499877929688,1619.5,318.6499938964844,385.25,1504.199951171875,357.3999938964844,150.3699951171875,149.9499969482422,885.5999755859375,2070.800048828125,1007.1500244140624,27320.0,995.8499755859376,3133.60009765625,13328.0,473.7999877929687,3097.60009765625,1782.5999755859375,3626.89990234375,52.900001525878906,361.8999938964844,656.75,1212.5999755859375,5853.0,380.75,183.8000030517578,683.5,3295.60009765625,1625.199951171875,2527.39990234375,4273.2001953125,363.3500061035156,4092.199951171875,1396.800048828125,4060.5,3840.199951171875,12184.0,166.3300018310547,1377.800048828125,1318.199951171875,802.9500122070312,509.7000122070313,622.2000122070312,1507.5999755859375,2673.10009765625,270.79998779296875,23.5,927.5499877929688
2026-01-08,1182.9000244140625,5021.0,358.54998779296875,994.2999877929688,2214.0,988.7999877929688,1465.199951171875,5793.0,6527.0,546.7000122070312,241.2599945068359,1913.9000244140625,7364.5,184.52000427246097,2786.5,1476.300048828125,992.0999755859376,1206.0999755859375,1286.800048828125,9760.5,2008.9000244140625,11209.0,971.9500122070312,144.97999572753906,299.54998779296875,146.92999267578125,1533.5999755859375,415.6499938964844,1454.0999755859375,2066.300048828125,271.75,377.9500122070313,1819.199951171875,38660.0,354.54998779296875,6033.5,2694.0,745.9000244140625,150.4600067138672,1438.199951171875,614.25,1754.0,1460.5999755859375,425.25,1647.0,2046.5999755859373,518.5,257.6499938964844,4118.0,519.4500122070312,2066.199951171875,417.4500122070313,6600.5,11987.0,692.4000244140625,3789.800048828125,1206.9000244140625,7551.0,283.54998779296875,352.79998779296875,255.75,917.0499877929688,163.52999877929688,2079.800048828125,102.51000213623048,1243.199951171875,2095.10009765625,2792.0,4479.7998046875,1483.699951171875,1646.699951171875,2583.0,946.7000122070312,758.1500244140625,5850.0,903.9500122070312,452.2000122070313,2386.699951171875,590.75,217.52999877929688,1435.0,1908.199951171875,681.3499755859375,11.5,86.06999969482422,150.08999633789062,704.3499755859375,828.0,4906.5,883.4500122070312,430.8500061035156,1613.300048828125,117.87999725341795,156.3699951171875,141.17999267578125,124.2699966430664,340.8999938964844,1013.5999755859376,293.54998779296875,499.7000122070313,1155.9000244140625,525.9500122070312,511.7999877929687,3719.89990234375,4404.39990234375,1064.0,426.6000061035156,1180.300048828125,1100.9000244140625,525.75,837.7999877929688,1090.199951171875,4028.39990234375,307.29998779296875,,2190.89990234375,3724.0,309.5,2261.199951171875,758.7999877929688,16664.0,1029.800048828125,2480.39990234375,2231.0,1695.0999755859375,118.11000061035156,2817.199951171875,3853.800048828125,333.5,1337.4000244140625,112.08999633789062,1306.9000244140625,82.16999816894531,81.58999633789062,344.3999938964844,1449.0,256.6499938964844,1722.0,7594.0,409.9500122070313,231.4199981689453,34765.0,563.9500122070312,1301.800048828125,6444.5,283.1499938964844,365.4500122070313,608.4000244140625,1903.199951171875,1500.800048828125,3245.5,122.80999755859376,979.5499877929688,1693.9000244140625,7750.5,259.29998779296875,18444.0,172.7100067138672,730.25,1589.4000244140625,309.8500061035156,371.3999938964844,1470.5999755859375,342.54998779296875,146.4600067138672,146.3300018310547,872.1500244140625,2082.89990234375,998.0,26850.0,992.9000244140624,3009.5,13452.0,462.8500061035156,3042.300048828125,1760.699951171875,3557.39990234375,50.93000030517578,352.8500061035156,632.9000244140625,1197.4000244140625,5716.5,374.2000122070313,180.1199951171875,661.6500244140625,3203.89990234375,1577.9000244140625,2507.5,4249.0,359.45001220703125,4026.39990234375,1359.699951171875,3990.39990234375,3801.699951171875,12064.0,161.4600067138672,1350.199951171875,1270.0,794.5,500.8999938964844,603.5,1469.0999755859375,2612.300048828125,262.20001220703125,22.71999931335449,907.5499877929688
2026-01-09,1140.9000244140625,5093.0,353.8500061035156,960.5999755859376,2153.699951171875,946.0999755859376,1435.9000244140625,5799.0,6329.5,536.9500122070312,233.3500061035156,1890.0999755859373,7256.5,187.7599945068359,2825.5,1449.0,999.2000122070312,1198.699951171875,1272.0,9562.5,1992.4000244140625,11043.0,959.5999755859376,144.02999877929688,300.6499938964844,146.02000427246094,1520.5,418.6499938964844,1444.5,2027.0999755859373,274.25,379.6000061035156,1801.300048828125,37995.0,354.1499938964844,5977.5,2669.5,727.2999877929688,150.5399932861328,1409.699951171875,594.75,1717.0999755859375,1465.699951171875,418.3500061035156,1681.5999755859375,2056.0,513.0499877929688,252.3500061035156,4116.7001953125,522.4000244140625,2050.39990234375,405.9500122070313,6616.5,11902.0,670.9000244140625,3801.300048828125,1210.0999755859375,7507.0,284.3500061035156,346.45001220703125,255.3000030517578,903.0499877929688,164.36000061035156,2007.199951171875,99.88999938964844,1229.5999755859375,1991.5,2776.89990234375,4462.10009765625,1464.9000244140625,1661.4000244140625,2523.39990234375,939.0,749.9000244140625,5773.0,900.9500122070312,448.75,2372.60009765625,606.4500122070312,214.9100036621093,1404.300048828125,1896.0999755859373,685.4500122070312,11.260000228881836,86.0,138.36000061035156,693.0999755859375,832.9000244140625,4844.0,882.25,433.3999938964844,1614.0999755859375,113.79000091552734,157.61000061035156,136.61000061035156,121.25,337.1499938964844,1010.2999877929688,287.25,490.25,1158.800048828125,521.75,506.8999938964844,3659.5,4328.7998046875,1061.300048828125,425.3599853515625,1182.4000244140625,1083.0,527.9000244140625,829.0,1061.4000244140625,4025.199951171875,299.70001220703125,,2182.199951171875,3677.300048828125,285.8500061035156,2200.800048828125,753.4500122070312,16501.0,1017.2000122070312,2500.5,2191.0,1679.9000244140625,115.63999938964844,2838.199951171875,3821.0,348.04998779296875,1320.300048828125,109.1999969482422,1299.0999755859375,82.43000030517578,80.4800033569336,336.0,1424.5999755859375,254.0,1686.9000244140625,7597.5,420.0499877929687,234.08999633789065,34280.0,551.1500244140625,1288.5999755859375,6417.0,287.45001220703125,358.8999938964844,595.7000122070312,1904.199951171875,1484.300048828125,3201.39990234375,122.9000015258789,973.25,1690.800048828125,7685.0,258.0,17881.0,168.52999877929688,717.4500122070312,1564.0999755859375,305.8999938964844,363.6000061035156,1475.300048828125,332.20001220703125,145.6699981689453,144.55999755859375,863.2000122070312,2070.0,1000.5,26950.0,975.4000244140624,3043.800048828125,13191.0,459.6499938964844,3023.199951171875,1729.9000244140625,3495.800048828125,49.20000076293945,351.6499938964844,626.9000244140625,1175.9000244140625,5691.0,364.7999877929687,178.39999389648438,652.75,3207.800048828125,1582.199951171875,2452.5,4201.7998046875,354.1499938964844,3963.39990234375,1321.300048828125,3972.89990234375,3759.199951171875,11937.0,162.25999450683594,1331.0,1249.800048828125,771.7000122070312,489.0,609.8499755859375,1466.800048828125,2544.60009765625,261.95001220703125,22.84000015258789,894.9000244140625
2026-01-12,1130.5,5048.0,355.25,950.9000244140624,2171.60009765625,942.2000122070312,1443.5,5867.0,6118.5,538.7000122070312,236.8500061035156,1904.800048828125,7268.5,187.0099945068359,2896.39990234375,1438.699951171875,1007.7999877929688,1172.9000244140625,1274.199951171875,9491.0,1998.9000244140625,10745.0,951.9000244140624,143.74000549316406,302.20001220703125,145.88999938964844,1533.0,417.7000122070313,1456.5999755859375,2044.0,267.8999938964844,371.7999877929687,1793.300048828125,37660.0,358.75,5943.5,2790.60009765625,710.5,150.02000427246094,1417.5,585.7999877929688,1710.800048828125,1465.199951171875,432.2999877929687,1697.0999755859375,2096.5,513.0499877929688,251.1499938964844,3974.699951171875,524.0,2073.60009765625,395.3999938964844,6485.5,11842.0,659.6500244140625,3832.5,1215.5,7436.0,285.25,349.70001220703125,252.8999938964844,893.2999877929688,166.5500030517578,2017.5,99.87999725341795,1236.199951171875,1930.800048828125,2806.699951171875,4518.39990234375,1450.4000244140625,1667.5999755859375,2487.5,936.9500122070312,754.6500244140625,5726.5,920.1500244140624,451.0499877929687,2406.199951171875,628.25,217.52000427246097,1413.0999755859375,1910.300048828125,680.75,11.25,84.7699966430664,142.02000427246094,690.0999755859375,826.6500244140625,4850.0,905.4500122070312,432.6000061035156,1595.9000244140625,112.37000274658205,158.24000549316406,141.5,122.62999725341795,338.3999938964844,1023.4000244140624,288.25,498.7999877929687,1182.699951171875,523.5999755859375,501.3999938964844,3695.39990234375,4368.10009765625,1051.0,426.6600036621094,1172.5999755859375,1043.199951171875,518.75,832.0999755859375,1077.800048828125,4019.0,296.1499938964844,,2188.39990234375,3682.0,294.20001220703125,2224.300048828125,756.2000122070312,16582.0,1013.7000122070312,2521.199951171875,2235.0,1662.300048828125,114.98999786376952,2832.199951171875,3909.0,350.04998779296875,1312.9000244140625,107.5500030517578,1312.4000244140625,82.80000305175781,81.76000213623047,337.45001220703125,1417.5,252.75,1657.5999755859375,7584.0,425.6000061035156,235.7100067138672,34365.0,551.4500122070312,1267.5,6325.5,286.29998779296875,371.7999877929687,595.5499877929688,1885.0999755859373,1500.800048828125,3256.39990234375,123.16000366210938,977.6500244140624,1675.5,7629.0,258.54998779296875,17429.0,167.72999572753906,745.5999755859375,1505.0999755859375,304.8999938964844,370.5,1483.199951171875,331.6499938964844,149.22000122070312,142.92999267578125,855.75,2098.0,1015.1500244140624,27165.0,972.7999877929688,2980.800048828125,13042.0,456.8500061035156,3046.0,1736.0,3498.699951171875,49.20000076293945,349.6000061035156,633.7999877929688,1192.300048828125,5693.5,370.6000061035156,183.2400054931641,652.7000122070312,3239.60009765625,1586.0999755859375,2408.699951171875,4231.60009765625,350.54998779296875,3949.800048828125,1351.0999755859375,4056.39990234375,3754.800048828125,12098.0,163.97999572753906,1327.5999755859375,1210.0,773.8499755859375,493.7999877929687,627.3499755859375,1468.199951171875,2576.89990234375,263.1000061035156,22.959999084472656,895.0499877929688
2026-01-13,1136.800048828125,4966.0,350.8500061035156,932.5,2158.5,936.7000122070312,1428.5999755859375,5863.5,6145.5,537.6500244140625,243.92999267578125,1905.199951171875,7311.5,185.6999969482422,2886.300048828125,1438.5,971.9500122070312,1167.699951171875,1262.0,9554.0,2011.199951171875,10729.0,949.0,143.3699951171875,301.8500061035156,147.55999755859375,1522.5,413.7000122070313,1460.300048828125,2026.9000244140625,265.54998779296875,377.2999877929687,1793.199951171875,37905.0,355.1000061035156,5918.0,2832.0,711.0,150.86000061035156,1419.9000244140625,581.5999755859375,1701.0999755859375,1448.300048828125,428.8999938964844,1708.5,2106.699951171875,517.5,252.8000030517578,3977.800048828125,522.0499877929688,2105.5,396.8500061035156,6436.5,11238.0,652.4000244140625,3826.89990234375,1191.300048828125,7404.0,294.54998779296875,346.0,249.3000030517578,908.0,165.25999450683594,2008.199951171875,99.2699966430664,1239.4000244140625,1878.800048828125,2774.199951171875,4452.39990234375,1431.699951171875,1665.0,2485.699951171875,937.3499755859376,748.5,5734.5,936.2999877929688,448.8500061035156,2389.5,629.8499755859375,215.0399932861328,1437.0,1885.5,681.4500122070312,10.800000190734863,82.95999908447266,141.30999755859375,678.1500244140625,817.75,4759.5,910.5499877929688,427.8999938964844,1599.0,115.16000366210938,157.39999389648438,139.99000549316406,121.33000183105467,334.70001220703125,1010.7999877929688,284.6000061035156,494.1499938964844,1178.0999755859375,528.0,495.4500122070313,3694.5,4310.7998046875,1054.800048828125,426.5199890136719,1173.5999755859375,1058.300048828125,521.0499877929688,831.75,1074.4000244140625,3887.39990234375,288.6499938964844,,2179.0,3661.5,308.04998779296875,2213.89990234375,756.0499877929688,16426.0,1028.199951171875,2481.39990234375,2293.0,1646.0999755859375,114.93000030517578,2873.699951171875,3926.300048828125,357.3999938964844,1332.4000244140625,105.30999755859376,1318.699951171875,81.41999816894531,82.12000274658203,337.8999938964844,1420.0999755859375,254.6000061035156,1657.0999755859375,7696.0,447.8999938964844,243.77999877929688,34645.0,543.8499755859375,1281.5999755859375,6357.5,287.45001220703125,369.5499877929687,591.7000122070312,1894.699951171875,1498.9000244140625,3267.0,124.5199966430664,970.0499877929688,1638.300048828125,7555.0,258.79998779296875,17106.0,168.36000061035156,748.7999877929688,1517.699951171875,305.70001220703125,366.8999938964844,1452.800048828125,330.20001220703125,147.75999450683594,141.99000549316406,857.8499755859375,2082.39990234375,1028.449951171875,27155.0,979.0499877929688,2947.699951171875,12696.0,457.0499877929687,3039.60009765625,1728.699951171875,3464.800048828125,48.68999862670898,350.3500061035156,630.0999755859375,1189.4000244140625,5793.0,368.4500122070313,182.57000732421875,660.25,3268.0,1614.800048828125,2387.300048828125,4239.2001953125,349.75,3940.300048828125,1346.5,3921.89990234375,3755.39990234375,12044.0,166.19000244140625,1319.4000244140625,1200.800048828125,773.4500122070312,501.2000122070313,637.2000122070312,1460.699951171875,2600.0,264.20001220703125,22.790000915527344,900.7000122070312
2026-01-14,1149.199951171875,4935.0,358.6000061035156,922.5999755859376,2153.300048828125,935.2999877929688,1430.0,5830.5,6113.5,549.5499877929688,252.5399932861328,1934.699951171875,7272.5,186.88999938964844,2813.89990234375,1462.5999755859375,976.3499755859376,1180.0999755859375,1298.800048828125,9579.5,2000.9000244140625,10741.0,945.9500122070312,145.32000732421875,307.70001220703125,152.8699951171875,1513.5999755859375,417.6000061035156,1447.199951171875,2022.5,267.45001220703125,379.0,1812.0999755859373,37455.0,356.8999938964844,5906.5,2836.800048828125,721.1500244140625,153.88999938964844,1415.5999755859375,576.9000244140625,1689.5,1434.5,432.2000122070313,1681.5999755859375,2092.300048828125,519.5,254.6999969482422,4029.199951171875,513.75,2177.300048828125,403.6499938964844,6355.5,11103.0,651.0499877929688,3830.300048828125,1186.5,7358.0,299.25,345.3500061035156,246.8500061035156,909.9500122070312,165.1699981689453,2011.300048828125,99.6999969482422,1226.9000244140625,1871.4000244140625,2795.800048828125,4461.39990234375,1437.0999755859375,1668.5,2554.10009765625,925.4500122070312,743.2000122070312,5676.5,955.3499755859376,440.1499938964844,2353.5,654.2000122070312,216.63999938964844,1418.4000244140625,1857.699951171875,669.25,11.079999923706056,83.06999969482422,139.3699951171875,689.4500122070312,846.4000244140625,4733.0,944.5,438.3999938964844,1599.800048828125,114.48999786376952,159.16000366210938,138.10000610351562,122.01000213623048,334.75,1040.699951171875,287.0,494.6499938964844,1181.800048828125,529.2999877929688,480.3999938964844,3680.60009765625,4384.60009765625,1067.800048828125,421.0,1179.4000244140625,1090.5,535.25,826.7000122070312,1058.800048828125,3865.800048828125,295.79998779296875,,2195.89990234375,3649.5,309.0,2244.39990234375,749.7999877929688,16152.0,1033.5999755859375,2470.800048828125,2417.0,1649.0999755859375,113.5500030517578,2788.800048828125,3938.10009765625,373.5499877929687,1305.800048828125,105.18000030517578,1307.0999755859375,81.29000091552734,83.8499984741211,349.1000061035156,1435.0,254.8500061035156,1648.4000244140625,7531.0,458.0,248.22999572753903,34320.0,543.5499877929688,1313.300048828125,6274.0,286.25,371.8500061035156,587.2999877929688,1868.4000244140625,1495.300048828125,3287.60009765625,128.67999267578125,975.0,1648.5,7323.5,258.3500061035156,16937.0,168.02000427246094,728.4000244140625,1500.199951171875,312.0,369.8999938964844,1458.800048828125,338.29998779296875,152.44000244140625,142.97000122070312,846.5,2068.800048828125,1028.3499755859375,27550.0,981.0999755859376,2970.800048828125,12875.0,461.6499938964844,3032.0,1700.699951171875,3485.199951171875,49.0099983215332,347.04998779296875,629.5,1171.4000244140625,5505.0,367.3999938964844,189.25,646.6500244140625,3192.5,1588.5,2354.800048828125,4221.5,349.79998779296875,4003.699951171875,1345.0999755859375,3932.199951171875,3690.39990234375,12255.0,179.27000427246094,1336.0,1192.4000244140625,780.4000244140625,502.3999938964844,675.75,1439.9000244140625,2560.0,260.20001220703125,22.950000762939453,883.75
2026-01-15,1149.199951171875,4935.0,358.6000061035156,922.5999755859376,2153.300048828125,935.2999877929688,1430.0,5830.5,6113.5,549.5499877929688,252.5399932861328,1934.699951171875,7272.5,186.88999938964844,2813.89990234375,1462.5999755859375,976.3499755859376,1180.0999755859375,1298.800048828125,9579.5,2000.9000244140625,10741.0,945.9500122070312,145.32000732421875,307.70001220703125,152.8699951171875,1513.5999755859375,417.6000061035156,1447.199951171875,2022.5,267.45001220703125,379.0,1812.0999755859373,37455.0,356.8999938964844,5906.5,2836.800048828125,721.1500244140625,153.88999938964844,1415.5999755859375,576.9000244140625,1689.5,1434.5,432.2000122070313,1681.5999755859375,2092.300048828125,519.5,254.6999969482422,4029.199951171875,513.75,2177.300048828125,403.6499938964844,6355.5,11103.0,651.0499877929688,3830.300048828125,1186.5,7358.0,299.25,345.3500061035156,246.8500061035156,909.9500122070312,165.1699981689453,2011.300048828125,99.6999969482422,1226.9000244140625,1871.4000244140625,2795.800048828125,4461.39990234375,1437.0999755859375,1668.5,2554.10009765625,925.4500122070312,743.2000122070312,5676.5,955.3499755859376,440.1499938964844,2353.5,654.2000122070312,216.63999938964844,1418.4000244140625,1857.699951171875,669.25,11.079999923706056,83.06999969482422,139.3699951171875,689.4500122070312,846.4000244140625,4733.0,944.5,438.3999938964844,1599.800048828125,114.48999786376952,159.16000366210938,138.10000610351562,122.01000213623048,334.75,1040.699951171875,287.0,494.6499938964844,1181.800048828125,529.2999877929688,480.3999938964844,3680.60009765625,4384.60009765625,1067.800048828125,421.0,1179.4000244140625,1090.5,535.25,826.7000122070312,1058.800048828125,3865.800048828125,295.79998779296875,,2195.89990234375,3649.5,309.0,2244.39990234375,749.7999877929688,16152.0,1033.5999755859375,2470.800048828125,2417.0,1649.0999755859375,113.5500030517578,2788.800048828125,3938.10009765625,373.5499877929687,1305.800048828125,105.18000030517578,1307.0999755859375,81.29000091552734,83.8499984741211,349.1000061035156,1435.0,254.8500061035156,1648.4000244140625,7531.0,458.0,248.22999572753903,34320.0,543.5499877929688,1313.300048828125,6274.0,286.25,371.8500061035156,587.2999877929688,1868.4000244140625,1495.300048828125,3287.60009765625,128.67999267578125,975.0,1648.5,7323.5,258.3500061035156,16937.0,168.02000427246094,728.4000244140625,1500.199951171875,312.0,369.8999938964844,1458.800048828125,338.29998779296875,152.44000244140625,142.97000122070312,846.5,2068.800048828125,1028.3499755859375,27550.0,981.0999755859376,2970.800048828125,12875.0,461.6499938964844,3032.0,1700.699951171875,3485.199951171875,49.0099983215332,347.04998779296875,629.5,1171.4000244140625,5505.0,367.3999938964844,189.25,646.6500244140625,3192.5,1588.5,2354.800048828125,4221.5,349.79998779296875,4003.699951171875,1345.0999755859375,3932.199951171875,3690.39990234375,12255.0,179.27000427246094,1336.0,1192.4000244140625,780.4000244140625,502.3999938964844,675.75,1439.9000244140625,2560.0,260.20001220703125,22.950000762939453,883.75
2026-01-16,1197.699951171875,4872.5,362.0,908.7000122070312,2157.300048828125,930.0999755859376,1421.9000244140625,5836.5,6145.0,553.75,275.2200012207031,1940.699951171875,7235.5,184.25,2756.89990234375,1464.300048828125,1025.4000244140625,1172.699951171875,1294.199951171875,9489.0,2002.5,10682.0,950.25,144.83999633789062,308.25,157.33999633789062,1516.4000244140625,410.25,1457.4000244140625,2016.4000244140625,265.3999938964844,377.6499938964844,1806.0999755859373,36835.0,363.2000122070313,5898.5,2808.699951171875,727.7999877929688,157.1300048828125,1434.300048828125,561.7000122070312,1699.199951171875,1397.5,431.0,1732.300048828125,2104.800048828125,519.7000122070312,251.1999969482422,4062.0,514.5499877929688,2162.39990234375,401.4500122070313,6236.0,10732.0,649.8499755859375,3775.699951171875,1175.5,7315.0,287.70001220703125,344.1000061035156,270.25,896.4500122070312,164.24000549316406,2000.699951171875,99.9000015258789,1236.9000244140625,1889.0,2809.60009765625,4428.7001953125,1426.0999755859375,1698.0,2596.39990234375,931.0999755859376,732.5499877929688,5651.5,934.6500244140624,457.8999938964844,2360.39990234375,637.75,215.27000427246097,1410.800048828125,1870.199951171875,678.0,10.81999969482422,83.79000091552734,139.2899932861328,684.4500122070312,852.0999755859375,4740.0,953.8499755859376,433.8500061035156,1689.800048828125,113.5999984741211,161.32000732421875,136.2899932861328,122.19000244140624,329.20001220703125,1042.9000244140625,278.79998779296875,492.7999877929687,1187.300048828125,527.7999877929688,467.5,3612.199951171875,4370.10009765625,1070.800048828125,418.2000122070313,1187.199951171875,1076.800048828125,533.6500244140625,820.4000244140625,1070.9000244140625,3856.39990234375,296.3999938964844,,2177.89990234375,3658.199951171875,314.0,2175.39990234375,760.1500244140625,15859.0,1037.0,2447.0,2446.0,1651.699951171875,114.79000091552734,2886.5,3936.10009765625,361.6000061035156,1329.0999755859375,103.72000122070312,1315.9000244140625,80.22000122070312,82.73999786376953,346.3500061035156,1474.5,252.8500061035156,1664.5,7959.5,448.6499938964844,247.1699981689453,34365.0,521.5999755859375,1342.5,6403.0,284.6499938964844,375.3500061035156,585.75,1859.0,1476.5999755859375,3267.89990234375,132.36000061035156,961.5,1620.0,7121.5,257.29998779296875,16214.0,166.27999877929688,739.7000122070312,1523.199951171875,324.6000061035156,371.0,1457.9000244140625,335.1499938964844,149.3699951171875,140.0800018310547,839.6500244140625,2081.0,1042.300048828125,27840.0,995.4500122070312,2919.199951171875,12835.0,460.1000061035156,3027.39990234375,1668.9000244140625,3489.199951171875,48.45000076293945,340.25,627.0999755859375,1189.0999755859375,5605.5,366.1000061035156,188.2100067138672,650.5999755859375,3206.699951171875,1670.5,2342.60009765625,4196.89990234375,353.6000061035156,4018.199951171875,1357.699951171875,3899.699951171875,3667.800048828125,12378.0,176.14999389648438,1348.699951171875,1184.0,790.1500244140625,500.3999938964844,682.7000122070312,1411.4000244140625,2552.199951171875,267.45001220703125,23.459999084472656,868.0999755859375
2026-01-19,1170.0999755859375,4865.5,361.1000061035156,908.4000244140624,2134.60009765625,914.0,1403.0,5748.0,6080.5,552.1500244140625,269.510009765625,1919.699951171875,7133.0,187.97999572753903,2754.0,1439.0,1020.9500122070312,1167.5999755859375,1307.5,9429.5,2017.800048828125,10648.0,969.4500122070312,142.63999938964844,307.1499938964844,163.0500030517578,1507.300048828125,412.7999877929687,1415.0999755859375,2010.0,263.1000061035156,376.0499877929687,1767.800048828125,36510.0,361.25,5943.5,2726.699951171875,724.2000122070312,156.86000061035156,1414.9000244140625,590.0,1700.4000244140625,1392.300048828125,430.1499938964844,1728.0,2178.0,514.9000244140625,243.1999969482422,4031.300048828125,512.75,2157.10009765625,401.5,6140.0,11024.0,641.8499755859375,3766.699951171875,1167.199951171875,7323.5,281.3500061035156,342.29998779296875,279.70001220703125,892.0499877929688,164.72000122070312,1989.800048828125,100.2300033569336,1232.199951171875,1797.800048828125,2780.0,4504.2998046875,1447.0999755859375,1716.800048828125,2579.60009765625,927.9000244140624,736.7999877929688,5762.5,939.9500122070312,453.2000122070313,2413.89990234375,660.4000244140625,213.13999938964844,1380.5999755859375,1884.800048828125,660.9500122070312,10.59000015258789,83.12000274658203,137.0,668.3499755859375,858.7000122070312,4941.5,949.7999877929688,428.3999938964844,1681.199951171875,111.73999786376952,160.89999389648438,134.58999633789062,120.9000015258789,333.20001220703125,1055.5999755859375,275.6499938964844,486.3500061035156,1184.0999755859375,517.2999877929688,458.8500061035156,3602.5,4318.39990234375,1035.300048828125,426.8999938964844,1163.0999755859375,1062.699951171875,533.9500122070312,809.75,1044.0,3869.800048828125,300.04998779296875,,2177.10009765625,3657.39990234375,314.45001220703125,2117.199951171875,760.5999755859375,16176.0,1013.5999755859376,2436.699951171875,2429.0,1652.199951171875,112.33000183105467,2889.800048828125,3946.89990234375,368.6499938964844,1317.4000244140625,102.2699966430664,1315.5999755859375,79.41999816894531,81.38999938964844,343.3500061035156,1455.699951171875,250.8000030517578,1654.9000244140625,7990.5,435.7999877929687,243.1100006103516,34285.0,521.25,1331.4000244140625,6438.0,280.04998779296875,372.1499938964844,575.4500122070312,1841.0,1474.800048828125,3221.0,128.0500030517578,961.0499877929688,1681.4000244140625,7418.0,257.6499938964844,16964.0,164.33999633789062,738.9500122070312,1505.800048828125,302.8500061035156,370.1000061035156,1413.5999755859375,331.29998779296875,149.6999969482422,140.80999755859375,838.2999877929688,2073.699951171875,1038.4000244140625,27510.0,1010.3499755859376,2952.60009765625,12925.0,447.6499938964844,2962.5,1675.4000244140625,3467.300048828125,47.97999954223633,333.79998779296875,625.5,1180.199951171875,5563.0,363.2000122070313,188.27000427246097,661.3499755859375,3163.60009765625,1718.300048828125,2383.60009765625,4144.10009765625,344.0,4086.60009765625,1337.4000244140625,3945.60009765625,3701.89990234375,12297.0,177.42999267578125,1324.800048828125,1154.9000244140625,787.1500244140625,496.0,674.7999877929688,1398.4000244140625,2560.199951171875,245.9499969482422,22.76000022888184,881.0999755859375
2026-01-20,1129.5999755859375,4691.5,355.3500061035156,885.5,2055.10009765625,883.2000122070312,1367.5999755859375,5720.5,6033.0,536.2999877929688,263.5799865722656,1906.0,6912.5,180.7899932861328,2675.60009765625,1392.0999755859375,1001.25,1141.699951171875,1293.5,9180.0,1958.699951171875,10560.0,933.2000122070312,139.38999938964844,302.04998779296875,159.75,1453.0999755859375,409.3500061035156,1394.0999755859375,1996.0,250.1499938964844,366.8500061035156,1747.9000244140625,35575.0,355.20001220703125,5884.0,2653.39990234375,710.0999755859375,153.67999267578125,1341.0,573.75,1649.9000244140625,1378.4000244140625,415.2999877929687,1693.699951171875,2113.89990234375,497.8500061035156,233.6000061035156,4020.89990234375,505.1000061035156,2191.39990234375,384.8500061035156,6013.0,10682.0,612.9000244140625,3661.60009765625,1166.699951171875,7173.5,269.6000061035156,330.5,273.25,856.4500122070312,161.2100067138672,1935.0,95.93000030517578,1234.300048828125,1694.699951171875,2713.60009765625,4355.2001953125,1346.300048828125,1687.300048828125,2526.89990234375,931.2000122070312,732.0999755859375,5580.5,928.0999755859376,438.6000061035156,2379.10009765625,680.75,205.8099975585937,1375.800048828125,1861.699951171875,651.7999877929688,10.130000114440918,82.08999633789062,130.2899932861328,645.5,846.5999755859375,4790.0,905.1500244140624,414.5499877929687,1658.9000244140625,108.08000183105467,158.42999267578125,129.94000244140625,116.12999725341795,326.29998779296875,1039.800048828125,265.5,479.1000061035156,1160.0,506.7999877929687,451.4500122070313,3481.5,4069.89990234375,1007.7999877929688,423.7999877929687,1131.300048828125,1035.5,522.75,809.1500244140625,979.2999877929688,3810.5,293.79998779296875,,2168.300048828125,3557.5,301.8500061035156,2124.300048828125,749.5499877929688,15879.0,992.9000244140624,2332.300048828125,2373.0,1624.699951171875,107.88999938964844,2815.699951171875,3930.39990234375,358.95001220703125,1304.5999755859375,97.77999877929688,1295.699951171875,77.56999969482422,78.83999633789062,338.75,1421.4000244140625,242.3500061035156,1523.800048828125,7825.0,429.0,240.38999938964844,32970.0,502.0,1296.800048828125,6342.5,273.75,360.5,551.4000244140625,1782.800048828125,1435.199951171875,3153.199951171875,125.7699966430664,948.5499877929688,1659.199951171875,7074.5,254.0500030517578,16630.0,157.80999755859375,732.6500244140625,1424.5999755859375,293.70001220703125,358.8999938964844,1394.0,320.29998779296875,145.39999389648438,137.9199981689453,811.7999877929688,2049.10009765625,1036.4000244140625,27225.0,987.5,2848.60009765625,12596.0,445.9500122070313,2883.199951171875,1613.800048828125,3372.699951171875,46.34000015258789,326.1000061035156,606.0,1185.0,5387.0,352.95001220703125,183.5599975585937,647.4500122070312,3102.300048828125,1678.5,2329.5,4075.5,337.8500061035156,3976.800048828125,1321.5,3836.10009765625,3615.699951171875,12059.0,175.72999572753906,1318.5999755859375,1120.4000244140625,723.4500122070312,489.1000061035156,671.7999877929688,1324.300048828125,2506.5,239.8999938964844,21.700000762939453,873.4000244140625
2026-01-21,1095.300048828125,4707.5,346.25,899.2999877929688,2032.199951171875,878.7000122070312,1378.5999755859375,5656.5,5784.0,538.6500244140625,253.19000244140625,1878.5999755859373,6826.5,181.2400054931641,2661.10009765625,1347.800048828125,994.9000244140624,1121.699951171875,1284.9000244140625,9179.0,1959.9000244140625,10613.0,936.25,137.97999572753906,299.04998779296875,157.47999572753906,1419.199951171875,402.6499938964844,1380.0,1996.0999755859373,252.3500061035156,364.8500061035156,1713.699951171875,35130.0,351.95001220703125,5802.5,2628.800048828125,700.5999755859375,150.75999450683594,1333.800048828125,575.2999877929688,1627.800048828125,1369.5999755859375,414.0499877929687,1669.199951171875,2123.10009765625,496.1499938964844,232.25,4000.699951171875,516.2000122070312,2232.39990234375,378.5,6010.0,10517.0,617.6500244140625,3656.699951171875,1157.199951171875,7140.0,283.5,325.95001220703125,276.1000061035156,844.1500244140625,162.67999267578125,1941.4000244140625,93.83999633789062,1222.5,1644.4000244140625,2735.60009765625,4259.39990234375,1316.0,1682.5,2476.0,920.3499755859376,724.3499755859375,5538.5,939.2000122070312,429.0499877929687,2368.0,697.5499877929688,203.13999938964844,1349.0,1834.5999755859373,647.0999755859375,10.119999885559082,81.51000213623047,128.4199981689453,653.5999755859375,850.5499877929688,4857.5,907.1500244140624,414.0,1654.4000244140625,104.69000244140624,158.82000732421875,127.37999725341795,115.13999938964844,324.75,1041.4000244140625,263.25,477.7999877929687,1174.5999755859375,507.5,396.5499877929687,3490.800048828125,3939.300048828125,1000.4000244140624,421.6000061035156,1114.9000244140625,987.9000244140624,506.8500061035156,809.5499877929688,980.2000122070312,3766.5,281.3500061035156,,2140.699951171875,3553.300048828125,298.54998779296875,2099.10009765625,747.9500122070312,15770.0,1004.2000122070312,2331.39990234375,2320.0,1619.800048828125,109.66999816894533,2798.89990234375,3906.60009765625,361.5,1332.9000244140625,96.69000244140624,1283.199951171875,76.12000274658203,78.63999938964844,338.70001220703125,1364.699951171875,241.6499938964844,1502.5999755859375,7673.5,433.5499877929687,242.3699951171875,33110.0,505.0,1235.9000244140625,6242.0,275.8500061035156,357.6499938964844,533.0,1746.699951171875,1421.800048828125,3112.699951171875,123.98999786376952,930.5499877929688,1663.699951171875,6975.0,255.8000030517578,16689.0,155.11000061035156,711.2000122070312,1439.0999755859375,297.5,355.79998779296875,1404.5999755859375,317.1000061035156,146.4499969482422,138.0800018310547,783.7000122070312,2055.39990234375,1028.6500244140625,27370.0,986.0,2884.5,12539.0,444.4500122070313,2676.89990234375,1612.9000244140625,3348.699951171875,45.52999877929688,334.54998779296875,600.8499755859375,1163.5999755859375,5347.5,349.3500061035156,184.4100036621093,643.75,3122.60009765625,1686.699951171875,2272.89990234375,4079.199951171875,339.25,3981.800048828125,1300.199951171875,3764.39990234375,3602.0,12231.0,172.47000122070312,1320.0,1128.4000244140625,691.7000122070312,478.0,676.6500244140625,1290.5999755859375,2419.0,239.5500030517578,21.65999984741211,876.25
2026-01-22,1106.300048828125,4755.5,354.5,924.7999877929688,2086.39990234375,904.2999877929688,1414.199951171875,5758.5,5732.0,546.5999755859375,256.6600036621094,1976.0,6797.0,190.27999877929688,2703.800048828125,1413.199951171875,1000.5499877929688,1145.300048828125,1294.800048828125,9370.0,1993.0999755859373,10735.0,942.8499755859376,142.4600067138672,305.29998779296875,166.4199981689453,1451.199951171875,417.2999877929687,1431.5,2002.199951171875,251.5500030517578,373.0,1709.300048828125,35710.0,354.1499938964844,5932.0,2708.60009765625,707.75,154.67999267578125,1356.5999755859375,574.25,1664.0,1370.4000244140625,423.2000122070313,1687.699951171875,2179.60009765625,494.3500061035156,229.6499938964844,4067.800048828125,525.3499755859375,2143.699951171875,389.8500061035156,6071.0,10512.0,613.2999877929688,3724.10009765625,1217.5,7049.0,275.8999938964844,334.25,282.20001220703125,841.4500122070312,163.57000732421875,1997.199951171875,95.0999984741211,1246.0,1620.4000244140625,2787.60009765625,4353.2001953125,1311.800048828125,1703.0999755859375,2498.89990234375,918.7000122070312,725.0999755859375,5488.5,944.4500122070312,427.7000122070313,2390.60009765625,668.25,207.1100006103516,1345.5,1824.699951171875,653.1500244140625,10.18000030517578,84.19999694824219,131.05999755859375,656.5499877929688,896.75,4909.0,902.4500122070312,419.2000122070313,1663.5,106.88999938964844,159.0500030517578,129.92999267578125,117.0199966430664,324.8500061035156,1076.0,262.6000061035156,492.3500061035156,1184.4000244140625,501.0,373.5499877929687,3527.199951171875,3848.39990234375,1033.5,426.0,1109.199951171875,1005.7999877929688,517.0999755859375,819.2999877929688,945.5,3793.800048828125,287.29998779296875,,2163.199951171875,3573.699951171875,300.20001220703125,2147.0,751.75,15765.0,998.7999877929688,2369.0,2314.0,1627.699951171875,111.33000183105467,2810.10009765625,3861.89990234375,364.6000061035156,1319.5,98.68000030517578,1306.0,77.44999694824219,78.2300033569336,342.45001220703125,1383.300048828125,239.4499969482422,1480.199951171875,7897.0,436.4500122070313,244.0099945068359,32875.0,511.0,1260.5,6320.5,275.04998779296875,364.7000122070313,530.4000244140625,1768.199951171875,1452.800048828125,3170.39990234375,125.16000366210938,860.25,1714.5999755859375,6999.0,259.25,16847.0,156.5,739.75,1422.5999755859375,296.20001220703125,366.2000122070313,1402.5,329.0,151.64999389648438,139.97000122070312,789.0999755859375,2022.0,1048.3499755859375,27430.0,1005.5,2928.199951171875,12901.0,469.1000061035156,2735.89990234375,1634.199951171875,3487.800048828125,46.9900016784668,320.29998779296875,592.5999755859375,1175.199951171875,5464.0,353.29998779296875,189.1000061035156,652.1500244140625,3150.39990234375,1687.4000244140625,2296.800048828125,4018.60009765625,347.29998779296875,4020.5,1321.4000244140625,3803.800048828125,3570.10009765625,12364.0,174.77999877929688,1338.4000244140625,1173.5,700.5,487.1000061035156,678.6500244140625,1293.5,2641.699951171875,240.6499938964844,21.6299991607666,885.2999877929688
2026-01-23,1112.300048828125,4694.5,347.45001220703125,812.7000122070312,1864.199951171875,772.7999877929688,1308.4000244140625,5750.5,5565.5,518.5999755859375,251.5099945068359,2000.0999755859373,6803.0,192.97999572753903,2703.699951171875,1383.9000244140625,966.0999755859376,1132.5,1258.0,9413.5,1949.0,10668.0,927.8499755859376,149.3300018310547,296.1499938964844,159.64999389648438,1408.0,410.7000122070313,1408.800048828125,1984.699951171875,242.5,366.2000122070313,1698.0999755859375,35265.0,349.1499938964844,5835.0,2685.39990234375,679.4000244140625,151.80999755859375,1326.300048828125,549.0999755859375,1643.199951171875,1315.0,418.3999938964844,1636.4000244140625,2166.300048828125,479.75,225.3000030517578,3930.39990234375,519.0,2084.89990234375,387.1000061035156,6011.5,10360.0,588.4500122070312,3665.60009765625,1235.5999755859375,6973.0,258.70001220703125,325.20001220703125,278.54998779296875,844.0,160.80999755859375,1967.699951171875,91.20999908447266,1240.4000244140625,1541.199951171875,2759.0,4305.7001953125,1287.0,1707.0,2429.699951171875,916.0999755859376,712.0999755859375,5384.0,950.2999877929688,414.8500061035156,2409.5,698.7000122070312,195.9600067138672,1343.4000244140625,1795.699951171875,638.7000122070312,9.93000030517578,82.98999786376953,127.52999877929688,645.7999877929688,876.4500122070312,4704.5,892.4500122070312,413.1499938964844,1670.800048828125,103.55999755859376,156.02999877929688,127.4000015258789,114.1500015258789,323.3999938964844,1063.5999755859375,252.8999938964844,477.6499938964844,1170.0,492.6000061035156,367.2000122070313,3379.199951171875,3807.199951171875,1018.7000122070312,422.7999877929687,1114.5,1016.4000244140624,506.4500122070313,802.4500122070312,900.2999877929688,3743.800048828125,288.0,,2137.199951171875,3543.39990234375,294.75,2107.60009765625,740.9500122070312,15469.0,991.4000244140624,2301.800048828125,2282.0,1599.0,108.4000015258789,2752.800048828125,3802.800048828125,370.6499938964844,1300.9000244140625,95.08000183105467,1293.800048828125,75.25,76.36000061035156,336.70001220703125,1332.5999755859375,234.6999969482422,1453.9000244140625,7956.0,435.7000122070313,245.47000122070312,32880.0,511.5,1138.800048828125,6155.0,278.1000061035156,358.6499938964844,510.3500061035156,1726.5,1447.9000244140625,3175.39990234375,120.1500015258789,812.4000244140625,1673.9000244140625,6722.0,254.1499938964844,16501.0,151.41000366210938,683.0999755859375,1388.800048828125,288.6000061035156,361.3500061035156,1386.0999755859375,325.1499938964844,149.02999877929688,138.91000366210938,770.5499877929688,2002.5999755859373,1029.5,27000.0,1003.5499877929688,2900.39990234375,12658.0,456.1000061035156,2713.699951171875,1631.9000244140625,3488.5,45.70000076293945,311.75,543.7999877929688,1153.5,5409.5,345.25,187.6100006103516,657.5499877929688,3162.5,1701.0999755859375,2219.39990234375,4021.800048828125,344.45001220703125,3932.199951171875,1270.699951171875,3755.89990234375,3549.800048828125,12369.0,172.77000427246094,1333.0,1134.0999755859375,702.5499877929688,474.1000061035156,684.1500244140625,1315.4000244140625,2599.300048828125,238.3999938964844,20.920000076293945,882.0
2026-01-27,1113.699951171875,4707.5,348.8999938964844,849.0999755859375,1959.5,799.0999755859375,1363.9000244140625,5754.0,5510.0,532.25,254.3099975585937,2060.60009765625,6793.5,193.0,2622.800048828125,1400.5,963.5499877929688,1129.699951171875,1315.800048828125,9492.0,1917.699951171875,10609.0,914.7000122070312,149.02000427246094,302.0,163.1699981689453,1469.4000244140625,415.9500122070313,1418.5,1973.4000244140625,247.6999969482422,365.25,1667.5,35310.0,357.3999938964844,5886.0,2761.199951171875,697.7000122070312,154.72000122070312,1322.0999755859375,530.6500244140625,1639.699951171875,1313.0,422.8999938964844,1664.300048828125,2153.89990234375,485.3500061035156,222.1499938964844,3928.300048828125,513.4000244140625,2107.10009765625,400.3500061035156,6056.0,10184.0,609.5499877929688,3670.60009765625,1239.800048828125,7164.5,253.8500061035156,323.25,284.95001220703125,838.4500122070312,159.97999572753906,1999.699951171875,92.63999938964844,1173.9000244140625,1517.9000244140625,2856.199951171875,4348.5,1288.9000244140625,1720.199951171875,2436.800048828125,926.4000244140624,720.0499877929688,5380.0,961.8499755859376,419.3500061035156,2400.89990234375,727.2000122070312,198.1300048828125,1361.4000244140625,1805.9000244140625,643.8499755859375,9.829999923706056,83.5,127.5500030517578,651.3499755859375,876.7000122070312,4769.0,894.75,422.5499877929687,1682.699951171875,104.72000122070312,158.89999389648438,128.8800048828125,114.61000061035156,318.6499938964844,1080.699951171875,256.04998779296875,440.0499877929687,1222.0,488.2999877929687,368.8999938964844,3333.0,3805.199951171875,1016.0,408.7000122070313,1104.4000244140625,1000.2000122070312,510.0499877929687,807.7999877929688,907.2000122070312,3787.800048828125,285.25,,2150.5,3393.5,295.1000061035156,2094.199951171875,745.7999877929688,15245.0,975.5,2335.10009765625,2418.0,1576.5999755859375,109.66999816894533,2806.10009765625,3867.39990234375,384.6000061035156,1279.0,96.83999633789062,1303.300048828125,75.13999938964844,78.83999633789062,344.70001220703125,1265.199951171875,236.5,1467.5999755859375,8006.0,448.5499877929687,247.9499969482422,32520.0,503.1000061035156,1144.800048828125,6216.0,277.70001220703125,361.6499938964844,518.5499877929688,1728.300048828125,1447.199951171875,3157.199951171875,122.9499969482422,825.4000244140625,1629.800048828125,6766.0,254.3500061035156,16709.0,152.4499969482422,707.5999755859375,1392.0,295.3500061035156,363.9500122070313,1380.5,323.8999938964844,155.55999755859375,138.75999450683594,771.0,2038.199951171875,1053.1500244140625,27220.0,1001.0499877929688,2894.0,12766.0,487.7999877929687,2682.199951171875,1638.9000244140625,3444.300048828125,45.790000915527344,312.25,489.7000122070313,1187.4000244140625,5415.0,347.75,192.27999877929688,651.4000244140625,3158.0,1745.0999755859375,2189.300048828125,3997.0,340.54998779296875,3997.39990234375,1309.699951171875,3795.10009765625,3568.0,12589.0,175.2100067138672,1311.5,1145.0,716.5499877929688,471.6499938964844,705.4500122070312,1330.5999755859375,2695.199951171875,234.8000030517578,21.020000457763672,893.3499755859375
2026-01-28,1139.9000244140625,5043.5,348.29998779296875,882.0,1994.699951171875,822.9000244140625,1381.9000244140625,5722.5,5614.0,533.9500122070312,261.510009765625,2091.0,6877.5,195.3300018310547,2511.800048828125,1452.9000244140625,962.3499755859376,1139.9000244140625,1319.800048828125,9433.5,1940.300048828125,10704.0,935.1500244140624,153.35000610351562,306.20001220703125,167.33999633789062,1570.0,453.0,1459.0999755859375,1957.699951171875,259.6499938964844,370.5,1701.5,36185.0,362.3500061035156,5748.5,2821.5,709.4000244140625,157.74000549316406,1356.9000244140625,581.9500122070312,1636.800048828125,1328.4000244140625,444.0499877929687,1694.199951171875,2154.39990234375,496.3500061035156,225.3999938964844,4024.0,515.75,2074.39990234375,407.75,6188.0,10279.0,625.5499877929688,3735.699951171875,1222.5,7071.0,266.29998779296875,321.1499938964844,284.45001220703125,849.0499877929688,168.13999938964844,1993.5,93.91000366210938,1171.800048828125,1550.300048828125,2839.10009765625,4624.0,1286.800048828125,1729.5999755859375,2477.60009765625,932.7000122070312,728.5999755859375,5512.5,998.2000122070312,433.25,2378.39990234375,708.2000122070312,204.3300018310547,1367.699951171875,1822.199951171875,642.4000244140625,9.949999809265137,82.93000030517578,128.7100067138672,656.2000122070312,898.3499755859375,4749.0,901.7000122070312,425.2999877929687,1666.5,109.25,162.85000610351562,133.8699951171875,120.1500015258789,321.1499938964844,1119.4000244140625,255.1999969482422,446.25,1218.699951171875,493.6499938964844,367.9500122070313,3490.60009765625,3879.10009765625,1022.0999755859376,412.3999938964844,1105.800048828125,999.0,519.0,822.1500244140625,929.0999755859376,3794.0,289.3999938964844,,2129.5,3449.199951171875,291.70001220703125,2116.89990234375,736.6500244140625,14877.0,958.5999755859376,2505.60009765625,2593.0,1623.9000244140625,111.43000030517578,2833.699951171875,3955.5,406.1499938964844,1299.9000244140625,99.52999877929688,1292.4000244140625,78.88999938964844,81.5199966430664,348.04998779296875,1322.5,237.1999969482422,1483.199951171875,8012.5,490.5,268.5799865722656,32615.0,505.75,1177.0,6213.0,290.6499938964844,383.0499877929687,540.0499877929688,1726.199951171875,1460.699951171875,3220.800048828125,124.5,845.5499877929688,1653.0999755859375,6928.0,259.79998779296875,17683.0,153.9600067138672,715.0499877929688,1422.0,297.3500061035156,377.5,1396.699951171875,342.5,155.74000549316406,141.8300018310547,782.4000244140625,2053.199951171875,1063.5,27480.0,1018.7999877929688,2980.800048828125,13916.0,494.1000061035156,2817.0,1610.5999755859375,3512.89990234375,47.79999923706055,323.5,480.2999877929687,1131.800048828125,5391.0,355.04998779296875,193.8500061035156,660.6500244140625,3200.10009765625,1762.9000244140625,2280.699951171875,3975.199951171875,340.45001220703125,3958.699951171875,1332.9000244140625,3864.0,3728.39990234375,12767.0,181.92999267578125,1326.699951171875,1148.5999755859375,715.0999755859375,468.3999938964844,737.0999755859375,1372.9000244140625,2749.60009765625,237.3500061035156,21.479999542236328,896.9000244140625
2026-01-29,1135.800048828125,5474.0,344.29998779296875,914.0999755859376,2019.199951171875,858.7999877929688,1417.800048828125,5713.0,5547.0,536.0499877929688,258.8399963378906,2053.39990234375,6801.0,194.0599975585937,2416.0,1460.800048828125,987.9000244140624,1150.5999755859375,1363.699951171875,9512.0,1948.0999755859373,10727.0,935.1500244140624,151.99000549316406,302.45001220703125,164.91000366210938,1530.699951171875,444.5,1437.9000244140625,1967.9000244140625,260.5,365.2999877929687,1732.5,36015.0,366.9500122070313,5723.0,2861.60009765625,708.0,150.32000732421875,1323.0,590.2999877929688,1648.9000244140625,1320.9000244140625,455.75,1678.0999755859375,2112.699951171875,500.6000061035156,221.6999969482422,4045.800048828125,510.4500122070313,2063.300048828125,411.7999877929687,6041.0,10337.0,638.5499877929688,3667.199951171875,1208.9000244140625,7056.5,275.3500061035156,320.8500061035156,287.6000061035156,842.25,167.3800048828125,1985.5999755859373,94.18000030517578,1155.300048828125,1566.5,2831.699951171875,4601.0,1273.9000244140625,1721.5999755859375,2544.199951171875,935.5,727.0999755859375,5580.0,1024.050048828125,432.6000061035156,2352.60009765625,715.2000122070312,203.97000122070312,1383.5999755859375,1825.5999755859373,625.2999877929688,10.050000190734863,83.47000122070312,127.58000183105467,664.5999755859375,909.5,4621.0,898.4000244140625,441.5499877929687,1659.5,106.91999816894533,163.08999633789062,133.25999450683594,120.05999755859376,318.6000061035156,1159.5999755859375,254.5,459.0,1237.5,488.3999938964844,368.3999938964844,3402.39990234375,4005.300048828125,1017.9000244140624,412.3999938964844,1042.800048828125,973.2999877929688,522.6500244140625,821.0,951.4000244140624,3932.89990234375,289.1499938964844,,2132.10009765625,3384.39990234375,296.8999938964844,2100.800048828125,729.9500122070312,14502.0,952.5999755859376,2517.199951171875,2686.0,1585.0,113.87999725341795,2772.800048828125,4091.699951171875,428.8500061035156,1268.300048828125,99.3000030517578,1287.9000244140625,79.18000030517578,84.5999984741211,358.1499938964844,1330.0999755859375,237.8999938964844,1501.9000244140625,7837.5,514.75,275.3900146484375,33015.0,500.0,1168.0999755859375,6070.0,296.0,386.7999877929687,528.7999877929688,1686.9000244140625,1429.5999755859375,3159.0,125.25,841.5,1645.199951171875,7017.5,260.5,18322.0,153.69000244140625,713.9000244140625,1427.5,296.20001220703125,375.2999877929687,1391.0,341.45001220703125,157.17999267578125,147.57000732421875,769.3499755859375,1996.300048828125,1066.199951171875,27055.0,1022.7999877929688,3096.300048828125,13327.0,494.0499877929687,2819.89990234375,1589.300048828125,3507.800048828125,47.43999862670898,327.6499938964844,472.7000122070313,1107.199951171875,5332.0,366.4500122070313,202.32000732421875,651.25,3144.39990234375,1768.4000244140625,2325.39990234375,3939.699951171875,351.79998779296875,3930.10009765625,1371.199951171875,3823.800048828125,3655.0,12717.0,179.44000244140625,1330.4000244140625,1143.4000244140625,715.9500122070312,467.0499877929687,766.3499755859375,1349.0999755859375,2748.5,239.8000030517578,21.309999465942383,890.7000122070312
2026-01-30,1134.300048828125,5578.5,339.79998779296875,894.7999877929688,2020.4000244140625,852.2999877929688,1419.800048828125,5677.5,5716.0,510.1499938964844,254.08999633789065,2045.699951171875,6960.5,196.69000244140625,2428.300048828125,1476.5999755859375,982.3499755859376,1207.699951171875,1370.4000244140625,9597.5,1952.5999755859373,10800.0,929.8499755859376,154.64999389648438,299.3999938964844,164.10000610351562,1538.199951171875,449.0,1441.4000244140625,1968.699951171875,262.70001220703125,366.7999877929687,1816.9000244140625,36530.0,364.5,5860.5,2797.0,695.0499877929688,147.4199981689453,1320.199951171875,584.0499877929688,1631.5999755859375,1324.0,440.75,1653.800048828125,2114.199951171875,502.25,221.4499969482422,4112.5,506.6000061035156,2065.5,422.9500122070313,6051.0,10446.0,635.75,3689.5,1218.0999755859375,7122.5,273.6000061035156,321.6000061035156,287.75,851.5,167.2899932861328,2015.9000244140625,93.88999938964844,1154.0999755859375,1576.800048828125,2819.0,4619.39990234375,1285.0,1695.5999755859375,2515.699951171875,929.25,731.0,5534.0,962.5999755859376,427.0,2373.0,628.5,191.6499938964844,1355.0,1814.0999755859373,636.8499755859375,11.170000076293944,83.58000183105469,126.79000091552734,674.1500244140625,911.7000122070312,4596.5,896.0999755859375,444.2999877929687,1641.0,107.94000244140624,163.24000549316406,132.0800018310547,120.0999984741211,322.1499938964844,1132.0,254.5,459.7999877929687,1214.4000244140625,497.0499877929687,361.6499938964844,3475.39990234375,4021.10009765625,1014.0,408.0,1041.9000244140625,965.0,526.2999877929688,824.5,971.5,3932.300048828125,286.3500061035156,,2152.800048828125,3431.800048828125,284.6499938964844,2124.0,729.7999877929688,14599.0,956.7999877929688,2572.89990234375,2528.0,1613.5999755859375,112.9000015258789,2759.0,3829.60009765625,385.4500122070313,1249.4000244140625,98.86000061035156,1332.4000244140625,78.19999694824219,81.20999908447266,356.0,1345.4000244140625,237.5,1490.9000244140625,7760.0,510.0499877929687,268.9599914550781,32995.0,500.3999938964844,1137.5,6035.0,289.75,379.3500061035156,547.7000122070312,1670.699951171875,1431.0999755859375,3195.39990234375,125.19000244140624,822.4000244140625,1654.5,7013.5,256.5,18862.0,154.67999267578125,719.9000244140625,1461.5,298.75,364.1000061035156,1395.4000244140625,343.3999938964844,151.1300048828125,150.7100067138672,753.5499877929688,1998.5,1077.1500244140625,26985.0,1020.0,3101.300048828125,13480.0,495.75,2816.300048828125,1595.300048828125,3513.5,47.66999816894531,309.75,473.4500122070313,1133.9000244140625,5323.5,366.2999877929687,193.1300048828125,645.9500122070312,3123.89990234375,1743.0999755859375,2335.10009765625,3977.39990234375,350.04998779296875,3960.800048828125,1387.5999755859375,3785.5,3677.39990234375,12694.0,180.7599945068359,1362.5999755859375,1182.300048828125,703.9500122070312,471.25,681.5499877929688,1327.9000244140625,2787.5,236.8999938964844,21.40999984741211,885.2999877929688
2026-02-02,1110.5,5468.0,333.04998779296875,884.5999755859375,1995.4000244140625,843.9500122070312,1403.0999755859375,5521.5,5999.0,510.5,240.1300048828125,2079.300048828125,6933.5,194.3999938964844,2402.0,1467.5999755859375,965.2000122070312,1171.0,1311.5,9496.5,1930.0999755859373,10661.0,903.7000122070312,148.55999755859375,277.6000061035156,151.6699981689453,1326.199951171875,439.1000061035156,1443.699951171875,1965.4000244140625,258.25,370.1499938964844,1838.199951171875,36605.0,366.7000122070313,5888.5,2701.60009765625,693.9000244140625,146.47000122070312,1237.199951171875,608.3499755859375,1594.300048828125,1311.5999755859375,423.5,1668.199951171875,2127.39990234375,507.8500061035156,225.4100036621093,4092.300048828125,499.0,2063.39990234375,439.8999938964844,5952.5,10339.0,626.2999877929688,3674.199951171875,1182.5,6985.5,272.6499938964844,321.20001220703125,281.29998779296875,837.9500122070312,160.38999938964844,1920.4000244140625,94.01000213623048,1170.0999755859375,1560.0999755859375,2774.60009765625,4338.7001953125,1278.5,1676.800048828125,2570.300048828125,928.0999755859376,717.5,5623.0,930.5,453.25,2357.300048828125,610.0999755859375,187.7899932861328,1352.800048828125,1826.699951171875,641.7999877929688,10.8100004196167,81.20999908447266,122.62000274658205,663.9000244140625,834.7999877929688,4687.0,910.25,431.7999877929687,1629.4000244140625,104.43000030517578,164.61000061035156,127.44000244140624,114.93000030517578,314.70001220703125,1125.0999755859375,244.1000061035156,451.5,1199.199951171875,496.4500122070313,365.5,3471.10009765625,4079.800048828125,1000.0,408.2000122070313,998.5,953.9500122070312,496.3500061035156,802.1500244140625,961.4500122070312,3921.300048828125,277.54998779296875,,2129.39990234375,3463.199951171875,279.3999938964844,2063.800048828125,722.4000244140625,14384.0,958.0999755859376,2427.39990234375,2321.800048828125,1641.5999755859375,114.08999633789062,2761.39990234375,3535.10009765625,369.7000122070313,1237.300048828125,96.95999908447266,1308.300048828125,77.79000091552734,81.44000244140625,350.3500061035156,1283.199951171875,237.6199951171875,1474.0,7734.5,483.2999877929687,253.9499969482422,32765.0,496.1000061035156,1171.4000244140625,6082.5,290.20001220703125,385.6499938964844,562.7999877929688,1631.5,1412.0,3091.39990234375,122.0199966430664,804.4000244140625,1563.300048828125,7036.5,270.3999938964844,18978.0,155.05999755859375,734.2000122070312,1483.199951171875,296.95001220703125,363.1000061035156,1390.4000244140625,322.79998779296875,148.6699981689453,146.72999572753906,735.7999877929688,2001.0,1028.699951171875,26800.0,962.0999755859376,3089.89990234375,13199.0,499.5,2801.60009765625,1627.9000244140625,3600.800048828125,46.9900016784668,306.3999938964844,467.75,1125.4000244140625,5440.0,358.79998779296875,188.5099945068359,645.8499755859375,3169.60009765625,1724.0,2315.699951171875,3953.199951171875,362.8999938964844,3987.199951171875,1329.5999755859375,3720.89990234375,3645.800048828125,12535.0,171.1300048828125,1346.5,1178.199951171875,698.5499877929688,466.2999877929687,660.6500244140625,1326.800048828125,2795.10009765625,242.3000030517578,21.190000534057617,879.6500244140625
2026-02-03,1167.5999755859375,5668.5,345.45001220703125,974.4000244140624,2202.60009765625,932.0999755859376,1530.800048828125,5702.5,6193.5,528.25,258.7799987792969,2137.5,7088.5,199.8699951171875,2426.0,1503.5,982.2999877929688,1226.0999755859375,1356.199951171875,9595.5,2012.699951171875,10915.0,964.4000244140624,155.0,285.3999938964844,158.00999450683594,1318.0999755859375,438.9500122070313,1539.0,1997.300048828125,267.8999938964844,372.2999877929687,1817.800048828125,37740.0,373.4500122070313,5882.0,2860.800048828125,728.4500122070312,147.33999633789062,1343.0,661.5499877929688,1694.4000244140625,1322.800048828125,429.3999938964844,1712.0999755859375,2138.699951171875,527.9000244140625,232.69000244140625,4165.7998046875,500.5,2110.60009765625,443.25,6209.0,11031.0,650.4000244140625,3776.60009765625,1235.4000244140625,7215.0,279.79998779296875,328.0,285.5,863.0999755859375,162.8000030517578,1954.199951171875,95.22000122070312,1146.4000244140625,1699.4000244140625,2808.89990234375,4470.39990234375,1318.0,1695.300048828125,2671.300048828125,948.7000122070312,720.1500244140625,5763.0,955.2999877929688,450.7000122070313,2368.60009765625,628.25,191.52000427246097,1389.699951171875,1861.5,654.4000244140625,11.40999984741211,84.8499984741211,126.26000213623048,681.5,870.0999755859375,4946.2001953125,922.4000244140624,438.5499877929687,1656.0,106.18000030517578,167.5800018310547,129.5399932861328,115.12000274658205,316.6499938964844,1149.699951171875,263.8999938964844,459.1499938964844,1229.4000244140625,506.5,383.9500122070313,3550.300048828125,4367.0,1030.5,415.7999877929687,989.7999877929688,975.5999755859376,509.2000122070313,838.2999877929688,1031.9000244140625,4038.800048828125,284.70001220703125,,2185.89990234375,3527.89990234375,291.25,2162.60009765625,732.8499755859375,14782.0,1003.5,2450.39990234375,2434.10009765625,1674.699951171875,121.31999969482422,2819.300048828125,3624.199951171875,370.8500061035156,1250.699951171875,100.43000030517578,1308.0,78.48999786376953,81.6500015258789,358.54998779296875,1361.5,245.4100036621093,1528.0,7826.5,488.8999938964844,257.0,33740.0,505.9500122070313,1198.0999755859375,6278.5,297.3999938964844,392.6000061035156,562.0999755859375,1679.4000244140625,1427.800048828125,3167.5,123.86000061035156,822.7999877929688,1462.0999755859375,7505.0,283.20001220703125,19701.0,161.22999572753906,791.5499877929688,1543.300048828125,304.75,372.5,1437.0999755859375,324.6499938964844,154.36000061035156,148.47000122070312,758.0999755859375,2002.0999755859373,1064.199951171875,27020.0,1000.4000244140624,3211.699951171875,13793.0,530.2000122070312,2912.199951171875,1702.0999755859375,3680.0,49.15999984741211,317.75,478.0,1155.4000244140625,5508.0,365.1000061035156,192.92999267578125,659.5,3225.300048828125,1716.5,2503.300048828125,4068.60009765625,372.0499877929687,4045.60009765625,1370.300048828125,3822.800048828125,3726.300048828125,12590.0,174.41000366210938,1366.0999755859375,1214.0,739.7999877929688,451.1000061035156,675.6500244140625,1366.9000244140625,3102.39990234375,242.69000244140625,21.309999465942383,902.9000244140624
2026-02-04,1166.0999755859375,5755.0,346.6000061035156,988.1500244140624,2228.199951171875,954.4500122070312,1567.9000244140625,5653.5,6390.0,536.9500122070312,268.6700134277344,2174.199951171875,7116.0,200.9199981689453,2452.699951171875,1501.4000244140625,980.9500122070312,1212.699951171875,1338.699951171875,9639.0,2019.5999755859373,10889.0,963.2999877929688,157.33999633789062,290.8500061035156,160.92999267578125,1304.0,439.2000122070313,1591.0,2025.800048828125,272.70001220703125,368.5499877929687,1880.199951171875,36710.0,382.4500122070313,5879.0,2896.300048828125,735.7000122070312,147.5,1366.300048828125,669.5999755859375,1739.5,1326.699951171875,434.8999938964844,1613.9000244140625,2116.199951171875,527.1500244140625,244.0599975585937,4202.2998046875,501.2000122070313,2141.199951171875,448.2999877929687,6054.5,11678.0,659.8499755859375,3824.300048828125,1240.199951171875,7277.5,294.1499938964844,341.5,287.3999938964844,859.8499755859375,165.41000366210938,1959.300048828125,98.08000183105467,1155.699951171875,1711.699951171875,2844.89990234375,4217.10009765625,1344.199951171875,1621.800048828125,2725.0,953.0999755859376,722.5,5851.5,964.9500122070312,458.8500061035156,2371.0,639.25,197.13999938964844,1408.4000244140625,1854.0,660.3499755859375,11.350000381469728,85.13999938964844,127.69000244140624,686.1500244140625,879.25,4960.7001953125,921.2999877929688,445.1000061035156,1535.800048828125,110.08000183105467,172.77999877929688,131.75999450683594,116.0,313.8500061035156,1167.300048828125,268.0,468.8500061035156,1228.199951171875,516.5999755859375,387.2000122070313,3779.39990234375,4423.2998046875,1015.9000244140624,412.3500061035156,981.4000244140624,980.2999877929688,515.7000122070312,835.2999877929688,1056.5,4087.10009765625,287.1000061035156,,2195.199951171875,3574.0,293.6499938964844,2089.300048828125,733.4000244140625,15071.0,1025.449951171875,2431.0,2543.300048828125,1708.199951171875,122.62000274658205,2688.10009765625,3721.699951171875,374.8999938964844,1188.0,104.3499984741211,1303.199951171875,78.4800033569336,85.87999725341797,367.25,1391.9000244140625,251.02999877929688,1545.0,7517.5,507.1000061035156,266.95001220703125,34425.0,510.3999938964844,1206.5,5986.0,298.5,414.6000061035156,591.3499755859375,1719.0999755859375,1460.300048828125,3156.10009765625,123.6500015258789,850.0999755859375,1439.9000244140625,7630.0,289.3999938964844,19043.0,162.16000366210938,781.7000122070312,1533.5,305.79998779296875,381.6000061035156,1456.800048828125,321.0,157.2899932861328,150.22999572753906,749.7000122070312,2041.699951171875,1068.199951171875,27350.0,998.7999877929688,3290.5,13572.0,532.8499755859375,2920.60009765625,1704.4000244140625,3741.0,49.77000045776367,321.1000061035156,472.6000061035156,1153.0,5510.0,371.5499877929687,195.3999938964844,650.3499755859375,2999.10009765625,1645.300048828125,2637.39990234375,4144.0,375.4500122070313,4023.5,1407.5,4012.60009765625,3727.39990234375,12806.0,176.11000061035156,1358.0999755859375,1204.800048828125,758.7000122070312,444.8999938964844,687.7999877929688,1419.5,3105.60009765625,233.33999633789065,21.549999237060547,905.25
2026-02-05,1140.800048828125,5770.0,344.6499938964844,1011.4500122070312,2236.60009765625,967.1500244140624,1570.199951171875,5662.5,6399.5,533.0499877929688,264.5,2182.10009765625,7122.0,201.5,2432.10009765625,1503.5999755859375,986.0,1181.5999755859375,1330.5999755859375,9647.0,2000.0999755859373,10891.0,964.75,157.8000030517578,290.45001220703125,163.4600067138672,1273.300048828125,432.8999938964844,1573.199951171875,1992.4000244140625,268.8999938964844,367.7999877929687,1862.0,36275.0,382.0499877929687,5870.5,2892.199951171875,731.4000244140625,148.2899932861328,1363.300048828125,668.0,1722.300048828125,1333.300048828125,431.8500061035156,1599.800048828125,2114.300048828125,522.0499877929688,246.6300048828125,4391.39990234375,504.2999877929687,2153.60009765625,444.1000061035156,6141.5,11376.0,661.2999877929688,3934.89990234375,1244.9000244140625,7209.5,286.8500061035156,336.79998779296875,287.6000061035156,857.2000122070312,160.17999267578125,1969.300048828125,97.43000030517578,1170.199951171875,1689.800048828125,2863.89990234375,4035.5,1350.199951171875,1610.0,2762.300048828125,949.7000122070312,720.7000122070312,5766.0,935.4500122070312,458.8500061035156,2354.39990234375,610.7999877929688,194.7400054931641,1396.5,1874.199951171875,655.2000122070312,11.239999771118164,85.4800033569336,124.8499984741211,689.1500244140625,879.5,4932.2001953125,914.4000244140624,442.3999938964844,1520.199951171875,107.0500030517578,175.77000427246094,129.92999267578125,114.70999908447266,310.20001220703125,1178.0,269.95001220703125,473.9500122070313,1239.800048828125,545.0999755859375,376.1499938964844,3616.10009765625,4443.0,992.4000244140624,408.75,959.5,963.9500122070312,515.5,839.75,1048.550048828125,4063.300048828125,283.3999938964844,,2218.5,3572.0,294.75,2080.39990234375,748.2999877929688,15059.0,1040.800048828125,2398.39990234375,2410.39990234375,1701.5,120.98999786376952,2648.699951171875,3578.800048828125,363.8500061035156,1166.0,100.9499969482422,1303.5,80.0,84.5999984741211,367.0,1379.5999755859375,258.2900085449219,1548.9000244140625,7450.5,498.5,269.20001220703125,35640.0,515.5,1211.699951171875,5980.5,298.8500061035156,415.0,584.9500122070312,1709.0,1469.5999755859375,3141.800048828125,124.0999984741211,846.4000244140625,1552.800048828125,7536.5,289.3500061035156,19199.0,158.60000610351562,787.0499877929688,1526.800048828125,304.3999938964844,382.1000061035156,1443.4000244140625,316.6000061035156,158.5,145.77000427246094,749.7000122070312,2017.800048828125,1073.5,27225.0,992.0,3300.0,13384.0,524.25,2906.300048828125,1702.5999755859375,3740.89990234375,47.84999847412109,321.45001220703125,459.5,1155.9000244140625,5406.0,364.5,197.7599945068359,642.75,2991.5,1646.199951171875,2381.60009765625,4097.60009765625,374.1499938964844,3976.39990234375,1417.5999755859375,4131.2998046875,3712.699951171875,12773.0,177.9199981689453,1359.4000244140625,1230.800048828125,747.6500244140625,437.1000061035156,655.2000122070312,1426.800048828125,3071.60009765625,233.38999938964844,21.3799991607666,905.0
2026-02-06,1113.9000244140625,5816.0,347.75,1017.7000122070312,2226.39990234375,971.8499755859376,1550.699951171875,5684.0,6640.0,529.4500122070312,264.20001220703125,2198.0,7152.5,201.83999633789065,2401.10009765625,1472.199951171875,991.0499877929688,1191.0,1341.5999755859375,9518.5,2024.199951171875,10999.0,981.7000122070312,159.0399932861328,289.20001220703125,163.66000366210938,1268.4000244140625,429.6499938964844,1557.5,2038.4000244140625,266.6000061035156,365.3999938964844,1880.9000244140625,36340.0,386.3500061035156,5911.0,2897.0,722.4000244140625,147.30999755859375,1331.4000244140625,674.8499755859375,1742.199951171875,1330.0,432.7999877929687,1546.0,2133.199951171875,509.5,245.02999877929688,4368.39990234375,508.2999877929687,2118.300048828125,436.1000061035156,6024.5,11502.0,663.75,3889.89990234375,1241.199951171875,7177.5,283.54998779296875,332.6499938964844,286.79998779296875,855.7000122070312,162.99000549316406,1934.800048828125,97.51000213623048,1181.800048828125,1699.800048828125,2836.89990234375,4067.5,1355.0,1593.699951171875,2719.800048828125,941.0999755859376,703.5,5753.5,942.5499877929688,463.1499938964844,2424.199951171875,608.9500122070312,192.1699981689453,1406.0999755859375,1861.5999755859373,651.3499755859375,11.119999885559082,85.11000061035156,120.94000244140624,683.2000122070312,871.2000122070312,4909.39990234375,903.5999755859376,443.3500061035156,1507.0999755859375,106.4000015258789,175.1999969482422,128.2899932861328,114.52999877929688,325.79998779296875,1189.9000244140625,268.1000061035156,473.1499938964844,1236.199951171875,544.25,380.25,3700.300048828125,4462.60009765625,967.7000122070312,422.3500061035156,958.4000244140624,950.5499877929688,518.0999755859375,901.8499755859376,1055.0999755859375,4068.10009765625,285.29998779296875,,2173.699951171875,3578.0,300.8999938964844,2060.199951171875,752.75,14997.0,1039.8499755859375,2402.39990234375,2380.39990234375,1704.5999755859375,118.0999984741211,2610.5,3704.199951171875,354.6499938964844,1130.4000244140625,98.3000030517578,1303.300048828125,79.43000030517578,84.08000183105469,365.0499877929687,1354.0,276.989990234375,1532.5999755859375,7264.0,497.25,268.95001220703125,35560.0,524.0499877929688,1187.4000244140625,5852.0,295.8500061035156,419.2000122070313,584.9000244140625,1735.199951171875,1489.0999755859375,3129.300048828125,122.8499984741211,849.25,1504.9000244140625,7623.5,292.75,21871.0,158.75,795.5499877929688,1555.9000244140625,302.1000061035156,372.5,1450.800048828125,314.1000061035156,160.52000427246094,146.07000732421875,756.2999877929688,1996.699951171875,1066.4000244140625,27330.0,1002.5,3176.199951171875,12999.0,513.5,2901.60009765625,1695.0999755859375,3678.60009765625,48.040000915527344,320.0,447.6499938964844,1159.300048828125,5198.5,365.9500122070313,197.0599975585937,617.6500244140625,2941.60009765625,1619.9000244140625,2313.60009765625,4141.0,369.5,3939.0,1429.0,4113.7998046875,3758.5,12722.0,178.1300048828125,1377.0,1158.0,741.2999877929688,439.0499877929687,671.0499877929688,1435.0,3087.699951171875,230.72000122070312,21.290000915527344,888.1500244140625
2026-02-09,1138.300048828125,5815.5,352.8999938964844,1032.5,2250.10009765625,982.6500244140624,1561.699951171875,5750.5,7048.0,542.4500122070312,271.54998779296875,2234.60009765625,7211.0,205.8000030517578,2417.39990234375,1490.699951171875,1005.2999877929688,1203.699951171875,1341.4000244140625,9590.0,2024.5999755859373,11101.0,983.1500244140624,162.07000732421875,290.6000061035156,168.41000366210938,1303.199951171875,437.2999877929687,1590.4000244140625,2038.199951171875,274.6499938964844,373.9500122070313,1937.0,35630.0,388.2999877929687,5843.0,2985.10009765625,736.4000244140625,147.92999267578125,1374.300048828125,690.3499755859375,1770.199951171875,1342.5,431.7000122070313,1549.300048828125,2155.60009765625,513.5999755859375,262.9200134277344,4427.5,514.4000244140625,2195.699951171875,433.75,6113.5,11757.0,671.1500244140625,3922.39990234375,1275.5,7195.5,288.8500061035156,340.45001220703125,286.6499938964844,891.2999877929688,163.63999938964844,1974.4000244140625,97.9800033569336,1197.699951171875,1801.4000244140625,2926.300048828125,4131.0,1371.9000244140625,1602.0,2746.60009765625,937.25,707.9000244140625,5756.5,964.25,463.6499938964844,2435.0,629.0999755859375,194.8699951171875,1396.300048828125,1888.199951171875,648.2999877929688,11.579999923706056,84.76000213623047,125.33999633789062,695.0,902.5,4964.10009765625,927.9000244140624,456.1499938964844,1497.199951171875,111.06999969482422,176.16000366210938,128.80999755859375,115.06999969482422,322.79998779296875,1191.0999755859375,269.25,480.1000061035156,1245.0,548.3499755859375,437.3500061035156,3943.699951171875,4599.10009765625,995.5999755859376,428.7999877929687,964.0,985.5,523.6500244140625,895.4500122070312,1090.4000244140625,4113.60009765625,296.8500061035156,,2196.800048828125,3609.60009765625,306.70001220703125,2081.89990234375,754.8499755859375,14978.0,1010.0,2472.5,2434.89990234375,1753.199951171875,124.41000366210938,2615.10009765625,3779.800048828125,365.2000122070313,1177.300048828125,102.01000213623048,1295.5999755859375,78.9000015258789,84.47000122070312,361.8999938964844,1385.5999755859375,277.8599853515625,1564.300048828125,7269.5,490.0499877929687,266.6000061035156,34855.0,531.5499877929688,1179.9000244140625,5875.0,300.0,415.2000122070313,593.1500244140625,1750.300048828125,1488.199951171875,3216.0,123.44000244140624,866.3499755859375,1532.0999755859375,7788.0,289.75,22511.0,162.83999633789062,806.4000244140625,1589.199951171875,308.1499938964844,359.8999938964844,1461.5999755859375,317.25,158.3800048828125,149.13999938964844,765.5499877929688,2024.0,1146.0,27145.0,1062.699951171875,3109.0,13389.0,530.5999755859375,2986.699951171875,1704.5999755859375,3704.89990234375,48.18999862670898,333.70001220703125,455.5,1167.199951171875,5233.0,368.7000122070313,202.0,619.1500244140625,2948.199951171875,1621.699951171875,2363.300048828125,4257.7998046875,377.3999938964844,3997.199951171875,1427.199951171875,4171.2001953125,3764.699951171875,13048.0,179.97999572753906,1409.800048828125,1204.0,744.0499877929688,457.3500061035156,679.75,1502.9000244140625,3122.199951171875,230.0800018310547,21.559999465942383,923.4500122070312
2026-02-10,1162.4000244140625,5870.0,353.75,1016.75,2228.39990234375,978.2999877929688,1554.699951171875,5811.5,7510.5,538.5,278.29998779296875,2238.699951171875,7219.0,209.72999572753903,2393.60009765625,1532.199951171875,1001.1500244140624,1124.0999755859375,1356.699951171875,9774.0,2027.9000244140625,11081.0,965.5999755859376,166.69000244140625,290.3500061035156,167.57000732421875,1300.0,437.2999877929687,1614.0,2011.300048828125,276.1000061035156,371.0499877929687,1948.300048828125,35575.0,386.3500061035156,5873.5,3174.199951171875,742.5999755859375,146.8300018310547,1400.9000244140625,681.5499877929688,1726.199951171875,1342.0999755859375,430.9500122070313,1551.0,2183.0,513.5999755859375,261.6600036621094,4418.2998046875,519.7000122070312,2191.39990234375,435.9500122070313,6175.5,11609.0,671.7999877929688,4002.199951171875,1256.0,7296.0,303.79998779296875,338.79998779296875,282.25,891.8499755859375,164.5500030517578,1958.0,97.80999755859376,1206.5999755859375,1820.800048828125,2953.89990234375,4168.2998046875,1373.0999755859375,1573.0999755859375,2816.800048828125,932.4000244140624,703.9500122070312,5753.5,968.9000244140624,461.25,2453.60009765625,617.7000122070312,193.9100036621093,1406.5,1909.5999755859373,643.0,11.479999542236328,83.7699966430664,126.13999938964844,702.5499877929688,906.0499877929688,4960.39990234375,927.5999755859376,459.1499938964844,1497.800048828125,111.22000122070312,178.2100067138672,129.27999877929688,115.45999908447266,321.3999938964844,1191.4000244140625,270.20001220703125,483.7000122070313,1244.0999755859375,554.4500122070312,433.8999938964844,3957.60009765625,4590.60009765625,1022.4000244140624,429.2999877929687,973.5999755859376,966.3499755859376,522.5499877929688,891.7000122070312,1095.050048828125,4169.0,294.0,,2204.10009765625,3675.800048828125,308.95001220703125,2073.10009765625,764.8499755859375,15146.0,1021.5,2439.10009765625,2470.699951171875,1747.199951171875,129.42999267578125,2614.10009765625,3882.0,368.6499938964844,1194.300048828125,101.44000244140624,1308.5999755859375,76.94999694824219,85.06999969482422,366.8999938964844,1386.0,280.69000244140625,1568.9000244140625,7342.0,488.8500061035156,272.1499938964844,34600.0,521.5499877929688,1161.300048828125,5872.5,303.70001220703125,413.25,601.7999877929688,1758.699951171875,1478.9000244140625,3190.60009765625,122.95999908447266,854.75,1504.5999755859375,7742.5,294.3500061035156,22457.0,163.4199981689453,823.8499755859375,1591.699951171875,306.70001220703125,355.79998779296875,1458.5,319.45001220703125,160.99000549316406,147.22999572753906,765.9000244140625,2018.300048828125,1144.0999755859375,26525.0,1048.5999755859375,3111.5,13423.0,531.0999755859375,2961.89990234375,1707.800048828125,3690.699951171875,47.68999862670898,355.75,452.7999877929687,1152.199951171875,5381.0,369.9500122070313,208.0099945068359,630.7000122070312,2984.60009765625,1644.5999755859375,2438.60009765625,4269.10009765625,379.3500061035156,4079.60009765625,1483.0,4184.39990234375,3762.39990234375,13023.0,179.25999450683594,1409.9000244140625,1231.199951171875,746.0,456.5,690.1500244140625,1475.5999755859375,3163.800048828125,231.47000122070312,21.39999961853028,887.2999877929688
2026-02-11,1138.4000244140625,5825.5,344.25,1033.800048828125,2234.39990234375,994.75,1553.4000244140625,5890.0,7696.0,541.25,278.1099853515625,2280.800048828125,7507.0,206.3500061035156,2392.5,1592.0999755859375,990.25,1146.5999755859375,1347.300048828125,9869.5,2027.0,11111.0,968.9500122070312,168.25999450683594,291.20001220703125,167.1300048828125,1282.5999755859375,437.5499877929687,1676.4000244140625,2012.0999755859373,260.6499938964844,375.2000122070313,1962.199951171875,36570.0,387.6000061035156,6019.0,3177.10009765625,747.0999755859375,145.50999450683594,1397.199951171875,685.5999755859375,1723.0,1349.9000244140625,423.25,1520.4000244140625,2173.39990234375,515.1500244140625,266.0400085449219,4363.2001953125,522.3499755859375,2175.199951171875,429.5,6386.5,11741.0,672.0499877929688,4003.699951171875,1270.300048828125,7771.0,300.70001220703125,341.1000061035156,290.5,918.8499755859376,163.47000122070312,2015.199951171875,96.80999755859376,1208.5999755859375,1852.0999755859373,2932.60009765625,4133.0,1383.800048828125,1551.5999755859375,2826.89990234375,927.0999755859376,701.0999755859375,5682.5,965.9500122070312,461.75,2462.89990234375,628.5499877929688,193.2400054931641,1406.0999755859375,1931.699951171875,640.9500122070312,11.850000381469728,82.55999755859375,127.16000366210938,707.5499877929688,897.2999877929688,5013.7998046875,925.0,467.0499877929687,1471.9000244140625,110.41999816894533,181.3099975585937,126.66999816894533,114.33000183105467,318.25,1190.5,270.29998779296875,482.3500061035156,1249.199951171875,547.0,426.9500122070313,4154.7001953125,4605.89990234375,1022.5,429.5499877929687,959.4000244140624,1013.6500244140624,525.5499877929688,875.2999877929688,1094.9000244140625,4170.39990234375,288.29998779296875,,2209.10009765625,3674.89990234375,302.54998779296875,2087.0,770.4000244140625,15412.0,1055.1500244140625,2430.60009765625,2372.800048828125,1734.0999755859375,130.1699981689453,2588.199951171875,3933.199951171875,367.7000122070313,1171.699951171875,101.68000030517578,1305.300048828125,77.58000183105469,85.45999908447266,368.4500122070313,1324.199951171875,277.5400085449219,1577.300048828125,7217.5,479.25,274.6000061035156,34360.0,521.75,1160.0,5724.0,303.8999938964844,415.8500061035156,617.75,1784.0,1480.0999755859375,3281.10009765625,122.91000366210938,854.9000244140625,1554.5999755859375,7814.0,294.45001220703125,22731.0,164.36000061035156,780.6500244140625,1597.5,308.79998779296875,353.95001220703125,1468.699951171875,316.54998779296875,162.1199951171875,148.35000610351562,768.8499755859375,2026.300048828125,1182.9000244140625,26805.0,1056.800048828125,3151.60009765625,13445.0,538.0,2949.10009765625,1711.0999755859375,3849.39990234375,47.380001068115234,342.29998779296875,455.1000061035156,1152.5999755859375,5250.5,375.6499938964844,207.58999633789065,627.9500122070312,2909.800048828125,1634.4000244140625,2450.199951171875,4249.10009765625,384.7000122070313,4056.699951171875,1428.5999755859375,4218.89990234375,3865.10009765625,12969.0,180.3300018310547,1412.9000244140625,1245.800048828125,749.0,456.8999938964844,701.1500244140625,1506.5,3177.60009765625,229.8099975585937,21.31999969482422,898.2999877929688
2026-02-12,1144.4000244140625,5788.5,344.6499938964844,1022.7999877929688,2211.800048828125,997.6500244140624,1543.699951171875,5870.5,7784.5,532.8499755859375,275.20001220703125,2272.89990234375,7539.0,211.02000427246097,2410.5,1591.5999755859375,1000.5999755859376,1157.9000244140625,1340.0,9840.0,2037.0999755859373,11040.0,999.0999755859376,169.5399932861328,289.8500061035156,165.27999877929688,1271.5999755859375,443.8999938964844,1726.699951171875,2014.5,260.6000061035156,375.0499877929687,1974.0,36495.0,377.7000122070313,6102.0,3143.199951171875,730.4000244140625,144.80999755859375,1370.199951171875,685.0999755859375,1731.800048828125,1330.0,419.1499938964844,1421.5,2138.89990234375,506.8500061035156,264.3999938964844,4429.2998046875,519.5499877929688,2171.199951171875,429.5499877929687,6185.0,11626.0,651.7999877929688,3963.0,1274.9000244140625,7943.0,298.0,338.04998779296875,287.1000061035156,928.5499877929688,163.72000122070312,2034.5,96.33000183105467,1204.300048828125,1821.699951171875,2925.5,4158.89990234375,1400.5,1476.0999755859375,2835.699951171875,920.5999755859376,702.7000122070312,5733.0,964.4000244140624,452.3500061035156,2409.699951171875,623.7000122070312,201.92999267578125,1430.0,1919.800048828125,638.0999755859375,11.550000190734863,82.1500015258789,125.91000366210938,712.0,880.7000122070312,4982.7998046875,922.7000122070312,474.0,1386.0,109.31999969482422,178.11000061035156,125.22000122070312,113.52999877929688,317.45001220703125,1203.4000244140625,267.54998779296875,479.5,1247.9000244140625,540.75,432.5,4086.60009765625,4591.2998046875,985.0,426.25,891.5,1018.5999755859376,517.0999755859375,880.9500122070312,1084.8499755859375,4185.89990234375,292.04998779296875,,2211.10009765625,3593.10009765625,308.6499938964844,2079.0,770.6500244140625,15326.0,1062.9000244140625,2414.89990234375,2441.89990234375,1813.5,132.74000549316406,2464.0,4066.89990234375,369.7000122070313,1149.300048828125,100.5,1305.5,76.5,84.73999786376953,368.25,1310.5,280.1400146484375,1566.5999755859375,6764.0,474.8500061035156,276.3500061035156,33850.0,523.1500244140625,1148.699951171875,5452.0,297.1499938964844,410.5499877929687,623.6500244140625,1779.0,1497.4000244140625,3222.300048828125,120.95999908447266,852.8499755859375,1553.5999755859375,7768.0,293.8999938964844,22702.0,163.30999755859375,771.4500122070312,1572.699951171875,317.0,350.70001220703125,1448.9000244140625,313.70001220703125,160.35000610351562,146.77999877929688,772.7999877929688,2022.0999755859373,1192.4000244140625,26340.0,1082.800048828125,3148.5,13391.0,532.7999877929688,2841.5,1714.9000244140625,3844.199951171875,46.810001373291016,337.3500061035156,446.3500061035156,1149.300048828125,4976.0,380.5499877929687,208.1100006103516,614.75,2750.10009765625,1536.5999755859375,2511.39990234375,4275.7998046875,383.4500122070313,4077.199951171875,1453.699951171875,4285.60009765625,3881.199951171875,13029.0,181.0,1417.4000244140625,1247.9000244140625,744.9000244140625,455.7000122070313,702.75,1535.800048828125,3171.199951171875,219.0800018310547,21.100000381469727,920.9500122070312
2026-02-13,1126.800048828125,5780.5,336.20001220703125,988.0,2136.60009765625,950.5,1519.0,5402.5,7734.5,519.4500122070312,269.8299865722656,2245.89990234375,7542.5,204.6300048828125,2366.39990234375,1596.5,994.9000244140624,1145.5999755859375,1332.300048828125,9760.0,2023.199951171875,10881.0,1024.75,165.44000244140625,287.45001220703125,161.7899932861328,1243.5999755859375,435.5499877929687,1738.800048828125,2004.699951171875,255.75,377.9500122070313,1997.199951171875,35695.0,374.1000061035156,5980.5,3025.300048828125,721.0499877929688,141.77000427246094,1335.300048828125,680.1500244140625,1709.4000244140625,1331.5,408.9500122070313,1361.800048828125,2122.199951171875,498.2999877929687,267.5199890136719,4412.39990234375,512.4500122070312,2140.300048828125,420.5499877929687,6168.5,11417.0,626.4000244140625,3909.199951171875,1268.0999755859375,8065.0,285.20001220703125,336.79998779296875,288.29998779296875,916.75,161.69000244140625,1997.5999755859373,94.02999877929688,1195.4000244140625,1806.5999755859373,2888.0,4212.39990234375,1404.0,1455.199951171875,2813.199951171875,903.9000244140624,696.7999877929688,5584.0,909.0,450.2000122070313,2305.199951171875,592.8499755859375,195.77000427246097,1414.5999755859375,1916.0999755859373,643.6500244140625,11.300000190734863,81.54000091552734,123.9499969482422,699.9000244140625,873.7000122070312,4929.2001953125,926.0499877929688,466.6000061035156,1369.0999755859375,106.37999725341795,176.77000427246094,123.55999755859376,111.44000244140624,313.75,1184.699951171875,263.95001220703125,474.7000122070313,1232.0,533.0999755859375,418.0499877929687,3942.5,4566.7998046875,968.0999755859376,420.6499938964844,861.7000122070312,1010.5999755859376,507.6499938964844,862.4000244140625,1073.5999755859375,4173.89990234375,285.1000061035156,,2199.300048828125,3533.39990234375,302.6499938964844,2060.5,760.1500244140625,15237.0,1053.5999755859375,2350.199951171875,2340.60009765625,1824.9000244140625,131.25999450683594,2458.39990234375,3586.10009765625,349.29998779296875,1141.0999755859375,98.08000183105467,1282.5999755859375,75.47000122070312,79.43000030517578,363.0,1299.699951171875,270.95001220703125,1547.5999755859375,6639.0,455.25,267.3999938964844,33530.0,521.25,1126.300048828125,5479.0,290.3999938964844,400.5499877929687,615.4500122070312,1735.5,1479.300048828125,3150.60009765625,118.76000213623048,836.0499877929688,1523.800048828125,7587.5,287.20001220703125,22418.0,165.9499969482422,759.2000122070312,1519.0999755859375,313.79998779296875,346.8999938964844,1419.5999755859375,308.95001220703125,159.27999877929688,144.02999877929688,760.7000122070312,2034.199951171875,1198.5999755859375,26130.0,1065.800048828125,3116.5,13043.0,527.9500122070312,2833.39990234375,1697.5,3774.89990234375,45.66999816894531,337.6499938964844,434.3500061035156,1132.199951171875,4824.0,374.1000061035156,203.17999267578125,598.25,2692.199951171875,1534.4000244140625,2498.60009765625,4179.2001953125,380.25,4078.0,1462.5999755859375,4252.0,3864.60009765625,12963.0,178.8699951171875,1402.4000244140625,1244.0,724.2999877929688,449.2999877929687,673.6500244140625,1525.4000244140625,3096.199951171875,214.08999633789065,20.86000061035156,904.7000122070312
2026-02-16,1119.5999755859375,5888.0,345.04998779296875,1003.4500122070312,2184.60009765625,991.25,1540.0999755859375,5480.5,7771.0,524.7000122070312,257.2799987792969,2217.39990234375,7618.0,205.8600006103516,2397.199951171875,1639.800048828125,1010.0,1184.5999755859375,1358.300048828125,9697.5,2050.89990234375,11133.0,1012.75,167.92999267578125,292.54998779296875,165.61000061035156,1253.699951171875,438.0,1727.4000244140625,2029.4000244140625,262.5,380.3500061035156,1975.4000244140625,35485.0,374.3500061035156,6106.0,2804.60009765625,737.1500244140625,145.83999633789062,1353.699951171875,688.75,1714.800048828125,1356.4000244140625,422.5,1392.5,2118.60009765625,503.75,272.6600036621094,4524.7998046875,514.25,2136.300048828125,418.1000061035156,6149.5,11751.0,643.7999877929688,3880.699951171875,1269.4000244140625,8010.5,286.6000061035156,340.8500061035156,289.0,915.75,164.82000732421875,2030.5,100.5199966430664,1203.800048828125,1832.699951171875,2912.699951171875,4226.10009765625,1420.699951171875,1461.800048828125,2842.199951171875,925.7999877929688,703.9000244140625,5492.0,907.4500122070312,452.0499877929687,2319.0,594.0999755859375,196.69000244140625,1411.5999755859375,1922.0,640.8499755859375,11.43000030517578,82.91000366210938,124.97000122070312,691.0,888.9000244140625,4940.7998046875,931.9000244140624,473.7000122070313,1365.5999755859375,101.19000244140624,175.14999389648438,127.06999969482422,113.18000030517578,317.95001220703125,1210.9000244140625,262.54998779296875,489.9500122070313,1248.199951171875,534.5499877929688,427.0499877929687,3966.60009765625,4483.60009765625,1000.9000244140624,425.6000061035156,880.2999877929688,1012.4500122070312,511.1499938964844,869.1500244140625,1097.9000244140625,4201.5,294.0,,2221.5,3509.699951171875,303.75,2083.300048828125,772.8499755859375,15051.0,1075.8499755859375,2357.5,2339.699951171875,1848.300048828125,132.30999755859375,2461.5,3498.199951171875,348.3999938964844,1125.199951171875,99.80999755859376,1289.800048828125,77.04000091552734,80.45999908447266,369.1000061035156,1287.300048828125,275.2099914550781,1564.0999755859375,6699.0,463.7999877929687,271.54998779296875,33425.0,525.7000122070312,1123.0999755859375,5582.0,294.70001220703125,411.7999877929687,619.5999755859375,1773.4000244140625,1487.300048828125,3054.5,120.56999969482422,849.3499755859375,1502.9000244140625,7636.0,300.5,22824.0,164.0500030517578,762.9500122070312,1527.800048828125,314.3500061035156,353.5,1437.0999755859375,309.6499938964844,159.5800018310547,147.69000244140625,772.2000122070312,2042.4000244140625,1208.0999755859375,26315.0,1085.4000244140625,3215.60009765625,13111.0,525.0999755859375,2847.800048828125,1700.5,3885.800048828125,46.209999084472656,342.0,435.0499877929687,1139.199951171875,4821.0,382.1000061035156,205.8099975585937,597.4500122070312,2706.60009765625,1512.699951171875,2504.39990234375,4181.10009765625,377.25,4261.5,1471.4000244140625,4229.5,3807.39990234375,12981.0,183.08999633789065,1401.0,1217.4000244140625,733.7999877929688,455.8500061035156,679.7999877929688,1530.5999755859375,3116.39990234375,213.2599945068359,20.959999084472656,910.4500122070312
2026-02-17,1124.5999755859375,5836.0,348.95001220703125,1030.199951171875,2242.89990234375,1016.7999877929688,1566.300048828125,5456.5,7818.0,522.0,257.0199890136719,2224.5,7601.5,207.67999267578125,2437.39990234375,1645.699951171875,999.75,1186.699951171875,1357.199951171875,9826.5,2044.4000244140625,11217.0,1014.1500244140624,168.42999267578125,303.25,170.2100067138672,1261.9000244140625,446.8500061035156,1751.199951171875,2020.300048828125,262.79998779296875,379.3500061035156,2002.4000244140625,35370.0,374.9500122070313,6145.5,2742.300048828125,734.5999755859375,149.11000061035156,1339.4000244140625,690.5,1732.0999755859375,1343.9000244140625,421.5499877929687,1378.800048828125,2151.0,505.5,270.54998779296875,4597.7998046875,516.7999877929688,2112.89990234375,434.8500061035156,6187.5,11637.0,639.0499877929688,3902.89990234375,1284.800048828125,8035.0,281.5,341.1000061035156,288.8500061035156,907.1500244140624,165.75,2038.800048828125,99.8000030517578,1214.800048828125,1845.0999755859373,2900.39990234375,4247.60009765625,1434.4000244140625,1482.5999755859375,2863.60009765625,925.7000122070312,705.7999877929688,5577.0,890.0999755859375,454.25,2312.300048828125,581.0999755859375,193.5800018310547,1407.5,1928.199951171875,638.7000122070312,11.380000114440918,83.3499984741211,126.25,687.75,920.0999755859376,4977.0,943.7999877929688,472.7000122070313,1391.199951171875,99.87999725341795,175.80999755859375,127.02999877929688,112.98999786376952,325.45001220703125,1211.0,262.29998779296875,487.3500061035156,1244.5999755859375,530.9500122070312,420.8500061035156,3950.39990234375,4567.7998046875,1020.5999755859376,424.4500122070313,879.2999877929688,1013.4000244140624,518.8499755859375,874.0999755859375,1096.949951171875,4279.7998046875,297.6499938964844,,2247.5,3489.199951171875,306.54998779296875,2062.89990234375,774.5999755859375,15179.0,1076.1500244140625,2367.800048828125,2283.199951171875,1857.9000244140625,132.66000366210938,2465.199951171875,3495.89990234375,340.8500061035156,1129.699951171875,98.51000213623048,1285.300048828125,76.70999908447266,79.02999877929688,368.3999938964844,1290.800048828125,271.3099975585937,1550.9000244140625,6845.0,464.7000122070313,271.8500061035156,33685.0,530.2000122070312,1169.300048828125,5628.0,296.6499938964844,416.9500122070313,626.5499877929688,1767.199951171875,1495.5,3064.699951171875,124.81999969482422,863.6500244140625,1494.0999755859375,7742.0,300.75,22977.0,164.66000366210938,759.2999877929688,1525.5999755859375,322.25,358.6000061035156,1423.0,308.75,157.27000427246094,147.3300018310547,776.5999755859375,2039.5,1213.4000244140625,26370.0,1075.0,3186.39990234375,13266.0,529.75,2742.89990234375,1717.0999755859375,3919.60009765625,45.93999862670898,330.70001220703125,432.8999938964844,1148.5,4919.0,378.3999938964844,203.0800018310547,603.9500122070312,2717.39990234375,1523.800048828125,2462.699951171875,4236.39990234375,382.8500061035156,4258.39990234375,1486.4000244140625,4171.89990234375,3877.800048828125,12984.0,188.88999938964844,1424.0,1217.4000244140625,741.1500244140625,458.0499877929687,668.2000122070312,1529.699951171875,3053.10009765625,215.69000244140625,21.07999992370605,906.6500244140624
2026-02-18,1127.199951171875,5881.5,349.54998779296875,1035.699951171875,2211.199951171875,1000.0999755859376,1550.800048828125,5464.0,7894.0,523.0,259.17999267578125,2243.89990234375,7647.5,208.33999633789065,2432.10009765625,1636.5999755859375,1022.0499877929688,1159.5999755859375,1377.0,9980.0,2060.60009765625,11413.0,1023.7999877929688,171.74000549316406,305.1499938964844,172.5500030517578,1299.199951171875,447.7000122070313,1771.4000244140625,2021.800048828125,261.6000061035156,378.9500122070313,2016.699951171875,35695.0,380.8999938964844,6176.0,2824.0,736.9500122070312,151.94000244140625,1355.699951171875,710.5499877929688,1717.0,1349.800048828125,418.0,1372.800048828125,2203.89990234375,506.5499877929687,272.5199890136719,4725.7998046875,510.6000061035156,2128.89990234375,432.2000122070313,6283.5,11517.0,642.4500122070312,3915.199951171875,1280.300048828125,8009.5,277.3500061035156,341.6499938964844,290.8500061035156,914.9500122070312,167.30999755859375,2030.199951171875,100.36000061035156,1217.5999755859375,1885.0999755859373,2933.800048828125,4251.10009765625,1434.800048828125,1467.199951171875,2812.60009765625,924.7000122070312,729.5999755859375,5592.0,899.25,457.0499877929687,2323.5,585.25,197.02999877929688,1408.199951171875,1959.699951171875,648.8499755859375,11.5600004196167,84.61000061035156,126.12999725341795,695.0999755859375,938.1500244140624,4980.39990234375,944.6500244140624,477.75,1373.699951171875,98.87000274658205,178.74000549316406,127.87000274658205,113.30999755859376,332.45001220703125,1221.800048828125,264.1000061035156,486.25,1251.199951171875,524.0499877929688,418.3999938964844,4057.5,4606.89990234375,1039.300048828125,426.3500061035156,861.5999755859375,1037.449951171875,522.1500244140625,878.7000122070312,1108.1500244140625,4325.89990234375,300.25,5054.0,2226.699951171875,3530.5,310.1499938964844,2075.60009765625,795.9500122070312,15164.0,1086.25,2388.60009765625,2341.300048828125,1836.4000244140625,133.9199981689453,2435.800048828125,3456.89990234375,344.04998779296875,1119.300048828125,98.04000091552734,1300.9000244140625,76.33999633789062,80.08999633789062,368.3999938964844,1317.199951171875,272.4200134277344,1541.300048828125,6714.5,453.4500122070313,264.6000061035156,33440.0,538.25,1199.5999755859375,5521.0,304.0,420.4500122070313,627.2999877929688,1770.4000244140625,1489.5,3028.699951171875,128.1699981689453,865.2000122070312,1502.0,7830.0,300.54998779296875,23569.0,166.0399932861328,763.6500244140625,1529.0999755859375,325.79998779296875,364.2999877929687,1441.300048828125,309.6499938964844,159.2100067138672,148.5399932861328,789.25,2059.60009765625,1218.9000244140625,26635.0,1076.199951171875,3187.89990234375,13380.0,531.7999877929688,2730.39990234375,1724.4000244140625,3934.800048828125,46.09000015258789,333.95001220703125,433.1499938964844,1169.699951171875,4885.0,379.6000061035156,209.02999877929688,604.9500122070312,2694.89990234375,1504.800048828125,2471.199951171875,4248.60009765625,382.8500061035156,4210.7998046875,1527.9000244140625,4187.2001953125,3885.199951171875,13052.0,193.1100006103516,1424.5999755859375,1208.800048828125,747.6500244140625,463.6499938964844,678.0,1543.4000244140625,2963.60009765625,211.9499969482422,21.239999771118164,910.0499877929688
2026-02-19,1104.5,5719.5,344.29998779296875,1007.2000122070312,2156.699951171875,976.5,1513.300048828125,5377.0,7705.5,512.1500244140625,250.9600067138672,2203.0,7592.5,203.4900054931641,2400.800048828125,1621.0,1017.0499877929688,1171.4000244140625,1356.5999755859375,9729.0,2033.199951171875,11188.0,1017.0499877929688,169.47000122070312,304.45001220703125,169.16000366210938,1274.5999755859375,435.3500061035156,1758.199951171875,1988.5999755859373,253.8000030517578,382.6499938964844,1969.0999755859373,35015.0,367.6499938964844,6108.5,2741.39990234375,721.2999877929688,149.4199981689453,1320.300048828125,696.5499877929688,1676.5999755859375,1328.9000244140625,416.1499938964844,1361.0,2167.199951171875,505.75,265.8999938964844,4646.0,501.6499938964844,2086.60009765625,427.8999938964844,6297.5,11237.0,620.5,3834.10009765625,1282.300048828125,7897.0,271.75,333.20001220703125,288.29998779296875,906.5999755859376,166.8800048828125,2016.699951171875,99.05999755859376,1188.5999755859375,1824.199951171875,2864.300048828125,4132.60009765625,1396.0999755859375,1450.4000244140625,2732.199951171875,915.5999755859376,733.1500244140625,5414.5,905.6500244140624,434.3500061035156,2279.300048828125,584.0999755859375,194.8699951171875,1388.800048828125,1936.0,648.6500244140625,11.260000228881836,82.9800033569336,123.87000274658205,672.0999755859375,927.3499755859376,4815.10009765625,927.3499755859376,472.8999938964844,1370.5,96.6500015258789,174.3000030517578,125.72000122070312,111.37999725341795,326.0,1211.0999755859375,258.6000061035156,480.1000061035156,1228.4000244140625,524.75,404.75,3878.39990234375,4568.60009765625,1015.9000244140624,416.3999938964844,847.5,1021.2000122070312,520.0499877929688,864.25,1067.050048828125,4280.5,294.8999938964844,4959.5,2228.699951171875,3431.800048828125,305.70001220703125,2039.5,780.1500244140625,14903.0,1081.449951171875,2343.300048828125,2361.199951171875,1832.0,129.8800048828125,2376.699951171875,3410.89990234375,340.1000061035156,1094.4000244140625,95.4800033569336,1278.5,74.36000061035156,79.22000122070312,363.2000122070313,1293.5999755859375,267.4599914550781,1502.699951171875,6652.0,476.7000122070313,274.6499938964844,32595.0,532.9500122070312,1145.5999755859375,5266.0,301.79998779296875,409.5499877929687,606.7999877929688,1742.5,1464.9000244140625,3016.39990234375,126.0999984741211,844.2000122070312,1465.4000244140625,7778.0,294.6499938964844,22851.0,163.0500030517578,752.7999877929688,1492.0,332.54998779296875,353.54998779296875,1409.5,306.8500061035156,155.8000030517578,151.38999938964844,798.2000122070312,2043.0,1205.699951171875,26215.0,1054.699951171875,3107.10009765625,13370.0,528.0499877929688,2678.699951171875,1713.4000244140625,3873.199951171875,45.25,326.6499938964844,438.2000122070313,1160.5,4839.5,369.2999877929687,205.4100036621093,601.5,2677.89990234375,1479.300048828125,2488.300048828125,4198.2001953125,375.7000122070313,4226.39990234375,1492.5999755859375,4067.89990234375,3830.10009765625,12688.0,189.52000427246097,1397.0999755859375,1190.5,765.0499877929688,453.5,676.1500244140625,1512.699951171875,2874.300048828125,211.2100067138672,20.959999084472656,902.4000244140624
2026-02-20,1100.5999755859375,5987.0,344.8500061035156,998.0999755859376,2160.800048828125,968.25,1511.5,5392.0,7650.5,512.0,249.6300048828125,2187.5,7615.5,208.8500061035156,2428.10009765625,1636.5999755859375,1029.6500244140625,1158.800048828125,1368.300048828125,9807.0,2058.5,11188.0,1030.199951171875,171.35000610351562,309.04998779296875,171.6999969482422,1310.4000244140625,441.1499938964844,1780.0,1977.4000244140625,257.29998779296875,383.9500122070313,1968.4000244140625,35215.0,366.2999877929687,6098.5,2739.5,720.25,154.14999389648438,1320.4000244140625,712.1500244140625,1669.5999755859375,1341.0999755859375,423.5499877929687,1340.5999755859375,2197.89990234375,503.0,265.42999267578125,4733.89990234375,509.7000122070313,2070.0,430.9500122070313,6291.0,11072.0,629.2999877929688,3866.39990234375,1280.4000244140625,7936.5,269.45001220703125,336.45001220703125,292.6000061035156,921.0,168.47000122070312,2043.199951171875,99.75,1205.9000244140625,1825.699951171875,2832.800048828125,4170.0,1412.9000244140625,1436.5,2715.699951171875,911.8499755859376,728.6500244140625,5465.0,935.7000122070312,430.8999938964844,2314.5,589.3499755859375,195.44000244140625,1394.5,1936.0999755859373,651.2999877929688,11.15999984741211,83.51000213623047,125.41999816894533,674.9500122070312,946.7000122070312,4854.60009765625,926.0499877929688,474.3500061035156,1353.199951171875,96.66999816894533,173.7899932861328,126.6500015258789,111.87999725341795,327.0,1217.0999755859375,258.6000061035156,493.9500122070313,1235.800048828125,532.4000244140625,401.2000122070313,3870.89990234375,4756.0,1007.4000244140624,421.3500061035156,835.4000244140625,1019.0,524.5499877929688,873.2999877929688,1071.1500244140625,4380.60009765625,297.75,4889.5,2219.39990234375,3412.800048828125,306.5,2024.300048828125,788.2000122070312,14977.0,1087.9000244140625,2360.199951171875,2395.89990234375,1849.300048828125,129.4199981689453,2373.800048828125,3460.0,341.20001220703125,1074.800048828125,94.91000366210938,1293.800048828125,74.47000122070312,80.12999725341797,372.9500122070313,1289.800048828125,265.5799865722656,1523.199951171875,6642.5,475.5499877929687,278.6499938964844,32740.0,534.4000244140625,1153.300048828125,5092.0,306.6499938964844,410.1000061035156,614.2000122070312,1733.199951171875,1464.9000244140625,3048.0,129.58999633789062,848.9000244140625,1513.5999755859375,7869.0,298.95001220703125,23871.0,160.52999877929688,768.75,1487.0,329.0,354.20001220703125,1419.4000244140625,312.1000061035156,158.75,154.0399932861328,785.5999755859375,2080.0,1216.0999755859375,26510.0,1059.300048828125,3206.199951171875,13296.0,532.0999755859375,2689.10009765625,1724.4000244140625,3918.300048828125,44.459999084472656,323.79998779296875,442.7000122070313,1156.199951171875,4859.0,378.0,208.3600006103516,607.7000122070312,2686.199951171875,1456.9000244140625,2585.800048828125,4236.39990234375,378.0,4241.7001953125,1528.5999755859375,4091.0,3816.199951171875,12766.0,193.97999572753903,1379.300048828125,1195.199951171875,752.3499755859375,453.8500061035156,682.4500122070312,1546.9000244140625,2897.60009765625,209.8600006103516,21.040000915527344,900.75
2026-02-23,1126.9000244140625,5917.5,346.20001220703125,1003.7999877929688,2191.0,970.3499755859376,1555.800048828125,5490.5,7770.0,515.2999877929688,249.1300048828125,2191.5,7693.0,210.7599945068359,2429.699951171875,1635.0999755859375,974.0999755859376,1150.5999755859375,1386.699951171875,9905.5,2051.60009765625,11501.0,1031.0,173.64999389648438,313.3500061035156,174.1300048828125,1275.5999755859375,439.75,1832.0,1997.300048828125,258.25,387.7000122070313,1961.800048828125,35340.0,372.1000061035156,6122.5,2725.300048828125,718.0,156.44000244140625,1334.300048828125,720.5,1689.800048828125,1326.5,426.0,1289.0,2196.0,507.0499877929687,265.4599914550781,4884.2998046875,514.3499755859375,2090.800048828125,433.9500122070313,6293.5,10599.0,626.2999877929688,3845.300048828125,1307.4000244140625,8038.5,268.0,338.3999938964844,296.20001220703125,919.7000122070312,167.1300048828125,2039.199951171875,100.83999633789062,1222.9000244140625,1829.699951171875,2873.39990234375,4025.39990234375,1412.800048828125,1426.199951171875,2726.800048828125,923.5999755859376,742.4500122070312,5488.5,916.2000122070312,438.5,2345.39990234375,590.8499755859375,194.1000061035156,1399.4000244140625,1953.800048828125,664.1500244140625,10.979999542236328,70.04000091552734,125.72000122070312,675.0999755859375,982.75,4862.2001953125,919.75,472.2000122070313,1327.5,96.12999725341795,176.4600067138672,127.2300033569336,111.88999938964844,325.3999938964844,1216.5999755859375,257.79998779296875,486.3999938964844,1240.5,536.0999755859375,402.1499938964844,3799.5,4765.7001953125,1011.2999877929688,430.7000122070313,812.7000122070312,1017.0499877929688,524.8499755859375,883.25,1072.9000244140625,4418.10009765625,299.6499938964844,4831.5,2241.39990234375,3447.10009765625,303.8500061035156,2046.5999755859373,801.4500122070312,15072.0,1083.5999755859375,2280.800048828125,2396.199951171875,1870.0,130.82000732421875,2309.800048828125,3473.199951171875,338.95001220703125,1069.699951171875,95.33999633789062,1315.0999755859375,74.08000183105469,78.91000366210938,375.4500122070313,1263.5,266.7300109863281,1521.800048828125,6669.5,473.75,275.6499938964844,33070.0,532.9500122070312,1173.699951171875,4977.5,306.45001220703125,411.7999877929687,607.1500244140625,1716.300048828125,1481.0,3119.5,130.27000427246094,837.25,1496.0,7974.0,303.3500061035156,24243.0,162.13999938964844,776.25,1488.9000244140625,320.8999938964844,352.20001220703125,1428.0,319.20001220703125,156.67999267578125,154.6300048828125,784.25,2109.60009765625,1227.800048828125,26550.0,1064.699951171875,3302.199951171875,13370.0,536.0499877929688,2646.10009765625,1732.300048828125,3940.60009765625,44.25,321.1000061035156,446.9500122070313,1171.800048828125,4714.0,379.25,208.13999938964844,600.5499877929688,2676.300048828125,1440.9000244140625,2539.60009765625,4272.7001953125,379.9500122070313,4307.60009765625,1536.4000244140625,4054.89990234375,3829.10009765625,12976.0,197.77999877929688,1416.9000244140625,1196.0,644.7999877929688,457.2999877929687,681.25,1538.199951171875,2915.800048828125,205.88999938964844,20.88999938964844,907.9500122070312
2026-02-24,1113.4000244140625,6056.0,349.29998779296875,1037.0999755859375,2183.0,981.3499755859376,1555.4000244140625,5495.5,7929.5,514.5,246.02000427246097,2195.60009765625,7720.5,210.17999267578125,2413.10009765625,1664.0,1002.2000122070312,1164.4000244140625,1387.5999755859375,9829.0,2043.300048828125,11330.0,1023.5499877929688,180.5500030517578,313.1000061035156,175.5,1240.0999755859375,435.0499877929687,1858.300048828125,1941.0,261.79998779296875,390.75,1959.5,35330.0,374.4500122070313,6162.5,2751.10009765625,709.2000122070312,157.02999877929688,1324.800048828125,724.5,1735.0999755859375,1326.699951171875,430.9500122070313,1212.199951171875,2236.300048828125,505.5,262.42999267578125,4910.39990234375,518.0499877929688,2069.39990234375,436.75,6255.5,10525.0,611.6500244140625,3849.300048828125,1300.199951171875,7929.0,254.0,335.95001220703125,295.6499938964844,919.5499877929688,167.86000061035156,2058.60009765625,101.6999969482422,1234.5999755859375,1770.699951171875,2879.300048828125,3952.60009765625,1403.800048828125,1339.199951171875,2681.39990234375,910.5,734.75,5511.0,922.8499755859376,447.0499877929687,2358.60009765625,597.3499755859375,190.0800018310547,1384.800048828125,1903.9000244140625,661.4000244140625,10.90999984741211,70.97000122070312,125.62999725341795,676.1500244140625,985.8499755859376,4850.2998046875,931.4000244140624,469.8999938964844,1275.5,95.02999877929688,180.19000244140625,126.01000213623048,109.44000244140624,323.5,1233.300048828125,255.25,490.25,1254.5,518.9000244140625,406.8999938964844,3838.60009765625,4781.0,1001.2999877929688,427.7000122070313,760.5,1028.5,532.0499877929688,882.0,1040.800048828125,4259.2001953125,297.45001220703125,4501.0,2250.199951171875,3433.199951171875,305.29998779296875,2054.699951171875,810.3499755859375,14926.0,1086.4000244140625,2256.39990234375,2395.800048828125,1841.9000244140625,131.55999755859375,2223.0,3494.0,343.0,1017.9000244140624,94.54000091552734,1320.0,75.7699966430664,80.80000305175781,382.75,1275.800048828125,261.3599853515625,1511.9000244140625,6454.0,472.2000122070313,276.5,33160.0,522.4000244140625,1131.699951171875,4662.0,307.95001220703125,419.3999938964844,613.3499755859375,1692.5999755859375,1480.5,3107.199951171875,131.02999877929688,831.7000122070312,1494.5999755859375,8120.5,304.79998779296875,24903.0,159.47999572753906,777.0499877929688,1425.5999755859375,326.0,354.0,1428.800048828125,321.6499938964844,160.17999267578125,153.4199981689453,779.5999755859375,2082.89990234375,1223.300048828125,26525.0,1061.699951171875,3365.60009765625,13279.0,529.4500122070312,2583.60009765625,1731.800048828125,3961.39990234375,44.130001068115234,314.0,437.1000061035156,1178.0,4498.0,379.75,209.1300048828125,572.1500244140625,2573.699951171875,1345.4000244140625,2562.699951171875,4294.5,377.5499877929687,4397.89990234375,1541.800048828125,3931.300048828125,3816.199951171875,12960.0,200.6199951171875,1421.5,1177.5,630.5499877929688,459.1000061035156,695.0999755859375,1538.0,3023.5,200.13999938964844,20.81999969482422,903.8499755859376
2026-02-25,1131.800048828125,6167.5,353.1000061035156,1013.0,2231.699951171875,964.1500244140624,1528.699951171875,5625.0,8044.5,511.1000061035156,248.9900054931641,2230.60009765625,7783.0,211.6100006103516,2416.39990234375,1683.199951171875,982.0999755859376,1211.5,1403.0,10097.0,2049.300048828125,11166.0,1021.0499877929688,182.8800048828125,315.8500061035156,175.5800018310547,1240.800048828125,439.2999877929687,1902.0,1913.4000244140625,261.95001220703125,395.8500061035156,1942.199951171875,36570.0,381.0499877929687,6158.0,2772.699951171875,713.75,158.92999267578125,1326.800048828125,713.4000244140625,1754.5,1346.0999755859375,438.6000061035156,1212.9000244140625,2270.39990234375,500.7000122070313,263.29998779296875,4918.5,518.6500244140625,2063.5,439.6499938964844,6395.5,10388.0,611.2000122070312,3888.199951171875,1306.5,8008.0,250.1999969482422,337.3500061035156,299.1000061035156,930.75,170.0,2085.0,102.2699966430664,1237.4000244140625,1797.800048828125,2878.39990234375,3985.0,1417.5999755859375,1378.199951171875,2743.89990234375,907.5999755859376,735.25,5737.5,937.4000244140624,436.7000122070313,2374.89990234375,619.0499877929688,190.4499969482422,1400.5,1939.300048828125,668.25,10.729999542236328,70.22000122070312,127.72000122070312,676.7000122070312,983.5999755859376,4947.39990234375,937.3499755859376,461.4500122070313,1290.0999755859375,95.16999816894533,183.02999877929688,125.48999786376952,104.55999755859376,319.75,1266.5,256.95001220703125,490.0499877929687,1275.0,517.9500122070312,405.7000122070313,3908.39990234375,4944.0,999.0999755859376,424.9500122070313,788.7000122070312,1076.3499755859375,547.0,874.8499755859375,1022.5,4298.5,303.3500061035156,4559.0,2292.199951171875,3491.300048828125,296.6000061035156,2155.699951171875,806.3499755859375,15070.0,1088.0999755859375,2237.800048828125,2449.199951171875,1854.699951171875,133.24000549316406,2257.60009765625,3504.60009765625,359.79998779296875,1043.199951171875,94.62999725341795,1323.4000244140625,75.66999816894531,81.86000061035156,384.8999938964844,1274.9000244140625,266.6300048828125,1518.0999755859375,6612.0,470.25,277.45001220703125,32725.0,518.75,1133.199951171875,4731.0,313.8999938964844,423.6000061035156,621.7000122070312,1694.0,1497.5999755859375,3093.5,130.5399932861328,849.1500244140625,1519.4000244140625,8348.5,307.25,24986.0,161.05999755859375,729.4000244140625,1420.699951171875,329.79998779296875,354.0,1398.5,317.6000061035156,164.92999267578125,157.94000244140625,788.75,2073.60009765625,1200.0999755859375,26865.0,1085.9000244140625,3350.800048828125,13459.0,542.0,2614.89990234375,1764.199951171875,4052.60009765625,43.18000030517578,307.3999938964844,433.6000061035156,1172.300048828125,4577.0,381.25,214.63999938964844,577.75,2629.300048828125,1361.800048828125,2618.699951171875,4325.0,381.8500061035156,4418.89990234375,1565.699951171875,3922.0,3932.0,13041.0,199.3000030517578,1412.5,1217.800048828125,626.2000122070312,455.8500061035156,727.7999877929688,1522.4000244140625,2708.5,201.9199981689453,20.71999931335449,919.6500244140624
2026-02-26,1128.300048828125,6133.0,356.1499938964844,1023.9500122070312,2216.39990234375,965.9500122070312,1550.5999755859375,5752.0,7942.5,512.1500244140625,246.5,2226.39990234375,7775.0,211.9199981689453,2394.89990234375,1684.199951171875,972.7000122070312,1220.699951171875,1395.5,10110.0,2041.300048828125,10951.0,1012.9500122070312,186.1000061035156,324.45001220703125,177.1999969482422,1273.4000244140625,449.0499877929687,1912.0,1929.5999755859373,264.8500061035156,394.8500061035156,1964.9000244140625,36740.0,386.0,6137.0,2800.89990234375,708.5999755859375,158.8800048828125,1295.800048828125,726.75,1748.0999755859375,1358.0999755859375,433.5,1200.4000244140625,2295.300048828125,499.8500061035156,262.5,4962.7998046875,524.4500122070312,2061.10009765625,442.3500061035156,6474.0,10116.0,610.7999877929688,3865.60009765625,1319.300048828125,8190.0,246.5,339.8500061035156,299.5,963.6500244140624,169.9600067138672,2124.300048828125,102.26000213623048,1239.199951171875,1797.800048828125,2863.5,4008.89990234375,1413.699951171875,1373.5,2753.800048828125,898.5999755859375,734.0,5787.0,941.2999877929688,444.0,2383.300048828125,609.7999877929688,190.13999938964844,1404.9000244140625,1946.5,674.5499877929688,10.850000381469728,72.80999755859375,127.51000213623048,680.9500122070312,991.5499877929688,4933.5,964.5999755859376,461.25,1289.0999755859375,94.45999908447266,186.47000122070312,124.75,103.2300033569336,318.29998779296875,1261.0,256.1499938964844,498.6499938964844,1280.5999755859375,516.1500244140625,407.1000061035156,3916.39990234375,5009.10009765625,977.0,424.5499877929687,793.7000122070312,1092.75,545.4000244140625,870.8499755859375,1011.5,4286.5,299.8999938964844,4504.0,2323.199951171875,3484.60009765625,293.04998779296875,2279.699951171875,805.75,15213.0,1109.9000244140625,2251.699951171875,2458.89990234375,1856.9000244140625,135.30999755859375,2261.5,3435.89990234375,361.2999877929687,1051.0,94.05999755859376,1318.0,75.7300033569336,82.55999755859375,381.8999938964844,1280.9000244140625,267.5299987792969,1544.4000244140625,6856.5,473.4500122070313,280.1000061035156,32255.0,516.9500122070312,1122.800048828125,4781.5,317.0,420.6000061035156,624.6500244140625,1715.9000244140625,1516.9000244140625,3134.199951171875,130.47999572753906,847.7000122070312,1524.800048828125,8506.0,303.25,25401.0,162.4199981689453,725.25,1428.5,326.8500061035156,354.1000061035156,1406.800048828125,318.29998779296875,165.50999450683594,153.6699981689453,775.4000244140625,2082.800048828125,1209.5,26745.0,1104.5999755859375,3336.89990234375,13755.0,545.3499755859375,2617.199951171875,1785.699951171875,4007.39990234375,43.27000045776367,307.04998779296875,425.8999938964844,1159.5,4507.5,380.3999938964844,215.52000427246097,583.0,2647.699951171875,1361.800048828125,2720.300048828125,4342.60009765625,391.5499877929687,4399.7998046875,1565.0999755859375,3856.0,3954.199951171875,12937.0,201.5399932861328,1388.800048828125,1230.5999755859375,640.4500122070312,460.4500122070313,737.4500122070312,1544.5,2717.699951171875,201.0800018310547,21.040000915527344,938.5
2026-02-27,1103.5999755859375,6073.0,344.45001220703125,1011.5499877929688,2161.800048828125,947.3499755859376,1521.0,5639.5,7974.0,500.3999938964844,233.1999969482422,2234.60009765625,7821.5,211.1000061035156,2376.199951171875,1667.9000244140625,958.3499755859376,1220.4000244140625,1383.9000244140625,9972.5,1993.4000244140625,10804.0,995.9000244140624,181.97999572753903,321.95001220703125,176.0500030517578,1265.199951171875,444.7000122070313,1911.199951171875,1879.300048828125,264.95001220703125,389.7999877929687,1941.199951171875,36425.0,385.3999938964844,6002.5,2707.10009765625,677.5999755859375,157.3699951171875,1272.199951171875,725.2000122070312,1730.800048828125,1348.199951171875,430.6499938964844,1185.800048828125,2254.5,495.6499938964844,257.8500061035156,4898.2998046875,518.5,1993.0,433.3999938964844,6408.5,10528.0,603.8499755859375,3847.60009765625,1286.300048828125,8010.5,246.3000030517578,334.29998779296875,299.8500061035156,942.6500244140624,169.52999877929688,2136.699951171875,100.62999725341795,1217.5,1731.0,2799.800048828125,3913.199951171875,1397.0999755859375,1389.0999755859375,2698.60009765625,887.75,715.2999877929688,5710.0,924.7000122070312,438.75,2338.10009765625,603.7999877929688,186.75,1378.9000244140625,1901.5,654.5,10.59000015258789,73.4800033569336,125.63999938964844,667.0499877929688,990.5,4827.2001953125,956.75,454.9500122070313,1300.0999755859375,92.12999725341795,187.47000122070312,122.25,103.5500030517578,313.6000061035156,1244.199951171875,255.3999938964844,487.75,1264.699951171875,519.9000244140625,410.1000061035156,3856.5,5080.39990234375,956.7000122070312,415.2000122070313,771.0999755859375,1075.800048828125,537.75,849.4000244140625,988.25,4278.2998046875,283.95001220703125,4462.0,2301.89990234375,3397.39990234375,283.25,2247.60009765625,788.6500244140625,14857.0,1091.949951171875,2224.89990234375,2443.300048828125,1813.4000244140625,133.33999633789062,2296.5,3353.5,354.6000061035156,1029.5999755859375,92.66999816894533,1291.699951171875,75.33000183105469,81.73999786376953,381.8999938964844,1244.9000244140625,265.4800109863281,1522.800048828125,6932.0,483.8999938964844,279.70001220703125,32110.0,508.0,1098.300048828125,4733.0,323.3999938964844,413.7999877929687,627.9000244140625,1658.5999755859375,1492.0,3117.300048828125,129.44000244140625,824.75,1481.5999755859375,8610.5,298.6499938964844,25562.0,156.1300048828125,731.0,1393.0,319.75,349.79998779296875,1393.9000244140625,316.3500061035156,165.7100067138672,149.91000366210938,774.4000244140625,2037.199951171875,1201.699951171875,26075.0,1079.4000244140625,3418.60009765625,13504.0,534.5,2562.199951171875,1737.0,3975.199951171875,42.66999816894531,301.75,422.2000122070313,1141.0,4513.0,377.5499877929687,212.3300018310547,585.4500122070312,2637.39990234375,1357.800048828125,2753.39990234375,4327.5,382.6499938964844,4333.2998046875,1566.4000244140625,3899.5,3869.699951171875,12677.0,202.27000427246097,1380.800048828125,1188.5,637.4000244140625,451.3999938964844,718.4000244140625,1561.300048828125,2709.300048828125,200.9600067138672,20.71999931335449,921.7000122070312
2026-03-02,1074.699951171875,5983.0,338.1000061035156,972.2999877929688,2124.60009765625,903.5499877929688,1470.300048828125,5566.0,7884.5,490.75,226.32000732421875,2222.300048828125,7791.5,209.0099945068359,2307.10009765625,1669.800048828125,951.25,1210.4000244140625,1372.300048828125,9776.0,1941.9000244140625,10695.0,978.25,177.66000366210938,315.20001220703125,172.3000030517578,1268.0,453.9500122070313,1879.300048828125,1873.199951171875,262.1499938964844,387.9500122070313,1902.5,35370.0,374.7999877929687,5959.0,2643.60009765625,651.2999877929688,153.55999755859375,1228.300048828125,711.8499755859375,1703.699951171875,1351.5999755859375,426.25,1162.699951171875,2214.89990234375,479.0,253.4499969482422,4816.7998046875,507.6000061035156,1959.5,427.8999938964844,6403.5,10151.0,590.2000122070312,3802.5,1294.4000244140625,7826.0,242.8699951171875,322.79998779296875,294.95001220703125,932.5,165.07000732421875,2123.300048828125,96.48999786376952,1176.0,1733.5,2777.300048828125,3951.60009765625,1354.0,1371.0,2649.800048828125,879.4000244140625,707.2999877929688,5591.5,940.0,424.5,2320.60009765625,617.6500244140625,181.7400054931641,1374.0,1895.5,653.5499877929688,10.289999961853027,71.77999877929688,121.5199966430664,651.0,976.6500244140624,4520.39990234375,942.5,448.5499877929687,1288.9000244140625,89.19000244140625,179.11000061035156,115.93000030517578,99.33999633789062,314.8999938964844,1237.800048828125,249.0,481.2999877929687,1267.300048828125,505.6499938964844,401.75,3736.60009765625,5206.0,936.0,413.1000061035156,754.25,1065.0,527.9500122070312,841.9500122070312,966.2000122070312,4066.699951171875,275.79998779296875,4404.39990234375,2311.10009765625,3334.300048828125,282.0,2245.5,779.1500244140625,14388.0,1083.5999755859375,2209.800048828125,2501.199951171875,1806.800048828125,128.64999389648438,2255.5,3471.89990234375,362.8500061035156,998.5,89.36000061035156,1279.699951171875,73.13999938964844,81.26000213623047,377.5499877929687,1206.5,259.1000061035156,1490.699951171875,6848.0,488.0499877929687,282.20001220703125,31175.0,502.7999877929687,1059.4000244140625,4673.39990234375,308.6499938964844,406.2000122070313,617.2999877929688,1648.5999755859375,1465.5,3099.39990234375,126.0500030517578,813.2999877929688,1468.9000244140625,8548.5,296.79998779296875,25500.0,152.80999755859375,712.8499755859375,1377.300048828125,313.1499938964844,338.95001220703125,1358.0,299.45001220703125,165.58999633789062,145.9600067138672,746.5,2032.199951171875,1189.9000244140625,26125.0,1052.5,3341.60009765625,13989.0,517.25,2537.0,1752.5,3954.199951171875,40.95000076293945,289.0,412.25,1125.199951171875,4449.2998046875,368.3500061035156,211.0099945068359,580.4000244140625,2613.5,1345.4000244140625,2837.60009765625,4270.2998046875,370.6000061035156,4369.2001953125,1554.9000244140625,3848.5,3813.10009765625,12521.0,198.1300048828125,1366.5999755859375,1140.4000244140625,622.8499755859375,445.2999877929687,723.3499755859375,1499.0999755859375,2643.300048828125,198.57000732421875,20.18000030517578,906.9000244140624
2026-03-04,1066.4000244140625,5830.5,321.54998779296875,960.5,2076.5,871.9500122070312,1434.4000244140625,5466.5,7657.0,476.1499938964844,221.75,2119.699951171875,7666.0,200.4600067138672,2285.199951171875,1646.9000244140625,946.0999755859376,1195.4000244140625,1351.300048828125,9652.5,1889.300048828125,10651.0,945.0999755859376,177.41000366210938,299.29998779296875,163.38999938964844,1269.300048828125,446.8500061035156,1841.800048828125,1905.9000244140625,247.8999938964844,378.3500061035156,1843.5999755859373,33390.0,356.3999938964844,5889.5,2626.89990234375,629.9000244140625,146.92999267578125,1209.4000244140625,684.9000244140625,1653.5999755859375,1313.199951171875,435.1499938964844,1170.0,2183.699951171875,462.2000122070313,245.3500061035156,4584.7998046875,487.3999938964844,1895.699951171875,416.7000122070313,6316.0,10136.0,569.0499877929688,3760.89990234375,1291.199951171875,7626.5,240.72999572753903,313.95001220703125,286.45001220703125,910.9000244140624,154.61000061035156,2039.699951171875,95.1999969482422,1137.5,1693.699951171875,2683.199951171875,3876.800048828125,1318.699951171875,1364.0,2547.199951171875,868.6500244140625,684.5999755859375,5500.0,921.7999877929688,401.4500122070313,2261.300048828125,591.25,176.14999389648438,1365.4000244140625,1855.5,625.75,9.989999771118164,70.05999755859375,118.58999633789062,633.75,939.0,4392.89990234375,927.5499877929688,442.2999877929687,1307.4000244140625,85.8499984741211,170.44000244140625,113.5199966430664,97.73999786376952,311.95001220703125,1168.4000244140625,241.3000030517578,468.0499877929687,1213.0,499.5,393.7999877929687,3700.39990234375,4979.0,909.2999877929688,403.3500061035156,736.1500244140625,1030.5999755859375,518.0,828.0499877929688,912.8499755859376,3882.60009765625,271.04998779296875,4349.2998046875,2304.89990234375,3264.300048828125,269.25,2207.199951171875,771.8499755859375,14158.0,1053.699951171875,2165.39990234375,2478.5,1747.800048828125,122.87999725341795,2267.199951171875,3339.89990234375,373.5,999.7000122070312,85.62999725341797,1245.300048828125,72.2300033569336,76.70999908447266,365.7999877929687,1196.5,255.6999969482422,1454.4000244140625,6832.0,492.1000061035156,276.95001220703125,30980.0,503.3999938964844,1045.5,4709.10009765625,280.0,396.5499877929687,592.9500122070312,1611.0,1439.0999755859375,3063.5,121.37000274658205,783.1500244140625,1480.0,8284.0,291.95001220703125,24500.0,152.30999755859375,706.2000122070312,1350.800048828125,306.04998779296875,328.75,1345.0,282.04998779296875,155.6199951171875,142.25,726.5999755859375,1930.5999755859373,1174.5,25355.0,1010.0,3161.0,14523.0,501.3999938964844,2536.60009765625,1750.5,3898.199951171875,39.93000030517578,297.75,400.7000122070313,1110.5999755859375,4357.7001953125,365.8500061035156,196.72999572753903,571.9500122070312,2587.800048828125,1351.199951171875,2771.10009765625,4204.39990234375,351.20001220703125,4341.0,1475.9000244140625,3756.800048828125,3746.699951171875,12107.0,191.1300048828125,1316.800048828125,1124.5,614.0999755859375,429.75,701.0,1438.9000244140625,2634.0,195.5500030517578,20.01000022888184,896.9000244140625
2026-03-05,1081.0,5929.0,327.6000061035156,987.9000244140624,2089.199951171875,884.5499877929688,1499.300048828125,5550.0,7825.5,480.0,224.67999267578125,2161.300048828125,7775.0,203.0399932861328,2287.800048828125,1663.0999755859375,973.4500122070312,1225.5,1349.0999755859375,9804.5,1911.800048828125,10663.0,962.4000244140624,185.02999877929688,301.8500061035156,164.17999267578125,1280.5999755859375,460.0,1898.4000244140625,1907.0,257.25,386.7999877929687,1946.699951171875,33230.0,360.3500061035156,5963.0,2761.39990234375,652.3499755859375,148.50999450683594,1239.5999755859375,701.0999755859375,1669.0,1326.4000244140625,449.3999938964844,1152.699951171875,2200.60009765625,479.9500122070313,250.1000061035156,4791.39990234375,487.8999938964844,1928.699951171875,428.1000061035156,6364.5,10224.0,585.1500244140625,3835.39990234375,1313.5,7755.0,240.13999938964844,319.6499938964844,289.70001220703125,920.9500122070312,156.72999572753906,2108.89990234375,97.9800033569336,1132.4000244140625,1743.800048828125,2724.10009765625,3891.800048828125,1352.5,1354.0999755859375,2559.0,877.75,684.2999877929688,5588.5,954.9500122070312,418.3999938964844,2255.0,595.6500244140625,178.27000427246094,1357.5999755859375,1875.199951171875,627.4500122070312,10.220000267028809,70.4000015258789,121.62999725341795,629.7000122070312,951.75,4512.7998046875,937.2000122070312,451.3999938964844,1305.800048828125,86.31999969482422,171.5399932861328,115.6500015258789,98.8499984741211,311.5,1184.0,243.1000061035156,479.5,1248.0999755859375,500.5,399.7999877929687,3814.5,4920.5,927.9000244140624,407.2999877929687,717.5,1045.9000244140625,521.4000244140625,832.9500122070312,916.25,4038.699951171875,275.5,4306.39990234375,2332.89990234375,3348.0,267.29998779296875,2226.39990234375,778.8499755859375,14415.0,1058.199951171875,2352.5,2553.5,1748.5999755859375,126.33999633789062,2231.60009765625,3306.39990234375,395.9500122070313,1015.2999877929688,86.8499984741211,1250.9000244140625,74.1500015258789,78.44000244140625,378.0499877929687,1238.0999755859375,260.79998779296875,1482.0999755859375,6789.5,479.1000061035156,276.3500061035156,31525.0,499.7999877929687,1052.9000244140625,4641.7001953125,293.04998779296875,413.6499938964844,614.4500122070312,1633.5999755859375,1445.9000244140625,3089.0,122.1999969482422,790.6500244140625,1472.800048828125,8564.0,299.45001220703125,25305.0,153.3000030517578,720.0999755859375,1375.5999755859375,310.1000061035156,341.8500061035156,1389.4000244140625,279.25,156.14999389648438,145.2100067138672,730.5499877929688,1945.0,1169.5,25200.0,1039.5,3215.699951171875,14671.0,510.9500122070313,2563.10009765625,1784.5,3950.199951171875,40.25,298.3999938964844,403.7000122070313,1119.0999755859375,4400.0,376.8500061035156,200.57000732421875,576.0999755859375,2578.800048828125,1333.300048828125,2781.89990234375,4275.2001953125,355.1499938964844,4353.39990234375,1503.9000244140625,3790.89990234375,3818.39990234375,12288.0,191.1999969482422,1325.800048828125,1118.300048828125,629.5999755859375,445.75,711.25,1485.300048828125,2646.199951171875,195.67999267578125,20.229999542236328,914.6500244140624
2026-03-06,1064.199951171875,6062.0,326.54998779296875,992.5,2039.9000244140625,858.4000244140625,1477.5,5530.0,7872.5,466.75,219.5599975585937,2152.800048828125,7724.5,194.6699981689453,2279.5,1689.199951171875,964.25,1231.9000244140625,1315.800048828125,9816.0,1868.9000244140625,10560.0,950.2000122070312,183.02999877929688,295.3500061035156,159.5800018310547,1356.699951171875,468.4500122070313,1923.9000244140625,1870.800048828125,258.95001220703125,390.7000122070313,1948.5,33335.0,352.75,5983.0,2751.60009765625,648.8499755859375,145.97000122070312,1224.0999755859375,715.4500122070312,1626.300048828125,1321.199951171875,440.4500122070313,1162.9000244140625,2204.60009765625,479.75,248.0,4800.7001953125,478.6000061035156,1899.800048828125,422.6000061035156,6329.0,10029.0,577.5499877929688,3875.800048828125,1303.800048828125,7620.5,232.57000732421875,315.95001220703125,286.5,892.5499877929688,155.7100067138672,2124.39990234375,95.05999755859376,1116.5999755859375,1667.300048828125,2718.39990234375,4023.699951171875,1349.199951171875,1356.699951171875,2503.800048828125,857.0499877929688,668.5499877929688,5512.5,958.9000244140624,404.9500122070313,2225.699951171875,586.8499755859375,176.2899932861328,1313.4000244140625,1880.300048828125,614.0499877929688,10.0600004196167,69.9800033569336,121.76000213623048,623.8499755859375,939.4000244140624,4404.10009765625,917.8499755859376,452.0499877929687,1308.4000244140625,83.86000061035156,168.67999267578125,117.27999877929688,99.47000122070312,309.70001220703125,1180.4000244140625,239.3500061035156,488.2000122070313,1233.699951171875,492.0,395.5499877929687,3746.800048828125,4921.0,912.75,399.7999877929687,698.5499877929688,1026.199951171875,511.7999877929687,822.2999877929688,889.25,3949.800048828125,271.8999938964844,4292.0,2343.800048828125,3332.5,262.75,2187.0,785.25,14159.0,1042.0,2471.89990234375,2533.89990234375,1701.5,122.7699966430664,2214.800048828125,3238.89990234375,396.1499938964844,980.0999755859376,85.63999938964844,1252.4000244140625,74.18000030517578,79.79000091552734,380.6000061035156,1225.0999755859375,254.8000030517578,1474.5999755859375,6718.0,484.5,278.95001220703125,31595.0,500.5499877929687,1038.300048828125,4777.5,290.3999938964844,407.8500061035156,609.25,1603.9000244140625,1433.800048828125,3079.60009765625,119.30999755859376,772.9500122070312,1428.4000244140625,8552.0,299.1499938964844,25860.0,151.8699951171875,723.6500244140625,1335.5,303.79998779296875,339.1499938964844,1404.800048828125,286.0,154.94000244140625,142.39999389648438,724.0499877929688,1941.5999755859373,1143.0,24875.0,1007.5,3268.89990234375,15152.0,514.9500122070312,2622.699951171875,1799.4000244140625,3947.699951171875,39.9900016784668,301.5,399.7000122070313,1116.699951171875,4330.2001953125,375.5,198.4600067138672,576.5,2557.60009765625,1331.699951171875,2722.89990234375,4244.60009765625,350.75,4317.7998046875,1481.300048828125,3722.800048828125,3784.0,11987.0,188.6499938964844,1389.800048828125,1121.300048828125,628.3499755859375,447.6499938964844,721.0,1478.4000244140625,2628.300048828125,195.3999938964844,20.1200008392334,913.0499877929688
2026-03-09,1035.0999755859375,5982.5,324.29998779296875,981.4000244140624,1999.199951171875,854.1500244140625,1421.300048828125,5460.0,7310.5,451.9500122070313,218.9600067138672,2097.89990234375,7779.0,186.94000244140625,2220.800048828125,1605.9000244140625,931.6500244140624,1247.300048828125,1288.300048828125,9383.0,1841.5,10250.0,938.0499877929688,174.1199951171875,288.04998779296875,151.2899932861328,1335.5,457.3500061035156,1862.300048828125,1866.699951171875,255.3999938964844,389.7000122070313,1875.0999755859373,31600.0,331.1499938964844,5890.0,2768.89990234375,649.0999755859375,139.91000366210938,1210.5,697.5499877929688,1583.0,1325.0,437.6499938964844,1168.5,2156.300048828125,473.75,241.3000030517578,4691.2998046875,466.7000122070313,1840.199951171875,415.6499938964844,6330.0,9804.0,574.9500122070312,3966.199951171875,1287.0,7266.0,229.5599975585937,308.8999938964844,273.29998779296875,878.4500122070312,148.97999572753906,2117.60009765625,92.06999969482422,1080.300048828125,1645.5999755859375,2681.199951171875,3989.89990234375,1331.4000244140625,1358.5999755859375,2461.10009765625,840.7000122070312,653.75,5480.0,945.3499755859376,384.5499877929687,2194.60009765625,575.0,174.13999938964844,1278.4000244140625,1889.699951171875,601.5499877929688,9.90999984741211,66.76000213623047,120.26000213623048,611.7000122070312,898.9000244140625,4236.7001953125,881.2000122070312,438.5,1315.0,81.73999786376953,161.22000122070312,114.3499984741211,97.56999969482422,306.0,1144.0999755859375,232.25,478.8999938964844,1192.5999755859375,488.6499938964844,389.0,3701.800048828125,4789.5,910.25,386.3500061035156,688.9000244140625,1021.0,500.2000122070313,805.4000244140625,888.8499755859375,3842.10009765625,266.20001220703125,4317.2001953125,2303.10009765625,3187.60009765625,256.8500061035156,2163.300048828125,778.0,13508.0,1041.5,2387.0,2577.10009765625,1707.5999755859375,117.9800033569336,2187.699951171875,3241.89990234375,388.1000061035156,979.2999877929688,84.44000244140625,1235.800048828125,73.04000091552734,79.12999725341797,376.25,1208.4000244140625,249.6999969482422,1469.5,6712.5,474.0499877929687,270.79998779296875,31145.0,491.0499877929687,1038.699951171875,4783.10009765625,278.54998779296875,392.7999877929687,522.3499755859375,1578.4000244140625,1386.4000244140625,3033.199951171875,115.06999969482422,755.5,1430.0,8228.5,295.20001220703125,25160.0,151.39999389648438,721.6500244140625,1304.5999755859375,297.8999938964844,324.3999938964844,1424.0,276.20001220703125,149.52000427246094,141.52999877929688,720.7000122070312,1912.5,1098.5,23590.0,987.2000122070312,3228.89990234375,14977.0,500.7000122070313,2552.39990234375,1807.4000244140625,3815.60009765625,39.619998931884766,301.25,398.6499938964844,1102.5,4303.7001953125,372.8999938964844,191.0099945068359,566.0999755859375,2527.39990234375,1336.300048828125,2608.60009765625,4159.2001953125,332.0,4373.7001953125,1428.9000244140625,3689.39990234375,3627.800048828125,11378.0,179.05999755859375,1355.800048828125,1082.0999755859375,625.0,437.75,709.4000244140625,1436.5,2599.0,198.75,19.64999961853028,908.8499755859376
2026-03-10,1055.800048828125,6224.5,332.5,1013.5999755859376,1996.5,856.9000244140625,1424.0999755859375,5616.5,7507.5,462.1000061035156,225.3099975585937,2100.60009765625,7803.0,193.5599975585937,2280.39990234375,1660.699951171875,938.5,1285.9000244140625,1314.699951171875,9610.0,1867.800048828125,10289.0,939.7999877929688,182.2599945068359,294.3999938964844,156.1699981689453,1384.4000244140625,463.3500061035156,1842.199951171875,1850.4000244140625,258.6499938964844,395.7999877929687,1887.800048828125,32080.0,325.8999938964844,5968.0,2860.60009765625,671.0999755859375,142.27000427246094,1249.300048828125,728.2000122070312,1621.9000244140625,1333.5,443.5499877929687,1139.199951171875,2198.300048828125,472.7999877929687,245.25,4718.0,480.8999938964844,1849.0,425.8500061035156,6372.0,10908.0,584.5499877929688,3946.800048828125,1314.5999755859375,7536.5,226.6199951171875,317.04998779296875,276.0,881.7999877929688,150.2899932861328,2225.800048828125,95.52999877929688,1111.5999755859375,1675.4000244140625,2743.89990234375,4040.10009765625,1358.0,1361.5,2534.699951171875,849.4500122070312,656.0999755859375,5711.5,956.5999755859376,387.3500061035156,2190.199951171875,589.9500122070312,179.6999969482422,1311.9000244140625,1889.300048828125,601.6500244140625,10.010000228881836,67.2699966430664,121.12999725341795,629.4000244140625,929.75,4380.39990234375,898.7000122070312,445.4500122070313,1295.5999755859375,82.93000030517578,159.94000244140625,116.97000122070312,100.70999908447266,309.04998779296875,1187.199951171875,236.0,488.7000122070313,1214.300048828125,482.3500061035156,392.8500061035156,3841.60009765625,4537.0,944.7000122070312,391.8500061035156,693.25,1038.0,512.5,821.4000244140625,901.9500122070312,3876.0,274.04998779296875,4323.10009765625,2337.39990234375,3293.699951171875,261.79998779296875,2237.699951171875,789.9000244140625,13867.0,1043.0999755859375,2482.10009765625,2578.199951171875,1733.199951171875,123.41000366210938,2202.199951171875,3283.199951171875,388.75,976.5999755859376,87.04000091552734,1241.199951171875,73.04000091552734,79.66999816894531,377.2999877929687,1238.0,256.79998779296875,1494.0,6824.0,470.5499877929687,269.20001220703125,31535.0,500.1000061035156,1040.5999755859375,4827.89990234375,290.1000061035156,412.1499938964844,544.0999755859375,1605.5,1427.699951171875,3083.60009765625,117.52999877929688,791.2999877929688,1467.9000244140625,7723.0,298.6499938964844,25225.0,155.3699951171875,747.75,1307.300048828125,308.3999938964844,334.3999938964844,1408.800048828125,283.6000061035156,149.83999633789062,145.02999877929688,716.0999755859375,1963.699951171875,1112.199951171875,23960.0,1062.9000244140625,3274.89990234375,14720.0,511.75,2596.60009765625,1812.800048828125,3934.199951171875,41.45000076293945,294.6499938964844,409.2999877929687,1099.5,4356.60009765625,381.2999877929687,195.0,568.0,2513.10009765625,1336.5999755859375,2644.10009765625,4220.10009765625,345.20001220703125,4427.7998046875,1451.5,3715.300048828125,3785.10009765625,11654.0,186.3000030517578,1407.0999755859375,1114.5,630.2999877929688,436.5,722.0,1448.9000244140625,2655.699951171875,200.92999267578125,19.90999984741211,923.0999755859376
2026-03-11,1048.0999755859375,6280.0,323.79998779296875,992.0,1974.699951171875,849.6500244140625,1410.800048828125,5544.5,7308.0,457.7999877929687,218.52999877929688,2016.300048828125,7684.0,184.6600036621093,2232.0,1746.300048828125,918.4000244140624,1304.800048828125,1255.800048828125,9327.5,1795.300048828125,10177.0,893.6500244140625,182.47000122070312,289.29998779296875,154.3000030517578,1360.0,454.1000061035156,1797.0999755859375,1807.0,255.75,395.3500061035156,1941.0999755859373,31715.0,325.04998779296875,5921.5,2837.39990234375,676.2000122070312,139.41000366210938,1219.4000244140625,726.2999877929688,1557.4000244140625,1329.5,446.75,1108.800048828125,2055.60009765625,470.4500122070313,247.5,4630.7001953125,471.8500061035156,1855.9000244140625,417.9500122070313,6352.5,10618.0,573.2000122070312,3944.800048828125,1325.5,7253.5,223.8000030517578,311.5,269.45001220703125,881.2000122070312,147.97000122070312,2272.699951171875,93.79000091552734,1091.4000244140625,1651.0999755859375,2735.60009765625,4005.10009765625,1365.5,1350.300048828125,2448.199951171875,833.9500122070312,647.9000244140625,5575.0,959.0999755859376,384.25,2161.39990234375,587.5999755859375,177.55999755859375,1294.5999755859375,1875.199951171875,598.5,9.710000038146973,66.16000366210938,122.8499984741211,624.0499877929688,917.7999877929688,4350.7001953125,877.1500244140625,438.75,1276.300048828125,82.26000213623047,160.6300048828125,114.8000030517578,99.25,309.0,1187.0,238.6999969482422,488.0,1178.800048828125,473.25,390.5,3726.10009765625,4321.0,926.8499755859376,383.2000122070313,682.75,1041.0,505.3999938964844,802.4000244140625,880.4000244140625,3838.800048828125,266.6499938964844,4262.7001953125,2344.60009765625,3168.199951171875,258.0,2243.800048828125,761.5999755859375,13497.0,1032.199951171875,2436.10009765625,2531.60009765625,1725.5,121.38999938964844,2184.89990234375,3163.89990234375,397.75,956.5,86.16000366210938,1233.699951171875,73.45999908447266,79.7300033569336,379.8999938964844,1212.5,251.6999969482422,1488.800048828125,6792.0,482.7000122070313,270.75,31595.0,497.8500061035156,1025.699951171875,4747.7001953125,289.6499938964844,406.8999938964844,550.0999755859375,1575.699951171875,1403.4000244140625,3012.300048828125,115.83999633789062,776.5,1463.199951171875,7429.5,298.79998779296875,24955.0,155.4199981689453,788.0999755859375,1271.5,297.70001220703125,333.04998779296875,1390.199951171875,277.20001220703125,153.8800048828125,145.72000122070312,715.0,1938.5999755859373,1091.0999755859375,23740.0,1031.699951171875,3272.199951171875,14515.0,516.3499755859375,2488.699951171875,1825.9000244140625,4038.0,41.619998931884766,284.6000061035156,408.1499938964844,1073.4000244140625,4343.39990234375,385.75,194.7400054931641,556.9000244140625,2464.89990234375,1334.4000244140625,2566.0,4140.2998046875,335.3500061035156,4431.2001953125,1439.0,3627.39990234375,3600.800048828125,11462.0,180.9199981689453,1382.0999755859375,1081.699951171875,625.8499755859375,431.25,721.5499877929688,1471.4000244140625,2682.800048828125,202.22999572753903,19.530000686645508,921.75
2026-03-12,1043.4000244140625,6409.0,319.95001220703125,1004.4000244140624,2002.0,866.5499877929688,1391.5,5444.0,6929.5,446.4500122070313,213.07000732421875,2009.199951171875,7574.5,178.47000122070312,2221.199951171875,1696.0,902.2000122070312,1311.9000244140625,1234.5,9162.0,1770.800048828125,9789.0,863.0999755859375,178.00999450683594,289.20001220703125,154.77999877929688,1349.4000244140625,453.5499877929687,1779.5999755859375,1801.300048828125,267.8500061035156,392.2000122070313,1953.5,31305.0,326.3500061035156,5787.0,2850.60009765625,663.75,140.33999633789062,1210.800048828125,737.2999877929688,1526.0999755859375,1324.300048828125,470.1000061035156,1107.9000244140625,1975.800048828125,467.1499938964844,247.1999969482422,4753.60009765625,459.3500061035156,1894.5,408.2000122070313,6282.0,10803.0,558.0999755859375,3953.60009765625,1319.0,6975.5,221.1699981689453,310.0,270.25,859.5,152.35000610351562,2256.39990234375,93.29000091552734,1052.300048828125,1616.300048828125,2673.10009765625,4013.5,1354.0,1358.0999755859375,2429.0,832.75,645.7000122070312,5394.5,969.75,384.3500061035156,2136.89990234375,583.0,176.66000366210938,1266.5,1855.300048828125,592.9500122070312,9.5600004196167,64.77999877929688,122.76000213623048,624.9500122070312,909.5999755859376,4251.7001953125,831.3499755859375,442.0499877929687,1265.800048828125,83.68000030517578,160.16000366210938,117.02999877929688,99.91999816894533,304.1000061035156,1225.0,242.1999969482422,518.2999877929688,1172.5999755859375,461.75,389.9500122070313,3700.300048828125,4330.0,907.5999755859376,375.2999877929687,671.25,1046.800048828125,498.5,796.6500244140625,869.0499877929688,3719.5,265.5,4323.60009765625,2357.300048828125,3031.199951171875,255.5500030517578,2207.89990234375,757.1500244140625,13011.0,1020.4000244140624,2443.300048828125,2526.10009765625,1696.199951171875,120.16999816894533,2185.199951171875,3244.0,409.1499938964844,955.4000244140624,86.58000183105469,1220.800048828125,74.77999877929688,80.87000274658203,390.5499877929687,1183.800048828125,244.9499969482422,1470.300048828125,6694.5,479.2999877929687,270.54998779296875,30860.0,490.6000061035156,1009.0999755859376,4714.39990234375,296.70001220703125,415.8999938964844,532.2000122070312,1560.199951171875,1387.4000244140625,2952.39990234375,116.61000061035156,780.1500244140625,1462.699951171875,7455.0,303.6000061035156,24880.0,145.5399932861328,789.3499755859375,1252.699951171875,299.79998779296875,343.5,1392.199951171875,279.6000061035156,153.64999389648438,142.4199981689453,710.25,1939.4000244140625,1085.199951171875,23500.0,1031.699951171875,3324.699951171875,14525.0,510.2999877929687,2626.300048828125,1825.300048828125,4043.699951171875,42.43000030517578,280.8999938964844,404.1000061035156,1057.800048828125,4330.0,402.1499938964844,193.47000122070312,551.8499755859375,2442.39990234375,1349.800048828125,2549.699951171875,4129.60009765625,324.54998779296875,4446.0,1506.0,3533.60009765625,3422.60009765625,11089.0,182.1000061035156,1363.5,1068.5,629.0499877929688,411.0499877929687,719.5999755859375,1449.4000244140625,2739.39990234375,202.5099945068359,19.309999465942383,916.9000244140624
2026-03-13,1027.4000244140625,6392.5,310.75,992.2999877929688,1961.0999755859373,861.3499755859375,1363.199951171875,5355.5,6446.0,425.3500061035156,215.5800018310547,1933.199951171875,7550.0,170.64999389648438,2196.800048828125,1611.800048828125,884.3499755859375,1296.5,1197.300048828125,8875.0,1738.0,9506.0,855.0499877929688,175.5,281.04998779296875,150.1999969482422,1312.0,439.3999938964844,1675.0999755859375,1803.4000244140625,258.5,383.5499877929687,1833.199951171875,30185.0,319.29998779296875,5808.5,2797.0,644.5,134.67999267578125,1176.5,709.9000244140625,1514.0,1314.699951171875,467.0,1089.699951171875,1957.199951171875,453.3999938964844,246.25,4649.7001953125,453.5,1839.9000244140625,403.25,6071.0,10338.0,542.75,3834.300048828125,1292.300048828125,6741.0,215.67999267578125,296.6000061035156,263.04998779296875,839.75,147.77999877929688,2170.699951171875,89.26000213623047,1027.9000244140625,1577.4000244140625,2568.60009765625,3914.39990234375,1310.199951171875,1325.4000244140625,2381.0,817.0,625.75,5206.0,910.0499877929688,368.75,2160.0,551.9500122070312,172.6999969482422,1254.800048828125,1837.0999755859373,583.75,9.270000457763672,62.56999969482422,120.25,609.8499755859375,870.2999877929688,4158.2001953125,814.4000244140625,423.9500122070313,1248.300048828125,79.58999633789062,156.5399932861328,114.8499984741211,97.1999969482422,301.45001220703125,1143.300048828125,235.25,512.9500122070312,1119.300048828125,458.1499938964844,379.0,3475.60009765625,4158.0,892.5499877929688,366.8500061035156,660.1500244140625,1003.4000244140624,496.6000061035156,772.7000122070312,866.3499755859375,3439.0,258.0,4206.5,2314.89990234375,2931.10009765625,256.1000061035156,2138.89990234375,752.4000244140625,12591.0,990.0,2328.0,2498.800048828125,1628.0999755859375,113.81999969482422,2114.800048828125,3333.199951171875,387.3500061035156,952.4000244140624,83.19999694824219,1202.199951171875,74.9800033569336,78.58999633789062,384.4500122070313,1158.5999755859375,238.1499938964844,1452.0999755859375,6526.0,470.5499877929687,264.1000061035156,30285.0,481.6000061035156,976.2000122070312,4638.7998046875,286.29998779296875,405.6000061035156,502.2000122070313,1565.5,1340.0,2896.300048828125,111.6999969482422,763.9000244140625,1446.0,7193.5,300.95001220703125,24165.0,139.80999755859375,781.8499755859375,1257.0,294.75,331.5,1380.699951171875,271.25,149.88999938964844,140.1199951171875,704.9000244140625,1904.4000244140625,1047.0,22965.0,1003.5999755859376,3207.60009765625,14251.0,486.0499877929687,2499.699951171875,1801.5999755859373,3886.5,41.40999984741211,282.1499938964844,420.8500061035156,1083.5999755859375,4255.0,394.9500122070313,183.5099945068359,540.3499755859375,2410.5,1332.800048828125,2458.199951171875,4073.199951171875,314.1000061035156,4390.0,1461.300048828125,3487.800048828125,3324.5,10616.0,173.8800048828125,1314.4000244140625,1013.2000122070312,609.4000244140625,401.2999877929687,689.5499877929688,1414.199951171875,2726.60009765625,197.5800018310547,18.799999237060547,905.9000244140624
2026-03-16,1022.9000244140624,6218.0,314.6000061035156,996.5,1978.0,866.9500122070312,1373.9000244140625,5323.0,6528.5,429.0,216.6300048828125,1893.699951171875,7490.0,172.77000427246094,2217.699951171875,1619.699951171875,885.2999877929688,1279.5999755859375,1214.699951171875,9073.0,1773.9000244140625,9631.0,878.1500244140625,162.5399932861328,279.95001220703125,150.6699981689453,1284.0,429.5,1697.0,1788.800048828125,253.5,377.0499877929687,1804.0999755859373,30355.0,304.95001220703125,5842.0,2862.60009765625,639.5,134.50999450683594,1184.5,698.6500244140625,1527.0999755859375,1300.0,460.2999877929687,1080.5999755859375,1941.0999755859373,454.2999877929687,247.1499938964844,4589.7001953125,458.8500061035156,1853.0,401.25,6071.0,10263.0,530.3499755859375,3817.89990234375,1276.9000244140625,6827.5,222.0399932861328,295.1499938964844,260.8500061035156,807.9000244140625,146.05999755859375,2175.39990234375,90.5,1041.0999755859375,1560.0,2654.39990234375,3913.10009765625,1297.300048828125,1328.5999755859375,2367.199951171875,840.5999755859375,626.0,5278.5,921.1500244140624,353.79998779296875,2175.699951171875,533.8499755859375,172.1199951171875,1272.9000244140625,1850.5,583.9000244140625,9.390000343322754,62.810001373291016,118.8000030517578,613.3499755859375,877.4500122070312,4222.10009765625,825.0499877929688,427.1000061035156,1249.800048828125,78.4000015258789,148.9600067138672,115.19000244140624,96.44000244140624,308.25,1133.0,234.3500061035156,505.1499938964844,1145.5999755859375,467.7999877929687,381.6000061035156,3555.0,4174.0,901.3499755859376,369.8500061035156,631.9500122070312,960.7999877929688,501.5,777.3499755859375,848.75,3469.39990234375,260.6499938964844,4207.10009765625,2290.39990234375,3036.10009765625,251.1999969482422,2094.699951171875,750.0999755859375,12757.0,970.5999755859376,2331.800048828125,2555.60009765625,1645.199951171875,113.31999969482422,2081.10009765625,3361.0,372.25,949.5999755859376,82.87999725341797,1213.4000244140625,75.2699966430664,77.55999755859375,382.3999938964844,1158.800048828125,237.0,1418.0999755859375,6414.0,460.1000061035156,260.45001220703125,30200.0,483.7999877929687,1013.7999877929688,4638.7998046875,283.3500061035156,406.25,507.3500061035156,1552.300048828125,1353.5999755859375,2890.10009765625,110.97000122070312,766.75,1475.300048828125,7127.0,297.75,24205.0,138.72000122070312,795.75,1250.300048828125,296.04998779296875,332.45001220703125,1395.0999755859375,266.70001220703125,144.69000244140625,138.08999633789062,695.5499877929688,1909.199951171875,1066.699951171875,23315.0,992.0,3149.60009765625,14082.0,489.2000122070313,2449.0,1783.199951171875,3927.60009765625,41.0099983215332,284.6000061035156,410.1499938964844,1092.699951171875,4202.2001953125,390.5499877929687,186.94000244140625,528.1500244140625,2409.199951171875,1339.5,2422.300048828125,4090.800048828125,314.3999938964844,4266.60009765625,1445.800048828125,3596.10009765625,3374.800048828125,11099.0,175.60000610351562,1317.4000244140625,1018.5,608.7999877929688,407.1499938964844,685.5999755859375,1406.4000244140625,2790.699951171875,195.1100006103516,18.540000915527344,886.9000244140625
2026-03-17,1043.4000244140625,6310.5,318.6499938964844,1000.5999755859376,1975.4000244140625,868.6500244140625,1365.5,5333.5,6778.0,434.2000122070313,216.97999572753903,1965.5999755859373,7500.0,176.11000061035156,2238.199951171875,1652.0,902.0499877929688,1286.0,1228.0999755859375,9110.0,1774.699951171875,9663.0,868.5999755859375,159.5800018310547,283.25,151.3800048828125,1296.800048828125,439.3500061035156,1746.0,1827.0,256.3500061035156,377.5499877929687,1815.300048828125,30645.0,300.04998779296875,5857.5,2973.60009765625,632.7999877929688,136.5800018310547,1199.300048828125,708.4000244140625,1529.0,1281.9000244140625,462.25,1073.9000244140625,1932.9000244140625,452.3999938964844,248.6499938964844,4596.39990234375,452.6000061035156,1854.9000244140625,402.2999877929687,6086.5,10289.0,547.7999877929688,3781.39990234375,1283.800048828125,6910.0,234.6300048828125,301.8999938964844,264.54998779296875,820.2000122070312,147.7100067138672,2145.89990234375,90.3000030517578,1041.0999755859375,1584.199951171875,2683.300048828125,3963.10009765625,1317.0999755859375,1321.0999755859375,2383.39990234375,845.3499755859375,642.2999877929688,5355.0,936.6500244140624,346.20001220703125,2158.199951171875,546.3499755859375,172.49000549316406,1288.699951171875,1835.800048828125,592.4500122070312,9.25,63.65999984741211,119.87999725341795,622.0499877929688,873.9500122070312,4287.89990234375,820.8499755859375,436.1499938964844,1232.9000244140625,78.20999908447266,146.67999267578125,116.1999969482422,96.73999786376952,304.8500061035156,1157.300048828125,237.6000061035156,505.7999877929687,1167.199951171875,465.75,383.7000122070313,3634.89990234375,4216.5,900.9500122070312,374.2000122070313,653.7000122070312,968.7000122070312,498.8999938964844,777.75,842.2000122070312,3542.800048828125,263.1499938964844,4189.2001953125,2298.199951171875,3128.89990234375,256.8500061035156,2068.199951171875,754.75,12972.0,976.4000244140624,2362.300048828125,2671.800048828125,1654.0,115.83000183105467,2074.10009765625,3419.199951171875,395.1499938964844,963.0999755859376,83.12999725341797,1206.9000244140625,76.88999938964844,79.22000122070312,383.3500061035156,1157.4000244140625,240.0,1458.300048828125,6302.0,473.75,264.75,30515.0,486.4500122070313,1022.0,4529.39990234375,287.70001220703125,418.0499877929687,523.8499755859375,1595.800048828125,1357.0,2893.0,112.0,779.9500122070312,1498.199951171875,7166.5,298.5,24710.0,139.0500030517578,811.2000122070312,1265.800048828125,297.70001220703125,337.70001220703125,1397.5999755859375,267.79998779296875,153.52999877929688,139.3699951171875,693.8499755859375,1932.0999755859373,1064.699951171875,23675.0,1004.5999755859376,3173.5,14034.0,502.1000061035156,2498.0,1794.4000244140625,3923.89990234375,41.27000045776367,292.8500061035156,411.0499877929687,1078.0,4103.60009765625,400.8500061035156,195.42999267578125,524.8499755859375,2391.699951171875,1341.800048828125,2475.89990234375,4090.5,319.20001220703125,4305.5,1443.4000244140625,3634.5,3492.0,11116.0,176.07000732421875,1301.4000244140625,1053.0,615.8499755859375,406.3500061035156,699.3499755859375,1420.4000244140625,2883.10009765625,191.32000732421875,18.63999938964844,889.7999877929688
2026-03-18,1069.800048828125,6337.5,328.45001220703125,1036.699951171875,2007.199951171875,891.2999877929688,1401.9000244140625,5351.5,6850.0,441.25,236.2100067138672,2013.4000244140625,7471.0,178.6199951171875,2262.10009765625,1668.4000244140625,930.1500244140624,1269.0,1253.199951171875,9271.0,1791.800048828125,9859.0,880.0999755859375,163.5,283.1499938964844,152.4499969482422,1320.199951171875,442.6000061035156,1804.4000244140625,1855.4000244140625,260.1499938964844,382.6000061035156,1819.5999755859373,31005.0,303.70001220703125,5885.0,2995.60009765625,658.1500244140625,137.50999450683594,1233.5999755859375,707.1500244140625,1524.199951171875,1268.5,455.2000122070313,1132.0,1941.5999755859373,458.8500061035156,250.1499938964844,4717.60009765625,451.8500061035156,1916.0,422.5499877929687,6140.0,10709.0,563.0999755859375,3844.0,1294.800048828125,7027.5,242.5399932861328,308.75,271.5,846.0,150.9499969482422,2186.300048828125,92.0199966430664,1053.800048828125,1643.0,2723.10009765625,3961.60009765625,1343.9000244140625,1357.199951171875,2468.89990234375,843.0499877929688,643.3499755859375,5426.0,933.0499877929688,349.3500061035156,2135.300048828125,537.5999755859375,178.86000061035156,1289.300048828125,1831.199951171875,588.7000122070312,9.4399995803833,65.26000213623047,123.05999755859376,636.9500122070312,888.9000244140625,4360.60009765625,842.1500244140625,440.9500122070313,1267.0999755859375,81.98999786376953,148.27000427246094,117.97000122070312,98.25,304.04998779296875,1179.199951171875,248.1999969482422,509.1000061035156,1180.300048828125,477.9500122070313,389.6000061035156,3715.89990234375,4390.0,943.7999877929688,375.3999938964844,688.25,983.4000244140624,503.1499938964844,785.8499755859375,854.1500244140625,3607.89990234375,268.79998779296875,4298.7998046875,2302.39990234375,3214.60009765625,270.0,2103.10009765625,756.0,13048.0,979.7999877929688,2456.89990234375,2603.10009765625,1668.699951171875,117.77999877929688,2123.800048828125,3433.0,387.6499938964844,994.9000244140624,88.44000244140625,1204.800048828125,77.36000061035156,79.48999786376953,378.5,1178.5999755859375,243.6499938964844,1472.800048828125,6594.5,470.4500122070313,265.0,31720.0,490.1499938964844,1076.4000244140625,4698.60009765625,291.6000061035156,432.25,536.8499755859375,1627.300048828125,1384.4000244140625,2927.60009765625,113.12000274658205,807.6500244140625,1538.699951171875,7374.5,299.3999938964844,24975.0,143.1199951171875,869.5999755859375,1321.4000244140625,301.3500061035156,348.04998779296875,1408.0999755859375,275.1000061035156,154.4199981689453,141.2100067138672,715.5499877929688,1962.5,1069.800048828125,23925.0,1021.5999755859376,3220.89990234375,13699.0,511.7999877929687,2569.39990234375,1778.300048828125,4010.800048828125,42.060001373291016,298.75,419.8500061035156,1075.0999755859375,4207.39990234375,400.3500061035156,195.4100036621093,548.5999755859375,2440.800048828125,1385.199951171875,2559.699951171875,4145.5,324.75,4289.2998046875,1454.300048828125,3640.89990234375,3572.800048828125,11247.0,177.91000366210938,1320.300048828125,1073.4000244140625,631.5,415.1000061035156,679.0,1422.5999755859375,3184.800048828125,194.3000030517578,18.940000534057617,899.5999755859375
2026-03-19,1040.5,6214.0,312.29998779296875,1005.2999877929688,1936.800048828125,854.9000244140625,1356.0,5240.0,6677.0,419.9500122070313,232.4199981689453,1929.800048828125,7252.0,168.57000732421875,2186.0,1640.4000244140625,901.5499877929688,1247.5,1207.0,8868.5,1714.9000244140625,9674.0,832.2000122070312,158.05999755859375,272.6000061035156,145.77000427246094,1257.800048828125,430.7999877929687,1712.4000244140625,1827.0,251.75,368.5499877929687,1733.5,30135.0,286.0,5673.5,2895.0,639.9000244140625,132.9199981689453,1194.199951171875,686.7000122070312,1455.0999755859375,1239.199951171875,454.2000122070313,1092.300048828125,1889.699951171875,440.6499938964844,242.4499969482422,4505.7001953125,430.2000122070313,1831.9000244140625,413.3999938964844,5972.5,10194.0,542.25,3808.199951171875,1274.5,6793.0,228.7400054931641,301.8500061035156,265.8999938964844,818.3499755859375,144.27000427246094,2097.5,88.44999694824219,1022.2000122070312,1552.0999755859375,2607.89990234375,3802.5,1294.300048828125,1311.800048828125,2401.0,798.2000122070312,633.5,5172.5,897.0499877929688,324.79998779296875,2077.300048828125,506.1499938964844,171.3000030517578,1250.0999755859375,1792.0999755859375,562.9000244140625,8.9399995803833,62.61000061035156,118.25,613.6500244140625,859.1500244140625,4154.2998046875,816.2999877929688,426.6499938964844,1220.800048828125,78.06999969482422,142.72999572753906,116.58000183105467,95.04000091552734,298.0,1138.0999755859375,239.4499969482422,505.8999938964844,1130.9000244140625,454.2000122070313,373.6000061035156,3567.0,4213.0,912.9000244140624,368.1499938964844,658.9000244140625,944.9000244140624,483.5,766.0499877929688,817.9500122070312,3434.5,256.6499938964844,4198.5,2251.5,3045.39990234375,264.1499938964844,2000.800048828125,741.25,12599.0,953.0999755859376,2361.39990234375,2530.39990234375,1627.9000244140625,111.75,2047.4000244140625,3306.39990234375,377.0,970.5999755859376,83.13999938964844,1186.300048828125,76.23999786376953,77.94000244140625,374.0499877929687,1151.0,239.3999938964844,1445.800048828125,6368.5,477.0499877929687,269.1000061035156,31225.0,474.2999877929687,1041.800048828125,4602.7998046875,270.8500061035156,411.8500061035156,504.6000061035156,1575.5999755859375,1308.9000244140625,2890.89990234375,109.48999786376952,788.0499877929688,1488.699951171875,7180.0,296.70001220703125,24650.0,135.72000122070312,864.3499755859375,1268.0,292.1000061035156,333.3999938964844,1384.800048828125,262.3500061035156,152.5500030517578,136.85000610351562,694.25,1903.0999755859373,1048.9000244140625,23335.0,949.7999877929688,3079.0,13159.0,498.7000122070313,2478.800048828125,1744.4000244140625,3843.39990234375,41.09000015258789,283.25,407.8500061035156,1044.5999755859375,4039.300048828125,398.5,190.5099945068359,522.5,2356.0,1340.5999755859375,2530.0,4037.89990234375,309.29998779296875,4210.7998046875,1446.9000244140625,3481.89990234375,3454.199951171875,10814.0,172.16000366210938,1288.9000244140625,1039.5,611.7999877929688,404.6499938964844,665.3499755859375,1347.199951171875,3155.89990234375,188.4100036621093,18.38999938964844,876.1500244140625
2026-03-20,1040.5999755859375,6297.0,311.25,1009.9000244140624,1927.0999755859373,863.0999755859375,1365.4000244140625,5257.5,6654.5,420.5499877929687,231.32000732421875,1973.0999755859373,7364.5,168.88999938964844,2195.39990234375,1631.800048828125,901.5,1291.4000244140625,1203.9000244140625,9051.0,1710.300048828125,9512.0,830.5499877929688,158.44000244140625,279.95001220703125,150.49000549316406,1249.9000244140625,426.1000061035156,1711.5,1846.0999755859373,262.04998779296875,380.9500122070313,1708.5999755859375,30390.0,287.79998779296875,5618.5,2806.10009765625,640.7000122070312,136.44000244140625,1190.800048828125,681.5999755859375,1440.5,1256.4000244140625,468.1499938964844,1089.300048828125,1896.0999755859373,447.2999877929687,243.1499938964844,4615.2998046875,430.7000122070313,1841.0,422.8500061035156,6100.0,10342.0,540.75,3770.800048828125,1298.9000244140625,6909.0,232.2899932861328,302.6499938964844,267.1000061035156,822.0499877929688,142.8699951171875,2180.10009765625,90.55999755859376,1017.5999755859376,1549.5,2616.300048828125,3782.39990234375,1281.199951171875,1333.699951171875,2385.89990234375,780.4500122070312,623.6500244140625,5275.5,874.25,336.29998779296875,2082.699951171875,514.75,172.47999572753906,1245.4000244140625,1777.199951171875,552.0999755859375,9.34000015258789,62.95000076293945,120.52999877929688,615.5499877929688,878.6500244140625,4149.10009765625,818.5999755859375,434.5499877929687,1255.9000244140625,81.83999633789062,144.60000610351562,116.37000274658205,94.69000244140624,299.95001220703125,1186.5,239.3000030517578,507.0499877929687,1169.5999755859375,451.5499877929687,382.7000122070313,3620.60009765625,4188.0,914.5499877929688,366.75,660.9500122070312,987.2000122070312,486.1499938964844,776.75,796.9000244140625,3434.800048828125,261.20001220703125,4298.7998046875,2322.5,3066.10009765625,259.25,2000.0,744.2999877929688,12601.0,964.7999877929688,2324.10009765625,2414.5,1639.300048828125,111.58999633789062,2091.10009765625,3315.89990234375,368.5,978.2000122070312,83.91000366210938,1193.5999755859375,76.80000305175781,79.77999877929688,380.9500122070313,1147.5,240.6000061035156,1445.800048828125,6580.0,475.5,265.3999938964844,32005.0,474.6000061035156,1054.300048828125,4716.7001953125,257.6499938964844,412.8500061035156,512.75,1543.0999755859375,1341.300048828125,2909.5,111.52999877929688,791.9000244140625,1497.0999755859375,7171.0,297.6000061035156,25025.0,138.35000610351562,864.75,1248.199951171875,297.25,330.5,1414.4000244140625,264.54998779296875,155.52000427246094,137.97000122070312,688.75,1896.9000244140625,1058.0,23535.0,938.5999755859376,3129.60009765625,12934.0,506.25,2454.5,1777.0999755859375,3834.39990234375,41.95000076293945,282.79998779296875,414.75,1050.199951171875,4237.7001953125,402.3999938964844,196.77000427246097,539.6500244140625,2390.60009765625,1384.800048828125,2537.300048828125,4106.60009765625,314.1000061035156,4270.2001953125,1450.699951171875,3559.60009765625,3462.199951171875,10934.0,177.6300048828125,1300.0999755859375,1067.0,625.5499877929688,401.4500122070313,672.2000122070312,1324.5,3165.89990234375,190.8999938964844,18.57999992370605,890.5
2026-03-23,985.4000244140624,6041.5,294.95001220703125,946.9000244140624,1833.0,816.4500122070312,1303.5999755859375,5144.5,6289.0,395.3500061035156,220.9100036621093,1893.9000244140625,7145.0,161.97999572753906,2121.300048828125,1556.300048828125,849.5499877929688,1278.699951171875,1170.5999755859375,8776.0,1675.5,9162.0,812.5999755859375,148.33999633789062,265.8999938964844,143.72999572753906,1158.5,405.5,1648.5999755859375,1795.9000244140625,252.8500061035156,367.1499938964844,1621.0999755859375,29135.0,271.29998779296875,5490.0,2714.39990234375,622.4500122070312,129.55999755859375,1133.800048828125,664.0999755859375,1380.9000244140625,1221.800048828125,455.25,1100.4000244140625,1849.199951171875,423.75,233.1999969482422,4518.0,417.3500061035156,1746.0999755859375,411.3999938964844,6013.5,9894.0,514.75,3655.60009765625,1253.300048828125,6681.5,226.9600067138672,290.75,254.3500061035156,799.2000122070312,135.39999389648438,2089.0,84.7699966430664,1002.4000244140624,1497.199951171875,2531.10009765625,3634.60009765625,1231.0,1358.5999755859375,2254.60009765625,744.1500244140625,592.0999755859375,5065.0,840.25,319.1499938964844,2052.199951171875,487.6499938964844,165.11000061035156,1222.699951171875,1722.199951171875,531.25,8.699999809265137,60.2400016784668,115.37999725341795,582.4500122070312,838.2000122070312,3945.300048828125,778.3499755859375,413.6000061035156,1256.800048828125,76.1500015258789,138.11000061035156,110.51000213623048,89.44999694824219,290.45001220703125,1106.199951171875,226.1000061035156,482.7000122070313,1109.5999755859375,438.0499877929687,362.7000122070313,3409.699951171875,3990.5,877.5999755859375,356.54998779296875,659.2999877929688,961.4000244140624,460.7000122070313,740.0,727.9000244140625,3342.39990234375,247.6499938964844,4105.60009765625,2296.699951171875,2955.800048828125,252.3000030517578,1927.4000244140625,725.2999877929688,12355.0,956.9000244140624,2206.699951171875,2314.39990234375,1567.5,106.58999633789062,2063.60009765625,3115.60009765625,349.75,974.7000122070312,79.08999633789062,1166.800048828125,75.27999877929688,75.08999633789062,372.3999938964844,1110.5999755859375,234.75,1411.5,6445.0,464.6499938964844,265.45001220703125,31345.0,463.2999877929687,992.7999877929688,4724.5,238.0500030517578,398.0,494.7000122070313,1477.4000244140625,1314.9000244140625,2762.60009765625,105.5500030517578,750.75,1434.4000244140625,6795.0,302.1000061035156,24255.0,133.27000427246094,866.5499877929688,1178.5999755859375,289.29998779296875,316.45001220703125,1407.800048828125,250.25,143.0399932861328,130.0,653.2999877929688,1832.300048828125,1031.9000244140625,22725.0,877.7000122070312,2988.300048828125,12430.0,484.9500122070313,2391.5,1758.4000244140625,3704.5,39.93999862670898,272.54998779296875,397.8500061035156,1023.5999755859376,4130.60009765625,386.9500122070313,187.1699981689453,519.0,2383.800048828125,1384.0,2471.0,3853.10009765625,305.25,4213.89990234375,1362.800048828125,3356.699951171875,3412.5,10362.0,168.5800018310547,1275.199951171875,1029.5,602.4000244140625,382.2000122070313,645.75,1251.199951171875,3064.60009765625,187.5399932861328,17.649999618530273,860.5999755859375
2026-03-24,989.2999877929688,6162.0,302.3999938964844,967.2999877929688,1817.9000244140625,839.5499877929688,1344.199951171875,5297.0,6452.0,407.5499877929687,230.44000244140625,1974.4000244140625,7413.0,167.1300048828125,2217.300048828125,1594.4000244140625,877.5,1281.5999755859375,1192.699951171875,8898.0,1704.4000244140625,9337.0,849.0,149.99000549316406,270.5,146.3300018310547,1174.0999755859375,414.4500122070313,1708.800048828125,1802.0999755859373,258.20001220703125,369.0499877929687,1665.9000244140625,30080.0,282.25,5513.5,2805.89990234375,638.6500244140625,133.14999389648438,1185.5,667.2999877929688,1418.9000244140625,1219.4000244140625,442.1000061035156,1110.0999755859375,1877.300048828125,433.1000061035156,237.5500030517578,4619.60009765625,421.3999938964844,1792.9000244140625,418.8999938964844,6026.0,10174.0,521.0,3756.5,1259.5999755859375,6871.0,237.94000244140625,298.5,262.5,811.4000244140625,137.6699981689453,2095.699951171875,89.0199966430664,1006.9000244140624,1540.5,2549.39990234375,3654.0,1234.199951171875,1373.300048828125,2351.699951171875,764.9000244140625,603.0,5253.0,854.6500244140625,336.79998779296875,2085.0,497.0499877929687,169.16000366210938,1251.199951171875,1730.0999755859375,537.5,8.880000114440918,62.09000015258789,119.62000274658205,604.0499877929688,871.4500122070312,4150.7998046875,797.25,429.2999877929687,1278.300048828125,77.91000366210938,138.6999969482422,114.37000274658205,92.87000274658205,291.25,1120.5999755859375,232.6999969482422,484.0,1133.699951171875,448.6000061035156,371.7000122070313,3514.300048828125,4126.0,906.25,366.8500061035156,665.0,992.5999755859376,479.0,758.7000122070312,726.4000244140625,3516.800048828125,254.8000030517578,4211.5,2331.800048828125,3031.300048828125,252.6499938964844,1987.800048828125,739.0999755859375,12464.0,969.2000122070312,2253.0,2419.0,1583.5,111.12999725341795,2116.800048828125,3155.199951171875,354.6499938964844,987.4000244140624,81.8499984741211,1183.199951171875,76.54000091552734,76.7699966430664,375.5499877929687,1150.300048828125,240.0500030517578,1443.800048828125,6605.5,477.9500122070313,268.04998779296875,32170.0,472.7999877929687,1035.0999755859375,4913.7001953125,241.8999938964844,398.75,501.7000122070313,1503.5,1332.199951171875,2759.0,107.26000213623048,782.25,1461.4000244140625,7064.5,299.0,25025.0,136.0800018310547,889.3499755859375,1201.5,296.6000061035156,320.79998779296875,1411.800048828125,258.45001220703125,145.72999572753906,138.50999450683594,673.5,1836.0,1030.800048828125,23325.0,903.5999755859376,3001.800048828125,12554.0,494.7000122070313,2471.60009765625,1753.300048828125,3754.39990234375,41.040000915527344,275.75,398.8500061035156,1053.0999755859375,4180.2001953125,384.75,190.7899932861328,530.4000244140625,2398.800048828125,1432.699951171875,2568.60009765625,3899.5,311.20001220703125,4256.60009765625,1366.300048828125,3365.60009765625,3479.699951171875,10764.0,173.82000732421875,1328.0,1071.4000244140625,620.4500122070312,388.3500061035156,651.5999755859375,1302.0999755859375,3086.699951171875,188.7400054931641,18.06999969482422,886.4000244140625
2026-03-25,1002.0999755859376,6212.5,314.70001220703125,990.4000244140624,1886.5999755859373,853.7999877929688,1375.9000244140625,5435.5,6746.5,421.7999877929688,241.6699981689453,1998.5999755859373,7580.5,170.9499969482422,2270.199951171875,1646.5999755859375,910.4000244140624,1307.800048828125,1222.0999755859375,9048.5,1746.199951171875,9554.0,882.75,153.4199981689453,272.70001220703125,149.5,1182.199951171875,413.4500122070313,1736.5,1834.9000244140625,262.04998779296875,379.6499938964844,1744.5999755859375,30390.0,284.54998779296875,5647.0,2890.199951171875,643.9000244140625,136.52999877929688,1212.800048828125,692.25,1473.800048828125,1244.4000244140625,443.7000122070313,1163.0999755859375,1920.4000244140625,445.1499938964844,242.5500030517578,4738.60009765625,431.0,1884.0,430.3500061035156,6014.5,10415.0,534.3499755859375,3910.800048828125,1300.699951171875,6992.5,242.17999267578125,307.1499938964844,270.95001220703125,830.0999755859375,139.1999969482422,2168.5,90.05999755859375,1039.5999755859375,1564.9000244140625,2647.800048828125,3669.39990234375,1268.4000244140625,1381.300048828125,2386.300048828125,782.2999877929688,612.9000244140625,5289.5,868.6500244140625,344.0,2134.800048828125,517.7000122070312,177.08999633789062,1259.699951171875,1770.300048828125,540.5999755859375,9.039999961853027,63.2400016784668,121.68000030517578,617.2999877929688,909.0499877929688,4294.7001953125,818.4000244140625,427.8500061035156,1279.0999755859375,81.91999816894531,140.52000427246094,119.1999969482422,95.23999786376952,295.70001220703125,1143.0,237.3500061035156,494.2999877929688,1156.0,462.3500061035156,391.8500061035156,3717.89990234375,4196.0,934.4500122070312,371.1000061035156,673.5999755859375,1023.5,496.2999877929688,781.0999755859375,733.8499755859375,3649.300048828125,261.29998779296875,4292.89990234375,2347.60009765625,3128.10009765625,262.3500061035156,2024.0,753.75,12711.0,988.2000122070312,2255.89990234375,2465.10009765625,1585.9000244140625,113.12999725341795,2132.10009765625,3320.199951171875,367.2999877929688,998.0,84.5199966430664,1204.0999755859375,77.19999694824219,77.8499984741211,378.3999938964844,1201.0,244.1000061035156,1499.699951171875,6599.0,471.3999938964844,270.20001220703125,32635.0,485.1000061035156,1065.9000244140625,4928.7998046875,249.8500061035156,403.4500122070313,517.2000122070312,1572.0,1362.800048828125,2905.39990234375,110.06999969482422,802.8499755859375,1468.300048828125,7145.0,295.0,25670.0,141.07000732421875,916.9000244140624,1228.0999755859375,303.95001220703125,327.70001220703125,1413.0999755859375,268.8500061035156,151.7100067138672,146.8800048828125,700.2000122070312,1851.800048828125,1060.5999755859375,24230.0,956.0,3101.300048828125,12890.0,511.4500122070313,2568.10009765625,1795.4000244140625,3832.0,42.27000045776367,276.6499938964844,418.75,1056.0999755859375,4213.39990234375,390.7000122070313,196.6499938964844,543.8499755859375,2377.39990234375,1408.5,2682.39990234375,4039.300048828125,317.95001220703125,4297.5,1391.9000244140625,3478.89990234375,3543.199951171875,11204.0,180.32000732421875,1311.5999755859375,1087.5999755859375,625.25,401.4500122070313,669.6500244140625,1368.800048828125,3177.89990234375,189.0500030517578,18.46999931335449,903.7000122070312
2026-03-27,977.4000244140624,6105.0,305.75,956.0,1823.0,832.5,1337.800048828125,5344.5,6602.0,408.8500061035156,235.2700042724609,1986.199951171875,7549.0,163.08999633789062,2207.39990234375,1619.0999755859375,882.75,1314.199951171875,1205.199951171875,8901.0,1694.699951171875,9150.0,843.7999877929688,148.91000366210938,260.29998779296875,144.99000549316406,1136.9000244140625,404.75,1725.0999755859375,1843.9000244140625,254.8500061035156,370.1000061035156,1675.199951171875,29615.0,282.70001220703125,5500.0,2779.800048828125,637.5,130.4499969482422,1171.300048828125,667.9500122070312,1416.300048828125,1242.300048828125,445.0499877929688,1144.699951171875,1877.199951171875,438.2000122070313,232.3000030517578,4631.5,419.6000061035156,1857.4000244140625,428.75,5997.5,10019.0,523.0,3903.199951171875,1281.699951171875,6811.5,233.1699981689453,300.8500061035156,269.29998779296875,814.1500244140625,137.19000244140625,2170.5,89.08999633789062,1008.7000122070312,1505.199951171875,2628.199951171875,3588.60009765625,1231.5999755859375,1364.4000244140625,2313.89990234375,756.2000122070312,610.2000122070312,5143.0,866.7000122070312,340.8999938964844,2074.39990234375,509.7000122070313,168.05999755859375,1233.800048828125,1747.0,530.4000244140625,8.890000343322754,61.869998931884766,118.83999633789062,590.9000244140625,871.75,4099.5,792.5499877929688,426.2999877929688,1269.699951171875,79.2699966430664,137.75999450683594,114.30999755859376,92.4499969482422,294.70001220703125,1131.4000244140625,232.5500030517578,484.7999877929688,1130.300048828125,454.3500061035156,388.3500061035156,3612.60009765625,4124.0,913.5999755859376,366.1499938964844,660.0499877929688,1008.7999877929688,506.0499877929688,765.6500244140625,700.2000122070312,3564.10009765625,251.6499938964844,4200.7001953125,2334.800048828125,3041.300048828125,253.9499969482422,2038.800048828125,742.4500122070312,12389.0,975.0999755859376,2162.89990234375,2398.199951171875,1557.0999755859375,109.37999725341795,2117.0,3270.60009765625,371.0,991.4000244140624,80.52999877929688,1193.199951171875,76.58999633789062,77.19999694824219,375.6499938964844,1195.4000244140625,239.6499938964844,1457.0,6947.0,478.0,281.95001220703125,31805.0,476.4500122070313,1008.7999877929688,4899.7998046875,246.1999969482422,396.0,488.0,1501.4000244140625,1314.9000244140625,2810.800048828125,105.12999725341795,794.6500244140625,1459.199951171875,7067.0,295.5,24685.0,143.55999755859375,893.7999877929688,1172.800048828125,295.6499938964844,318.45001220703125,1348.0999755859375,264.04998779296875,146.47000122070312,148.35000610351562,673.9500122070312,1837.5999755859373,1019.5,23705.0,903.7999877929688,3048.89990234375,12418.0,488.75,2494.89990234375,1793.5999755859375,3747.699951171875,40.81999969482422,268.54998779296875,415.6000061035156,1048.5,4160.7998046875,385.7000122070313,193.22000122070312,539.3499755859375,2389.800048828125,1391.5999755859375,2566.300048828125,3981.5,303.20001220703125,4265.60009765625,1352.300048828125,3399.60009765625,3445.199951171875,11049.0,175.47999572753906,1253.800048828125,1048.699951171875,595.8499755859375,389.2999877929688,649.4000244140625,1322.5999755859375,3092.60009765625,191.6000061035156,18.1200008392334,896.7000122070312
2026-03-30,949.5999755859376,5941.5,292.25,934.9000244140624,1758.800048828125,806.9000244140625,1312.5999755859375,5299.0,6549.0,401.25,227.52999877929688,1937.0,7419.0,154.1300048828125,2165.199951171875,1599.0,842.7000122070312,1304.4000244140625,1161.300048828125,8781.5,1631.800048828125,8746.0,801.5499877929688,141.35000610351562,247.6000061035156,136.99000549316406,1096.5999755859375,400.6499938964844,1674.5999755859375,1782.4000244140625,245.5,360.8999938964844,1610.699951171875,28745.0,281.0,5423.0,2683.5,625.7999877929688,123.4499969482422,1119.4000244140625,655.0499877929688,1354.699951171875,1224.199951171875,450.4500122070313,1114.699951171875,1788.699951171875,425.2999877929688,223.6000061035156,4500.10009765625,410.4500122070313,1779.199951171875,416.7000122070313,5947.0,9673.0,504.1000061035156,3956.800048828125,1254.9000244140625,6586.0,228.97999572753903,287.8999938964844,259.3999938964844,795.0,137.7100067138672,2131.699951171875,84.75,984.7999877929688,1471.300048828125,2557.699951171875,3487.199951171875,1190.5999755859375,1341.5999755859375,2216.39990234375,731.5499877929688,590.5999755859375,5063.0,884.4500122070312,335.3999938964844,2055.199951171875,502.1499938964844,159.5800018310547,1205.9000244140625,1710.5999755859375,509.5499877929688,8.529999732971191,58.84999847412109,114.75,570.9500122070312,845.7000122070312,3943.5,752.4500122070312,418.1499938964844,1250.5999755859375,75.48999786376953,135.39999389648438,108.9800033569336,87.2300033569336,287.70001220703125,1113.0999755859375,224.1000061035156,471.6000061035156,1122.5,434.1000061035156,375.8999938964844,3429.60009765625,4038.0,876.5499877929688,353.3999938964844,634.75,992.7000122070312,495.25,725.6500244140625,677.0,3504.10009765625,240.1999969482422,4013.800048828125,2313.89990234375,2954.699951171875,251.1000061035156,2005.800048828125,735.9500122070312,12306.0,962.2999877929688,2065.199951171875,2389.39990234375,1490.699951171875,105.08000183105467,2053.0,3160.10009765625,386.1000061035156,967.7000122070312,77.5199966430664,1174.800048828125,73.72000122070312,76.2699966430664,370.6499938964844,1161.0999755859375,235.0,1419.0,6731.0,475.4500122070313,284.6499938964844,31775.0,459.75,959.0,4877.2001953125,248.4499969482422,379.5,469.8999938964844,1506.300048828125,1285.0,2718.800048828125,100.55999755859376,755.0499877929688,1427.800048828125,6843.5,296.1000061035156,24235.0,136.5399932861328,891.6500244140625,1126.5,289.75,305.1000061035156,1343.9000244140625,249.6499938964844,151.4199981689453,149.52000427246094,635.4500122070312,1777.300048828125,979.4000244140624,23020.0,872.0999755859375,2935.0,12076.0,481.5,2438.0,1757.199951171875,3745.10009765625,39.560001373291016,260.04998779296875,389.8999938964844,1014.7999877929688,3976.60009765625,378.75,191.8600006103516,509.2000122070313,2358.89990234375,1384.0,2517.300048828125,3951.39990234375,296.20001220703125,4220.2001953125,1305.800048828125,3295.800048828125,3363.800048828125,10745.0,164.1999969482422,1218.800048828125,1031.5999755859375,567.9500122070312,384.1000061035156,654.7999877929688,1272.800048828125,3109.800048828125,187.63999938964844,17.25,871.2000122070312
2026-04-01,953.0499877929688,6063.0,302.8999938964844,956.5999755859376,1842.5,851.9500122070312,1385.4000244140625,5244.5,6579.5,420.3500061035156,240.6000061035156,1934.800048828125,7305.5,149.11000061035156,2225.800048828125,1570.300048828125,874.9000244140625,1342.0999755859375,1193.0999755859375,8895.5,1647.0,8907.0,817.2999877929688,147.6699981689453,252.02999877929688,141.6999969482422,1203.9000244140625,418.7000122070313,1668.4000244140625,1781.9000244140625,251.83999633789065,365.2000122070313,1556.300048828125,30635.0,281.25,5474.0,2867.60009765625,655.3499755859375,127.3000030517578,1182.800048828125,680.2999877929688,1373.5999755859375,1195.9000244140625,449.3999938964844,1153.9000244140625,1819.699951171875,444.5499877929688,232.58999633789065,4609.10009765625,414.9500122070313,1806.0,431.3999938964844,5906.5,10254.0,509.75,4271.10009765625,1209.5999755859375,6825.5,236.5200042724609,299.8500061035156,267.6000061035156,795.0,140.6699981689453,2101.10009765625,89.29000091552734,997.5499877929688,1508.0999755859375,2592.800048828125,3670.800048828125,1185.9000244140625,1354.4000244140625,2340.5,742.25,572.9500122070312,5122.0,904.5999755859376,335.54998779296875,2064.699951171875,524.4500122070312,168.02999877929688,1212.699951171875,1694.9000244140625,513.3499755859375,8.640000343322754,60.18000030517578,119.9499969482422,585.2000122070312,888.0,4180.7998046875,785.6500244140625,423.25,1275.699951171875,80.52999877929688,135.72000122070312,113.76000213623048,91.98999786376952,291.70001220703125,1137.4000244140625,231.92999267578125,484.1499938964844,1140.4000244140625,443.7000122070313,387.1000061035156,3539.89990234375,4134.7998046875,903.0,356.04998779296875,674.2999877929688,1038.800048828125,515.5499877929688,746.0,685.3499755859375,3607.5,244.63999938964844,4107.0,2274.89990234375,3031.5,255.3999938964844,2001.300048828125,744.5,12509.0,958.9000244140624,2318.199951171875,2469.699951171875,1477.4000244140625,107.62000274658205,2136.60009765625,3256.0,399.4500122070313,985.25,82.79000091552734,1180.800048828125,75.38999938964844,78.16999816894531,364.6499938964844,1138.9000244140625,239.97000122070312,1474.5,6883.0,473.3999938964844,288.04998779296875,32620.0,470.1000061035156,997.0999755859376,5049.10009765625,257.8800048828125,397.7000122070313,480.8999938964844,1517.5999755859375,1307.0,2844.89990234375,104.0,780.0499877929688,1433.0999755859375,6925.0,292.79998779296875,25065.0,142.50999450683594,937.7000122070312,1144.9000244140625,301.6499938964844,322.1000061035156,1369.199951171875,262.6099853515625,155.82000732421875,146.66000366210938,637.1500244140625,1790.5,1017.7999877929688,23265.0,900.5499877929688,3017.0,12807.0,497.25,2555.199951171875,1728.5,3658.39990234375,41.119998931884766,265.29998779296875,396.3999938964844,1023.7999877929688,4127.10009765625,380.2000122070313,194.6000061035156,531.0499877929688,2408.199951171875,1404.5,2572.699951171875,4065.5,302.95001220703125,4111.2998046875,1337.0999755859375,3526.5,3425.800048828125,10714.0,171.63999938964844,1249.300048828125,1043.4000244140625,594.5,401.7999877929688,677.2000122070312,1249.699951171875,3089.199951171875,191.17999267578125,17.90999984741211,863.2000122070312
2026-04-02,933.8499755859376,6142.0,298.25,941.5999755859376,1834.199951171875,856.0,1377.5999755859375,5258.0,6281.5,418.4500122070313,240.8500061035156,1899.199951171875,7317.5,148.44000244140625,2169.0,1553.5,868.25,1333.699951171875,1197.9000244140625,8758.5,1640.699951171875,8992.5,826.8499755859375,146.33999633789062,249.55999755859372,139.16000366210938,1185.5999755859375,421.6000061035156,1642.5999755859375,1789.699951171875,248.1100006103516,352.54998779296875,1528.300048828125,32135.0,278.1499938964844,5442.0,2851.39990234375,660.9000244140625,127.04000091552734,1186.300048828125,680.0499877929688,1356.300048828125,1192.4000244140625,449.3500061035156,1213.4000244140625,1829.5,439.25,231.91000366210935,4646.5,417.25,1794.300048828125,426.25,5856.5,9920.5,522.25,4362.39990234375,1217.300048828125,6649.5,231.72000122070312,299.25,265.54998779296875,788.75,141.72999572753906,2091.800048828125,88.87000274658203,994.7999877929688,1508.300048828125,2564.10009765625,3687.0,1180.5999755859375,1402.199951171875,2348.60009765625,750.9000244140625,566.0999755859375,5011.5,916.25,326.0,2065.300048828125,515.75,167.97999572753906,1215.800048828125,1689.0999755859375,503.3999938964844,8.579999923706055,60.220001220703125,119.41999816894533,582.75,869.4000244140625,4193.5,778.7000122070312,424.8500061035156,1300.800048828125,79.55000305175781,134.1300048828125,114.94000244140624,91.83999633789062,292.8500061035156,1137.9000244140625,229.47999572753903,491.1000061035156,1141.300048828125,446.5499877929688,394.3500061035156,3538.0,4048.10009765625,904.1500244140624,358.0,696.7999877929688,1042.9000244140625,517.4000244140625,734.8499755859375,696.0499877929688,3613.10009765625,240.3500061035156,4303.89990234375,2274.5,3011.699951171875,255.8000030517578,1998.5,761.3499755859375,12631.0,944.5999755859376,2264.60009765625,2443.0,1464.199951171875,106.80999755859376,2209.89990234375,3178.800048828125,401.7999877929688,993.7999877929688,83.08999633789062,1191.300048828125,75.33000183105469,78.08000183105469,359.6499938964844,1142.5999755859375,245.97999572753903,1506.9000244140625,6992.5,480.1499938964844,287.20001220703125,33945.0,466.9500122070313,1006.0,5227.7001953125,254.69000244140625,402.25,454.4500122070313,1525.199951171875,1273.5999755859375,2797.199951171875,104.4800033569336,784.4000244140625,1426.9000244140625,6878.0,289.95001220703125,25325.0,142.17999267578125,917.3499755859376,1152.0,301.0,324.79998779296875,1350.5,260.6600036621094,155.16000366210938,146.9499969482422,638.2000122070312,1774.0,1018.4000244140624,23125.0,891.5999755859375,3026.60009765625,13109.0,496.5499877929688,2416.10009765625,1693.5999755859375,3642.10009765625,40.77999877929688,275.3500061035156,391.1000061035156,1042.0,4241.2998046875,385.0,194.13999938964844,541.0999755859375,2450.699951171875,1441.5,2567.300048828125,4097.2001953125,303.29998779296875,3987.199951171875,1332.199951171875,3550.60009765625,3391.39990234375,10620.0,171.99000549316406,1221.199951171875,1025.4000244140625,593.0,403.7000122070313,687.6500244140625,1235.4000244140625,3070.699951171875,194.91000366210935,17.8700008392334,864.25
2026-04-06,929.4500122070312,6193.5,311.29998779296875,991.3499755859375,1902.199951171875,921.0999755859375,1387.0999755859375,5236.5,6405.0,430.04998779296875,246.0500030517578,1915.0,7373.0,150.91000366210938,2184.300048828125,1522.800048828125,883.5499877929688,1340.4000244140625,1245.300048828125,8942.5,1672.300048828125,9131.0,850.8499755859375,152.5800018310547,259.760009765625,143.0500030517578,1224.5999755859375,427.1499938964844,1670.5999755859375,1792.800048828125,245.63999938964844,355.0,1565.4000244140625,33460.0,278.70001220703125,5535.0,2982.300048828125,668.0999755859375,130.50999450683594,1205.300048828125,687.2999877929688,1393.199951171875,1200.9000244140625,459.54998779296875,1220.199951171875,1829.699951171875,450.45001220703125,235.17999267578125,4698.2998046875,413.70001220703125,1875.4000244140625,435.8999938964844,5821.0,10008.0,529.2000122070312,4551.2998046875,1217.800048828125,6596.0,232.1999969482422,298.79998779296875,271.5,808.1500244140625,143.13999938964844,2104.800048828125,91.19999694824219,1001.9500122070312,1584.699951171875,2614.39990234375,3752.10009765625,1206.5999755859375,1403.300048828125,2386.60009765625,771.0,580.4000244140625,5103.5,927.4500122070312,328.04998779296875,2084.800048828125,526.0499877929688,169.52000427246094,1231.4000244140625,1713.0,513.0999755859375,8.760000228881836,61.08000183105469,126.16000366210938,595.4000244140625,899.8499755859375,4312.5,786.2000122070312,425.5,1306.199951171875,80.94999694824219,134.0500030517578,115.58000183105469,92.72000122070312,294.8500061035156,1134.0,235.30999755859375,496.70001220703125,1133.5999755859375,461.1000061035156,420.3500061035156,3706.5,4123.10009765625,919.75,360.54998779296875,694.8499755859375,1058.199951171875,517.5499877929688,744.9500122070312,710.25,3727.699951171875,255.4499969482422,4307.39990234375,2279.89990234375,3021.60009765625,260.0,2017.699951171875,750.5499877929688,12688.0,931.5999755859375,2313.699951171875,2549.0,1498.800048828125,108.26000213623047,2235.199951171875,3289.800048828125,407.8500061035156,994.2999877929688,84.33999633789062,1216.0,76.16000366210938,81.4000015258789,366.1000061035156,1174.4000244140625,252.52000427246094,1519.9000244140625,7017.0,472.20001220703125,281.8500061035156,34750.0,471.70001220703125,1029.0999755859375,5309.39990234375,254.52000427246094,405.8999938964844,451.6499938964844,1554.699951171875,1291.199951171875,2837.699951171875,106.5,817.3499755859375,1470.0,7047.0,295.1499938964844,25015.0,141.5399932861328,925.9500122070312,1183.199951171875,318.1499938964844,327.54998779296875,1304.699951171875,261.54998779296875,160.44000244140625,147.39999389648438,635.0999755859375,1836.800048828125,1032.75,23695.0,928.0,3048.0,13303.0,509.3999938964844,2433.800048828125,1694.5999755859375,3672.199951171875,41.59000015258789,271.79998779296875,399.3999938964844,1055.199951171875,4272.2998046875,383.8500061035156,196.10000610351562,543.2999877929688,2473.89990234375,1449.5,2582.89990234375,4246.10009765625,307.3999938964844,4011.60009765625,1379.0999755859375,3833.60009765625,3487.800048828125,10955.0,174.1199951171875,1236.300048828125,1048.4000244140625,607.75,401.0,690.0,1252.0,3084.699951171875,197.2899932861328,18.149999618530273,866.2999877929688
